country,indicator,year,value,unit,source
AND,GDP growth,2027,1.84,%,IMF (WEO)
AND,GDP growth,2028,1.7,%,IMF (WEO)
AND,GDP growth,2029,1.6,%,IMF (WEO)
AND,GDP growth,2030,1.5,%,IMF (WEO)
AND,GDP growth,2031,1.5,%,IMF (WEO)
AND,Inflation,2027,2.257,%,IMF (WEO)
AND,Inflation,2028,2.0,%,IMF (WEO)
AND,Inflation,2029,2.0,%,IMF (WEO)
AND,Inflation,2030,2.0,%,IMF (WEO)
AND,Inflation,2031,2.0,%,IMF (WEO)
AND,Fiscal balance,2027,1.86,% GDP,IMF (WEO)
AND,Fiscal balance,2028,1.876,% GDP,IMF (WEO)
AND,Fiscal balance,2029,1.892,% GDP,IMF (WEO)
AND,Fiscal balance,2030,1.881,% GDP,IMF (WEO)
AND,Fiscal balance,2031,1.75,% GDP,IMF (WEO)
AND,Fiscal balance,2027,2.534,% GDP,IMF (WEO)
AND,Fiscal balance,2028,2.534,% GDP,IMF (WEO)
AND,Fiscal balance,2029,2.534,% GDP,IMF (WEO)
AND,Fiscal balance,2030,2.534,% GDP,IMF (WEO)
AND,Fiscal balance,2031,2.534,% GDP,IMF (WEO)
AND,Gen gov debt,2027,26.947,% GDP,IMF (WEO)
AND,Gen gov debt,2028,26.307,% GDP,IMF (WEO)
AND,Gen gov debt,2029,25.681,% GDP,IMF (WEO)
AND,Gen gov debt,2030,25.092,% GDP,IMF (WEO)
AND,Gen gov debt,2031,24.503,% GDP,IMF (WEO)
AUS,GDP growth,2027,1.698,%,IMF (WEO)
AUS,GDP growth,2028,1.855,%,IMF (WEO)
AUS,GDP growth,2029,2.057,%,IMF (WEO)
AUS,GDP growth,2030,2.259,%,IMF (WEO)
AUS,GDP growth,2031,2.325,%,IMF (WEO)
AUS,Inflation,2027,3.154,%,IMF (WEO)
AUS,Inflation,2028,2.584,%,IMF (WEO)
AUS,Inflation,2029,2.526,%,IMF (WEO)
AUS,Inflation,2030,2.498,%,IMF (WEO)
AUS,Inflation,2031,2.429,%,IMF (WEO)
AUS,Fiscal balance,2027,-2.052,% GDP,IMF (WEO)
AUS,Fiscal balance,2028,-1.883,% GDP,IMF (WEO)
AUS,Fiscal balance,2029,-1.657,% GDP,IMF (WEO)
AUS,Fiscal balance,2030,-1.482,% GDP,IMF (WEO)
AUS,Fiscal balance,2031,-1.448,% GDP,IMF (WEO)
AUS,Fiscal balance,2027,-1.038,% GDP,IMF (WEO)
AUS,Fiscal balance,2028,-0.935,% GDP,IMF (WEO)
AUS,Fiscal balance,2029,-0.713,% GDP,IMF (WEO)
AUS,Fiscal balance,2030,-0.55,% GDP,IMF (WEO)
AUS,Fiscal balance,2031,-0.53,% GDP,IMF (WEO)
AUS,Gen gov debt,2027,50.657,% GDP,IMF (WEO)
AUS,Gen gov debt,2028,50.541,% GDP,IMF (WEO)
AUS,Gen gov debt,2029,50.206,% GDP,IMF (WEO)
AUS,Gen gov debt,2030,49.676,% GDP,IMF (WEO)
AUS,Gen gov debt,2031,49.124,% GDP,IMF (WEO)
AUT,GDP growth,2027,1.004,%,IMF (WEO)
AUT,GDP growth,2028,1.319,%,IMF (WEO)
AUT,GDP growth,2029,1.079,%,IMF (WEO)
AUT,GDP growth,2030,0.83,%,IMF (WEO)
AUT,GDP growth,2031,0.785,%,IMF (WEO)
AUT,Inflation,2027,2.561,%,IMF (WEO)
AUT,Inflation,2028,2.095,%,IMF (WEO)
AUT,Inflation,2029,2.093,%,IMF (WEO)
AUT,Inflation,2030,2.093,%,IMF (WEO)
AUT,Inflation,2031,2.093,%,IMF (WEO)
AUT,Fiscal balance,2027,-3.776,% GDP,IMF (WEO)
AUT,Fiscal balance,2028,-3.848,% GDP,IMF (WEO)
AUT,Fiscal balance,2029,-3.694,% GDP,IMF (WEO)
AUT,Fiscal balance,2030,-3.644,% GDP,IMF (WEO)
AUT,Fiscal balance,2031,-3.644,% GDP,IMF (WEO)
AUT,Fiscal balance,2027,-2.221,% GDP,IMF (WEO)
AUT,Fiscal balance,2028,-2.161,% GDP,IMF (WEO)
AUT,Fiscal balance,2029,-1.917,% GDP,IMF (WEO)
AUT,Fiscal balance,2030,-1.892,% GDP,IMF (WEO)
AUT,Fiscal balance,2031,-1.902,% GDP,IMF (WEO)
AUT,Gen gov debt,2027,82.651,% GDP,IMF (WEO)
AUT,Gen gov debt,2028,83.42,% GDP,IMF (WEO)
AUT,Gen gov debt,2029,84.192,% GDP,IMF (WEO)
AUT,Gen gov debt,2030,85.212,% GDP,IMF (WEO)
AUT,Gen gov debt,2031,86.424,% GDP,IMF (WEO)
BEL,GDP growth,2027,1.059,%,IMF (WEO)
BEL,GDP growth,2028,1.144,%,IMF (WEO)
BEL,GDP growth,2029,1.247,%,IMF (WEO)
BEL,GDP growth,2030,1.311,%,IMF (WEO)
BEL,GDP growth,2031,1.261,%,IMF (WEO)
BEL,Inflation,2027,2.23,%,IMF (WEO)
BEL,Inflation,2028,2.083,%,IMF (WEO)
BEL,Inflation,2029,1.963,%,IMF (WEO)
BEL,Inflation,2030,1.829,%,IMF (WEO)
BEL,Inflation,2031,1.814,%,IMF (WEO)
BEL,Fiscal balance,2027,-5.191,% GDP,IMF (WEO)
BEL,Fiscal balance,2028,-5.316,% GDP,IMF (WEO)
BEL,Fiscal balance,2029,-5.41,% GDP,IMF (WEO)
BEL,Fiscal balance,2030,-5.662,% GDP,IMF (WEO)
BEL,Fiscal balance,2031,-5.78,% GDP,IMF (WEO)
BEL,Fiscal balance,2027,-3.122,% GDP,IMF (WEO)
BEL,Fiscal balance,2028,-3.1,% GDP,IMF (WEO)
BEL,Fiscal balance,2029,-2.873,% GDP,IMF (WEO)
BEL,Fiscal balance,2030,-2.9,% GDP,IMF (WEO)
BEL,Fiscal balance,2031,-3.134,% GDP,IMF (WEO)
BEL,Gen gov debt,2027,111.515,% GDP,IMF (WEO)
BEL,Gen gov debt,2028,114.215,% GDP,IMF (WEO)
BEL,Gen gov debt,2029,116.643,% GDP,IMF (WEO)
BEL,Gen gov debt,2030,119.491,% GDP,IMF (WEO)
BEL,Gen gov debt,2031,122.339,% GDP,IMF (WEO)
CAN,GDP growth,2027,1.896,%,IMF (WEO)
CAN,GDP growth,2028,1.655,%,IMF (WEO)
CAN,GDP growth,2029,1.728,%,IMF (WEO)
CAN,GDP growth,2030,1.665,%,IMF (WEO)
CAN,GDP growth,2031,1.754,%,IMF (WEO)
CAN,Inflation,2027,2.095,%,IMF (WEO)
CAN,Inflation,2028,1.993,%,IMF (WEO)
CAN,Inflation,2029,2.032,%,IMF (WEO)
CAN,Inflation,2030,2.007,%,IMF (WEO)
CAN,Inflation,2031,1.954,%,IMF (WEO)
CAN,Fiscal balance,2027,-2.489,% GDP,IMF (WEO)
CAN,Fiscal balance,2028,-2.211,% GDP,IMF (WEO)
CAN,Fiscal balance,2029,-1.985,% GDP,IMF (WEO)
CAN,Fiscal balance,2030,-1.731,% GDP,IMF (WEO)
CAN,Fiscal balance,2031,-1.524,% GDP,IMF (WEO)
CAN,Fiscal balance,2027,-2.012,% GDP,IMF (WEO)
CAN,Fiscal balance,2028,-1.568,% GDP,IMF (WEO)
CAN,Fiscal balance,2029,-1.277,% GDP,IMF (WEO)
CAN,Fiscal balance,2030,-0.983,% GDP,IMF (WEO)
CAN,Fiscal balance,2031,-0.847,% GDP,IMF (WEO)
CAN,Gen gov debt,2027,109.454,% GDP,IMF (WEO)
CAN,Gen gov debt,2028,108.088,% GDP,IMF (WEO)
CAN,Gen gov debt,2029,106.685,% GDP,IMF (WEO)
CAN,Gen gov debt,2030,105.167,% GDP,IMF (WEO)
CAN,Gen gov debt,2031,103.525,% GDP,IMF (WEO)
HRV,GDP growth,2027,2.638,%,IMF (WEO)
HRV,GDP growth,2028,2.6,%,IMF (WEO)
HRV,GDP growth,2029,2.5,%,IMF (WEO)
HRV,GDP growth,2030,2.5,%,IMF (WEO)
HRV,GDP growth,2031,2.5,%,IMF (WEO)
HRV,Inflation,2027,2.732,%,IMF (WEO)
HRV,Inflation,2028,2.502,%,IMF (WEO)
HRV,Inflation,2029,2.532,%,IMF (WEO)
HRV,Inflation,2030,2.523,%,IMF (WEO)
HRV,Inflation,2031,2.48,%,IMF (WEO)
HRV,Fiscal balance,2027,-2.856,% GDP,IMF (WEO)
HRV,Fiscal balance,2028,-2.769,% GDP,IMF (WEO)
HRV,Fiscal balance,2029,-2.62,% GDP,IMF (WEO)
HRV,Fiscal balance,2030,-2.465,% GDP,IMF (WEO)
HRV,Fiscal balance,2031,-2.442,% GDP,IMF (WEO)
HRV,Fiscal balance,2027,-1.805,% GDP,IMF (WEO)
HRV,Fiscal balance,2028,-1.765,% GDP,IMF (WEO)
HRV,Fiscal balance,2029,-1.641,% GDP,IMF (WEO)
HRV,Fiscal balance,2030,-1.493,% GDP,IMF (WEO)
HRV,Fiscal balance,2031,-1.464,% GDP,IMF (WEO)
HRV,Gen gov debt,2027,56.936,% GDP,IMF (WEO)
HRV,Gen gov debt,2028,57.576,% GDP,IMF (WEO)
HRV,Gen gov debt,2029,58.095,% GDP,IMF (WEO)
HRV,Gen gov debt,2030,58.404,% GDP,IMF (WEO)
HRV,Gen gov debt,2031,58.68,% GDP,IMF (WEO)
CYP,GDP growth,2027,2.985,%,IMF (WEO)
CYP,GDP growth,2028,3.01,%,IMF (WEO)
CYP,GDP growth,2029,3.001,%,IMF (WEO)
CYP,GDP growth,2030,2.992,%,IMF (WEO)
CYP,GDP growth,2031,3.0,%,IMF (WEO)
CYP,Inflation,2027,1.623,%,IMF (WEO)
CYP,Inflation,2028,2.0,%,IMF (WEO)
CYP,Inflation,2029,2.0,%,IMF (WEO)
CYP,Inflation,2030,2.0,%,IMF (WEO)
CYP,Inflation,2031,2.0,%,IMF (WEO)
CYP,Fiscal balance,2027,2.5,% GDP,IMF (WEO)
CYP,Fiscal balance,2028,2.406,% GDP,IMF (WEO)
CYP,Fiscal balance,2029,2.21,% GDP,IMF (WEO)
CYP,Fiscal balance,2030,1.811,% GDP,IMF (WEO)
CYP,Fiscal balance,2031,1.611,% GDP,IMF (WEO)
CYP,Fiscal balance,2027,3.624,% GDP,IMF (WEO)
CYP,Fiscal balance,2028,3.467,% GDP,IMF (WEO)
CYP,Fiscal balance,2029,3.226,% GDP,IMF (WEO)
CYP,Fiscal balance,2030,2.86,% GDP,IMF (WEO)
CYP,Fiscal balance,2031,2.6,% GDP,IMF (WEO)
CYP,Gen gov debt,2027,46.556,% GDP,IMF (WEO)
CYP,Gen gov debt,2028,42.434,% GDP,IMF (WEO)
CYP,Gen gov debt,2029,38.723,% GDP,IMF (WEO)
CYP,Gen gov debt,2030,35.135,% GDP,IMF (WEO)
CYP,Gen gov debt,2031,32.052,% GDP,IMF (WEO)
CZE,GDP growth,2027,2.215,%,IMF (WEO)
CZE,GDP growth,2028,2.091,%,IMF (WEO)
CZE,GDP growth,2029,1.89,%,IMF (WEO)
CZE,GDP growth,2030,1.807,%,IMF (WEO)
CZE,GDP growth,2031,1.808,%,IMF (WEO)
CZE,Inflation,2027,2.224,%,IMF (WEO)
CZE,Inflation,2028,2.468,%,IMF (WEO)
CZE,Inflation,2029,2.0,%,IMF (WEO)
CZE,Inflation,2030,2.0,%,IMF (WEO)
CZE,Inflation,2031,2.0,%,IMF (WEO)
CZE,Fiscal balance,2027,-2.456,% GDP,IMF (WEO)
CZE,Fiscal balance,2028,-2.663,% GDP,IMF (WEO)
CZE,Fiscal balance,2029,-2.877,% GDP,IMF (WEO)
CZE,Fiscal balance,2030,-3.063,% GDP,IMF (WEO)
CZE,Fiscal balance,2031,-3.064,% GDP,IMF (WEO)
CZE,Fiscal balance,2027,-1.785,% GDP,IMF (WEO)
CZE,Fiscal balance,2028,-1.992,% GDP,IMF (WEO)
CZE,Fiscal balance,2029,-2.206,% GDP,IMF (WEO)
CZE,Fiscal balance,2030,-2.393,% GDP,IMF (WEO)
CZE,Fiscal balance,2031,-2.393,% GDP,IMF (WEO)
CZE,Gen gov debt,2027,47.579,% GDP,IMF (WEO)
CZE,Gen gov debt,2028,48.762,% GDP,IMF (WEO)
CZE,Gen gov debt,2029,50.246,% GDP,IMF (WEO)
CZE,Gen gov debt,2030,51.927,% GDP,IMF (WEO)
CZE,Gen gov debt,2031,53.624,% GDP,IMF (WEO)
DNK,GDP growth,2027,1.55,%,IMF (WEO)
DNK,GDP growth,2028,1.55,%,IMF (WEO)
DNK,GDP growth,2029,1.54,%,IMF (WEO)
DNK,GDP growth,2030,1.54,%,IMF (WEO)
DNK,GDP growth,2031,1.45,%,IMF (WEO)
DNK,Inflation,2027,2.2,%,IMF (WEO)
DNK,Inflation,2028,2.223,%,IMF (WEO)
DNK,Inflation,2029,2.0,%,IMF (WEO)
DNK,Inflation,2030,2.0,%,IMF (WEO)
DNK,Inflation,2031,2.0,%,IMF (WEO)
DNK,Fiscal balance,2027,-0.375,% GDP,IMF (WEO)
DNK,Fiscal balance,2028,-0.281,% GDP,IMF (WEO)
DNK,Fiscal balance,2029,-0.515,% GDP,IMF (WEO)
DNK,Fiscal balance,2030,-0.54,% GDP,IMF (WEO)
DNK,Fiscal balance,2031,-0.507,% GDP,IMF (WEO)
DNK,Fiscal balance,2027,-0.975,% GDP,IMF (WEO)
DNK,Fiscal balance,2028,-0.906,% GDP,IMF (WEO)
DNK,Fiscal balance,2029,-1.14,% GDP,IMF (WEO)
DNK,Fiscal balance,2030,-1.165,% GDP,IMF (WEO)
DNK,Fiscal balance,2031,-1.157,% GDP,IMF (WEO)
DNK,Gen gov debt,2027,27.833,% GDP,IMF (WEO)
DNK,Gen gov debt,2028,28.185,% GDP,IMF (WEO)
DNK,Gen gov debt,2029,28.783,% GDP,IMF (WEO)
DNK,Gen gov debt,2030,29.351,% GDP,IMF (WEO)
DNK,Gen gov debt,2031,29.836,% GDP,IMF (WEO)
EST,GDP growth,2027,1.933,%,IMF (WEO)
EST,GDP growth,2028,2.333,%,IMF (WEO)
EST,GDP growth,2029,2.073,%,IMF (WEO)
EST,GDP growth,2030,1.702,%,IMF (WEO)
EST,GDP growth,2031,1.667,%,IMF (WEO)
EST,Inflation,2027,3.035,%,IMF (WEO)
EST,Inflation,2028,2.8,%,IMF (WEO)
EST,Inflation,2029,2.349,%,IMF (WEO)
EST,Inflation,2030,2.349,%,IMF (WEO)
EST,Inflation,2031,2.349,%,IMF (WEO)
EST,Fiscal balance,2027,-4.547,% GDP,IMF (WEO)
EST,Fiscal balance,2028,-4.227,% GDP,IMF (WEO)
EST,Fiscal balance,2029,-3.598,% GDP,IMF (WEO)
EST,Fiscal balance,2030,-3.615,% GDP,IMF (WEO)
EST,Fiscal balance,2031,-3.583,% GDP,IMF (WEO)
EST,Fiscal balance,2027,-4.139,% GDP,IMF (WEO)
EST,Fiscal balance,2028,-3.687,% GDP,IMF (WEO)
EST,Fiscal balance,2029,-2.94,% GDP,IMF (WEO)
EST,Fiscal balance,2030,-2.959,% GDP,IMF (WEO)
EST,Fiscal balance,2031,-2.884,% GDP,IMF (WEO)
EST,Gen gov debt,2027,31.344,% GDP,IMF (WEO)
EST,Gen gov debt,2028,34.247,% GDP,IMF (WEO)
EST,Gen gov debt,2029,36.589,% GDP,IMF (WEO)
EST,Gen gov debt,2030,38.963,% GDP,IMF (WEO)
EST,Gen gov debt,2031,41.211,% GDP,IMF (WEO)
FIN,GDP growth,2027,1.506,%,IMF (WEO)
FIN,GDP growth,2028,1.38,%,IMF (WEO)
FIN,GDP growth,2029,1.397,%,IMF (WEO)
FIN,GDP growth,2030,1.189,%,IMF (WEO)
FIN,GDP growth,2031,1.173,%,IMF (WEO)
FIN,Inflation,2027,2.204,%,IMF (WEO)
FIN,Inflation,2028,2.0,%,IMF (WEO)
FIN,Inflation,2029,2.0,%,IMF (WEO)
FIN,Inflation,2030,2.0,%,IMF (WEO)
FIN,Inflation,2031,2.0,%,IMF (WEO)
FIN,Fiscal balance,2027,-4.25,% GDP,IMF (WEO)
FIN,Fiscal balance,2028,-4.05,% GDP,IMF (WEO)
FIN,Fiscal balance,2029,-3.828,% GDP,IMF (WEO)
FIN,Fiscal balance,2030,-3.678,% GDP,IMF (WEO)
FIN,Fiscal balance,2031,-3.71,% GDP,IMF (WEO)
FIN,Fiscal balance,2027,-3.129,% GDP,IMF (WEO)
FIN,Fiscal balance,2028,-2.716,% GDP,IMF (WEO)
FIN,Fiscal balance,2029,-2.413,% GDP,IMF (WEO)
FIN,Fiscal balance,2030,-2.22,% GDP,IMF (WEO)
FIN,Fiscal balance,2031,-2.212,% GDP,IMF (WEO)
FIN,Gen gov debt,2027,94.193,% GDP,IMF (WEO)
FIN,Gen gov debt,2028,96.169,% GDP,IMF (WEO)
FIN,Gen gov debt,2029,97.874,% GDP,IMF (WEO)
FIN,Gen gov debt,2030,99.301,% GDP,IMF (WEO)
FIN,Gen gov debt,2031,100.789,% GDP,IMF (WEO)
FRA,GDP growth,2027,0.876,%,IMF (WEO)
FRA,GDP growth,2028,1.217,%,IMF (WEO)
FRA,GDP growth,2029,1.16,%,IMF (WEO)
FRA,GDP growth,2030,1.106,%,IMF (WEO)
FRA,GDP growth,2031,1.058,%,IMF (WEO)
FRA,Inflation,2027,1.721,%,IMF (WEO)
FRA,Inflation,2028,1.855,%,IMF (WEO)
FRA,Inflation,2029,1.871,%,IMF (WEO)
FRA,Inflation,2030,1.91,%,IMF (WEO)
FRA,Inflation,2031,1.814,%,IMF (WEO)
FRA,Fiscal balance,2027,-4.789,% GDP,IMF (WEO)
FRA,Fiscal balance,2028,-4.26,% GDP,IMF (WEO)
FRA,Fiscal balance,2029,-3.809,% GDP,IMF (WEO)
FRA,Fiscal balance,2030,-3.356,% GDP,IMF (WEO)
FRA,Fiscal balance,2031,-2.895,% GDP,IMF (WEO)
FRA,Fiscal balance,2027,-2.308,% GDP,IMF (WEO)
FRA,Fiscal balance,2028,-1.576,% GDP,IMF (WEO)
FRA,Fiscal balance,2029,-0.998,% GDP,IMF (WEO)
FRA,Fiscal balance,2030,-0.313,% GDP,IMF (WEO)
FRA,Fiscal balance,2031,0.388,% GDP,IMF (WEO)
FRA,Gen gov debt,2027,120.476,% GDP,IMF (WEO)
FRA,Gen gov debt,2028,121.113,% GDP,IMF (WEO)
FRA,Gen gov debt,2029,121.342,% GDP,IMF (WEO)
FRA,Gen gov debt,2030,121.18,% GDP,IMF (WEO)
FRA,Gen gov debt,2031,120.736,% GDP,IMF (WEO)
DEU,GDP growth,2027,1.183,%,IMF (WEO)
DEU,GDP growth,2028,1.196,%,IMF (WEO)
DEU,GDP growth,2029,0.944,%,IMF (WEO)
DEU,GDP growth,2030,0.655,%,IMF (WEO)
DEU,GDP growth,2031,0.623,%,IMF (WEO)
DEU,Inflation,2027,2.295,%,IMF (WEO)
DEU,Inflation,2028,1.965,%,IMF (WEO)
DEU,Inflation,2029,2.157,%,IMF (WEO)
DEU,Inflation,2030,2.187,%,IMF (WEO)
DEU,Inflation,2031,2.097,%,IMF (WEO)
DEU,Fiscal balance,2027,-4.229,% GDP,IMF (WEO)
DEU,Fiscal balance,2028,-4.061,% GDP,IMF (WEO)
DEU,Fiscal balance,2029,-3.898,% GDP,IMF (WEO)
DEU,Fiscal balance,2030,-3.834,% GDP,IMF (WEO)
DEU,Fiscal balance,2031,-3.66,% GDP,IMF (WEO)
DEU,Fiscal balance,2027,-3.152,% GDP,IMF (WEO)
DEU,Fiscal balance,2028,-2.849,% GDP,IMF (WEO)
DEU,Fiscal balance,2029,-2.555,% GDP,IMF (WEO)
DEU,Fiscal balance,2030,-2.351,% GDP,IMF (WEO)
DEU,Fiscal balance,2031,-2.144,% GDP,IMF (WEO)
DEU,Gen gov debt,2027,66.527,% GDP,IMF (WEO)
DEU,Gen gov debt,2028,68.393,% GDP,IMF (WEO)
DEU,Gen gov debt,2029,70.157,% GDP,IMF (WEO)
DEU,Gen gov debt,2030,71.991,% GDP,IMF (WEO)
DEU,Gen gov debt,2031,73.671,% GDP,IMF (WEO)
GRC,GDP growth,2027,1.66,%,IMF (WEO)
GRC,GDP growth,2028,1.597,%,IMF (WEO)
GRC,GDP growth,2029,1.602,%,IMF (WEO)
GRC,GDP growth,2030,1.601,%,IMF (WEO)
GRC,GDP growth,2031,1.599,%,IMF (WEO)
GRC,Inflation,2027,2.723,%,IMF (WEO)
GRC,Inflation,2028,2.465,%,IMF (WEO)
GRC,Inflation,2029,2.1,%,IMF (WEO)
GRC,Inflation,2030,2.1,%,IMF (WEO)
GRC,Inflation,2031,2.1,%,IMF (WEO)
GRC,Fiscal balance,2027,-0.176,% GDP,IMF (WEO)
GRC,Fiscal balance,2028,-0.204,% GDP,IMF (WEO)
GRC,Fiscal balance,2029,-0.472,% GDP,IMF (WEO)
GRC,Fiscal balance,2030,-0.586,% GDP,IMF (WEO)
GRC,Fiscal balance,2031,-0.696,% GDP,IMF (WEO)
GRC,Fiscal balance,2027,3.103,% GDP,IMF (WEO)
GRC,Fiscal balance,2028,3.074,% GDP,IMF (WEO)
GRC,Fiscal balance,2029,2.906,% GDP,IMF (WEO)
GRC,Fiscal balance,2030,2.793,% GDP,IMF (WEO)
GRC,Fiscal balance,2031,2.683,% GDP,IMF (WEO)
GRC,Gen gov debt,2027,130.309,% GDP,IMF (WEO)
GRC,Gen gov debt,2028,125.182,% GDP,IMF (WEO)
GRC,Gen gov debt,2029,120.377,% GDP,IMF (WEO)
GRC,Gen gov debt,2030,115.502,% GDP,IMF (WEO)
GRC,Gen gov debt,2031,110.935,% GDP,IMF (WEO)
HKG,GDP growth,2027,2.353,%,IMF (WEO)
HKG,GDP growth,2028,2.308,%,IMF (WEO)
HKG,GDP growth,2029,2.278,%,IMF (WEO)
HKG,GDP growth,2030,2.19,%,IMF (WEO)
HKG,GDP growth,2031,2.17,%,IMF (WEO)
HKG,Inflation,2027,1.8,%,IMF (WEO)
HKG,Inflation,2028,2.1,%,IMF (WEO)
HKG,Inflation,2029,2.2,%,IMF (WEO)
HKG,Inflation,2030,2.38,%,IMF (WEO)
HKG,Inflation,2031,2.48,%,IMF (WEO)
HKG,Fiscal balance,2027,-3.251,% GDP,IMF (WEO)
HKG,Fiscal balance,2028,-1.341,% GDP,IMF (WEO)
HKG,Fiscal balance,2029,-0.761,% GDP,IMF (WEO)
HKG,Fiscal balance,2030,-0.752,% GDP,IMF (WEO)
HKG,Fiscal balance,2031,-0.752,% GDP,IMF (WEO)
HKG,Fiscal balance,2027,-3.651,% GDP,IMF (WEO)
HKG,Fiscal balance,2028,-1.5,% GDP,IMF (WEO)
HKG,Fiscal balance,2029,-0.879,% GDP,IMF (WEO)
HKG,Fiscal balance,2030,-0.792,% GDP,IMF (WEO)
HKG,Fiscal balance,2031,-0.775,% GDP,IMF (WEO)
HKG,Gen gov debt,2027,15.643,% GDP,IMF (WEO)
HKG,Gen gov debt,2028,17.453,% GDP,IMF (WEO)
HKG,Gen gov debt,2029,18.362,% GDP,IMF (WEO)
HKG,Gen gov debt,2030,19.159,% GDP,IMF (WEO)
HKG,Gen gov debt,2031,19.825,% GDP,IMF (WEO)
ISL,GDP growth,2027,2.101,%,IMF (WEO)
ISL,GDP growth,2028,2.379,%,IMF (WEO)
ISL,GDP growth,2029,2.413,%,IMF (WEO)
ISL,GDP growth,2030,2.401,%,IMF (WEO)
ISL,GDP growth,2031,2.375,%,IMF (WEO)
ISL,Inflation,2027,2.817,%,IMF (WEO)
ISL,Inflation,2028,2.513,%,IMF (WEO)
ISL,Inflation,2029,2.5,%,IMF (WEO)
ISL,Inflation,2030,2.5,%,IMF (WEO)
ISL,Inflation,2031,2.5,%,IMF (WEO)
ISL,Fiscal balance,2027,-0.49,% GDP,IMF (WEO)
ISL,Fiscal balance,2028,-0.243,% GDP,IMF (WEO)
ISL,Fiscal balance,2029,-0.124,% GDP,IMF (WEO)
ISL,Fiscal balance,2030,-0.084,% GDP,IMF (WEO)
ISL,Fiscal balance,2031,-0.048,% GDP,IMF (WEO)
ISL,Fiscal balance,2027,1.661,% GDP,IMF (WEO)
ISL,Fiscal balance,2028,1.945,% GDP,IMF (WEO)
ISL,Fiscal balance,2029,2.147,% GDP,IMF (WEO)
ISL,Fiscal balance,2030,2.223,% GDP,IMF (WEO)
ISL,Fiscal balance,2031,2.303,% GDP,IMF (WEO)
ISL,Gen gov debt,2027,51.704,% GDP,IMF (WEO)
ISL,Gen gov debt,2028,49.913,% GDP,IMF (WEO)
ISL,Gen gov debt,2029,47.758,% GDP,IMF (WEO)
ISL,Gen gov debt,2030,45.434,% GDP,IMF (WEO)
ISL,Gen gov debt,2031,42.956,% GDP,IMF (WEO)
IRL,GDP growth,2027,2.351,%,IMF (WEO)
IRL,GDP growth,2028,2.56,%,IMF (WEO)
IRL,GDP growth,2029,2.404,%,IMF (WEO)
IRL,GDP growth,2030,2.31,%,IMF (WEO)
IRL,GDP growth,2031,2.29,%,IMF (WEO)
IRL,Inflation,2027,2.357,%,IMF (WEO)
IRL,Inflation,2028,1.868,%,IMF (WEO)
IRL,Inflation,2029,2.035,%,IMF (WEO)
IRL,Inflation,2030,2.035,%,IMF (WEO)
IRL,Inflation,2031,2.035,%,IMF (WEO)
IRL,Fiscal balance,2027,0.689,% GDP,IMF (WEO)
IRL,Fiscal balance,2028,0.69,% GDP,IMF (WEO)
IRL,Fiscal balance,2029,0.545,% GDP,IMF (WEO)
IRL,Fiscal balance,2030,0.37,% GDP,IMF (WEO)
IRL,Fiscal balance,2031,0.418,% GDP,IMF (WEO)
IRL,Fiscal balance,2027,1.025,% GDP,IMF (WEO)
IRL,Fiscal balance,2028,1.096,% GDP,IMF (WEO)
IRL,Fiscal balance,2029,1.024,% GDP,IMF (WEO)
IRL,Fiscal balance,2030,0.917,% GDP,IMF (WEO)
IRL,Fiscal balance,2031,1.054,% GDP,IMF (WEO)
IRL,Gen gov debt,2027,30.309,% GDP,IMF (WEO)
IRL,Gen gov debt,2028,29.116,% GDP,IMF (WEO)
IRL,Gen gov debt,2029,28.381,% GDP,IMF (WEO)
IRL,Gen gov debt,2030,28.038,% GDP,IMF (WEO)
IRL,Gen gov debt,2031,28.024,% GDP,IMF (WEO)
ISR,GDP growth,2027,4.39,%,IMF (WEO)
ISR,GDP growth,2028,3.742,%,IMF (WEO)
ISR,GDP growth,2029,3.46,%,IMF (WEO)
ISR,GDP growth,2030,3.388,%,IMF (WEO)
ISR,GDP growth,2031,3.385,%,IMF (WEO)
ISR,Inflation,2027,2.055,%,IMF (WEO)
ISR,Inflation,2028,1.972,%,IMF (WEO)
ISR,Inflation,2029,2.018,%,IMF (WEO)
ISR,Inflation,2030,2.018,%,IMF (WEO)
ISR,Inflation,2031,2.018,%,IMF (WEO)
ISR,Fiscal balance,2027,-4.863,% GDP,IMF (WEO)
ISR,Fiscal balance,2028,-5.087,% GDP,IMF (WEO)
ISR,Fiscal balance,2029,-4.849,% GDP,IMF (WEO)
ISR,Fiscal balance,2030,-4.833,% GDP,IMF (WEO)
ISR,Fiscal balance,2031,-4.94,% GDP,IMF (WEO)
ISR,Fiscal balance,2027,-2.236,% GDP,IMF (WEO)
ISR,Fiscal balance,2028,-2.38,% GDP,IMF (WEO)
ISR,Fiscal balance,2029,-2.097,% GDP,IMF (WEO)
ISR,Fiscal balance,2030,-2.041,% GDP,IMF (WEO)
ISR,Fiscal balance,2031,-2.117,% GDP,IMF (WEO)
ISR,Gen gov debt,2027,70.168,% GDP,IMF (WEO)
ISR,Gen gov debt,2028,71.021,% GDP,IMF (WEO)
ISR,Gen gov debt,2029,71.712,% GDP,IMF (WEO)
ISR,Gen gov debt,2030,72.44,% GDP,IMF (WEO)
ISR,Gen gov debt,2031,73.238,% GDP,IMF (WEO)
ITA,GDP growth,2027,0.5,%,IMF (WEO)
ITA,GDP growth,2028,0.835,%,IMF (WEO)
ITA,GDP growth,2029,0.739,%,IMF (WEO)
ITA,GDP growth,2030,0.716,%,IMF (WEO)
ITA,GDP growth,2031,0.7,%,IMF (WEO)
ITA,Inflation,2027,2.357,%,IMF (WEO)
ITA,Inflation,2028,2.3,%,IMF (WEO)
ITA,Inflation,2029,2.0,%,IMF (WEO)
ITA,Inflation,2030,2.0,%,IMF (WEO)
ITA,Inflation,2031,2.0,%,IMF (WEO)
ITA,Fiscal balance,2027,-2.577,% GDP,IMF (WEO)
ITA,Fiscal balance,2028,-2.383,% GDP,IMF (WEO)
ITA,Fiscal balance,2029,-2.515,% GDP,IMF (WEO)
ITA,Fiscal balance,2030,-2.489,% GDP,IMF (WEO)
ITA,Fiscal balance,2031,-2.712,% GDP,IMF (WEO)
ITA,Fiscal balance,2027,1.244,% GDP,IMF (WEO)
ITA,Fiscal balance,2028,1.626,% GDP,IMF (WEO)
ITA,Fiscal balance,2029,1.631,% GDP,IMF (WEO)
ITA,Fiscal balance,2030,1.659,% GDP,IMF (WEO)
ITA,Fiscal balance,2031,1.615,% GDP,IMF (WEO)
ITA,Gen gov debt,2027,138.809,% GDP,IMF (WEO)
ITA,Gen gov debt,2028,137.611,% GDP,IMF (WEO)
ITA,Gen gov debt,2029,137.138,% GDP,IMF (WEO)
ITA,Gen gov debt,2030,136.49,% GDP,IMF (WEO)
ITA,Gen gov debt,2031,136.1,% GDP,IMF (WEO)
JPN,GDP growth,2027,0.623,%,IMF (WEO)
JPN,GDP growth,2028,0.625,%,IMF (WEO)
JPN,GDP growth,2029,0.614,%,IMF (WEO)
JPN,GDP growth,2030,0.614,%,IMF (WEO)
JPN,GDP growth,2031,0.608,%,IMF (WEO)
JPN,Inflation,2027,2.34,%,IMF (WEO)
JPN,Inflation,2028,1.978,%,IMF (WEO)
JPN,Inflation,2029,1.979,%,IMF (WEO)
JPN,Inflation,2030,1.968,%,IMF (WEO)
JPN,Inflation,2031,1.969,%,IMF (WEO)
JPN,Fiscal balance,2027,-2.365,% GDP,IMF (WEO)
JPN,Fiscal balance,2028,-2.945,% GDP,IMF (WEO)
JPN,Fiscal balance,2029,-3.288,% GDP,IMF (WEO)
JPN,Fiscal balance,2030,-3.695,% GDP,IMF (WEO)
JPN,Fiscal balance,2031,-4.039,% GDP,IMF (WEO)
JPN,Fiscal balance,2027,-1.699,% GDP,IMF (WEO)
JPN,Fiscal balance,2028,-1.932,% GDP,IMF (WEO)
JPN,Fiscal balance,2029,-2.033,% GDP,IMF (WEO)
JPN,Fiscal balance,2030,-2.205,% GDP,IMF (WEO)
JPN,Fiscal balance,2031,-2.307,% GDP,IMF (WEO)
JPN,Gen gov debt,2027,200.125,% GDP,IMF (WEO)
JPN,Gen gov debt,2028,197.725,% GDP,IMF (WEO)
JPN,Gen gov debt,2029,195.65,% GDP,IMF (WEO)
JPN,Gen gov debt,2030,193.883,% GDP,IMF (WEO)
JPN,Gen gov debt,2031,192.805,% GDP,IMF (WEO)
KOR,GDP growth,2027,2.124,%,IMF (WEO)
KOR,GDP growth,2028,2.16,%,IMF (WEO)
KOR,GDP growth,2029,1.969,%,IMF (WEO)
KOR,GDP growth,2030,1.883,%,IMF (WEO)
KOR,GDP growth,2031,1.887,%,IMF (WEO)
KOR,Inflation,2027,1.867,%,IMF (WEO)
KOR,Inflation,2028,2.0,%,IMF (WEO)
KOR,Inflation,2029,2.0,%,IMF (WEO)
KOR,Inflation,2030,2.0,%,IMF (WEO)
KOR,Inflation,2031,2.0,%,IMF (WEO)
KOR,Fiscal balance,2027,-1.316,% GDP,IMF (WEO)
KOR,Fiscal balance,2028,-1.276,% GDP,IMF (WEO)
KOR,Fiscal balance,2029,-1.083,% GDP,IMF (WEO)
KOR,Fiscal balance,2030,-1.088,% GDP,IMF (WEO)
KOR,Fiscal balance,2031,-1.079,% GDP,IMF (WEO)
KOR,Fiscal balance,2027,-1.259,% GDP,IMF (WEO)
KOR,Fiscal balance,2028,-1.147,% GDP,IMF (WEO)
KOR,Fiscal balance,2029,-0.923,% GDP,IMF (WEO)
KOR,Fiscal balance,2030,-0.895,% GDP,IMF (WEO)
KOR,Fiscal balance,2031,-0.855,% GDP,IMF (WEO)
KOR,Gen gov debt,2027,56.585,% GDP,IMF (WEO)
KOR,Gen gov debt,2028,58.497,% GDP,IMF (WEO)
KOR,Gen gov debt,2029,60.107,% GDP,IMF (WEO)
KOR,Gen gov debt,2030,61.712,% GDP,IMF (WEO)
KOR,Gen gov debt,2031,63.146,% GDP,IMF (WEO)
LVA,GDP growth,2027,2.373,%,IMF (WEO)
LVA,GDP growth,2028,2.38,%,IMF (WEO)
LVA,GDP growth,2029,2.381,%,IMF (WEO)
LVA,GDP growth,2030,2.368,%,IMF (WEO)
LVA,GDP growth,2031,2.365,%,IMF (WEO)
LVA,Inflation,2027,2.722,%,IMF (WEO)
LVA,Inflation,2028,2.856,%,IMF (WEO)
LVA,Inflation,2029,2.211,%,IMF (WEO)
LVA,Inflation,2030,2.162,%,IMF (WEO)
LVA,Inflation,2031,2.2,%,IMF (WEO)
LVA,Fiscal balance,2027,-3.882,% GDP,IMF (WEO)
LVA,Fiscal balance,2028,-3.728,% GDP,IMF (WEO)
LVA,Fiscal balance,2029,-3.663,% GDP,IMF (WEO)
LVA,Fiscal balance,2030,-3.922,% GDP,IMF (WEO)
LVA,Fiscal balance,2031,-4.015,% GDP,IMF (WEO)
LVA,Fiscal balance,2027,-2.511,% GDP,IMF (WEO)
LVA,Fiscal balance,2028,-2.319,% GDP,IMF (WEO)
LVA,Fiscal balance,2029,-2.184,% GDP,IMF (WEO)
LVA,Fiscal balance,2030,-2.443,% GDP,IMF (WEO)
LVA,Fiscal balance,2031,-2.536,% GDP,IMF (WEO)
LVA,Gen gov debt,2027,48.539,% GDP,IMF (WEO)
LVA,Gen gov debt,2028,49.637,% GDP,IMF (WEO)
LVA,Gen gov debt,2029,50.826,% GDP,IMF (WEO)
LVA,Gen gov debt,2030,52.2,% GDP,IMF (WEO)
LVA,Gen gov debt,2031,53.49,% GDP,IMF (WEO)
LIE,GDP growth,2027,0.4,%,IMF (WEO)
LIE,GDP growth,2028,1.2,%,IMF (WEO)
LIE,GDP growth,2029,1.5,%,IMF (WEO)
LIE,GDP growth,2030,1.5,%,IMF (WEO)
LIE,GDP growth,2031,1.5,%,IMF (WEO)
LIE,Inflation,2027,0.65,%,IMF (WEO)
LIE,Inflation,2028,0.717,%,IMF (WEO)
LIE,Inflation,2029,0.711,%,IMF (WEO)
LIE,Inflation,2030,0.709,%,IMF (WEO)
LIE,Inflation,2031,0.7,%,IMF (WEO)
LIE,Fiscal balance,2027,3.201,% GDP,IMF (WEO)
LIE,Fiscal balance,2028,3.301,% GDP,IMF (WEO)
LIE,Fiscal balance,2029,3.301,% GDP,IMF (WEO)
LIE,Fiscal balance,2030,3.301,% GDP,IMF (WEO)
LIE,Fiscal balance,2031,3.301,% GDP,IMF (WEO)
LIE,Fiscal balance,2027,3.207,% GDP,IMF (WEO)
LIE,Fiscal balance,2028,3.307,% GDP,IMF (WEO)
LIE,Fiscal balance,2029,3.306,% GDP,IMF (WEO)
LIE,Fiscal balance,2030,3.306,% GDP,IMF (WEO)
LIE,Fiscal balance,2031,3.306,% GDP,IMF (WEO)
LIE,Gen gov debt,2027,0.519,% GDP,IMF (WEO)
LIE,Gen gov debt,2028,0.51,% GDP,IMF (WEO)
LIE,Gen gov debt,2029,0.499,% GDP,IMF (WEO)
LIE,Gen gov debt,2030,0.488,% GDP,IMF (WEO)
LIE,Gen gov debt,2031,0.478,% GDP,IMF (WEO)
LTU,GDP growth,2027,2.228,%,IMF (WEO)
LTU,GDP growth,2028,2.642,%,IMF (WEO)
LTU,GDP growth,2029,2.474,%,IMF (WEO)
LTU,GDP growth,2030,2.444,%,IMF (WEO)
LTU,GDP growth,2031,2.403,%,IMF (WEO)
LTU,Inflation,2027,2.667,%,IMF (WEO)
LTU,Inflation,2028,2.682,%,IMF (WEO)
LTU,Inflation,2029,2.487,%,IMF (WEO)
LTU,Inflation,2030,2.495,%,IMF (WEO)
LTU,Inflation,2031,2.495,%,IMF (WEO)
LTU,Fiscal balance,2027,-3.032,% GDP,IMF (WEO)
LTU,Fiscal balance,2028,-3.313,% GDP,IMF (WEO)
LTU,Fiscal balance,2029,-3.817,% GDP,IMF (WEO)
LTU,Fiscal balance,2030,-4.339,% GDP,IMF (WEO)
LTU,Fiscal balance,2031,-4.31,% GDP,IMF (WEO)
LTU,Fiscal balance,2027,-2.18,% GDP,IMF (WEO)
LTU,Fiscal balance,2028,-2.367,% GDP,IMF (WEO)
LTU,Fiscal balance,2029,-2.819,% GDP,IMF (WEO)
LTU,Fiscal balance,2030,-3.268,% GDP,IMF (WEO)
LTU,Fiscal balance,2031,-3.164,% GDP,IMF (WEO)
LTU,Gen gov debt,2027,48.859,% GDP,IMF (WEO)
LTU,Gen gov debt,2028,50.786,% GDP,IMF (WEO)
LTU,Gen gov debt,2029,52.731,% GDP,IMF (WEO)
LTU,Gen gov debt,2030,54.403,% GDP,IMF (WEO)
LTU,Gen gov debt,2031,56.251,% GDP,IMF (WEO)
LUX,GDP growth,2027,1.66,%,IMF (WEO)
LUX,GDP growth,2028,2.141,%,IMF (WEO)
LUX,GDP growth,2029,2.071,%,IMF (WEO)
LUX,GDP growth,2030,2.03,%,IMF (WEO)
LUX,GDP growth,2031,1.99,%,IMF (WEO)
LUX,Inflation,2027,2.202,%,IMF (WEO)
LUX,Inflation,2028,2.126,%,IMF (WEO)
LUX,Inflation,2029,2.035,%,IMF (WEO)
LUX,Inflation,2030,2.035,%,IMF (WEO)
LUX,Inflation,2031,2.035,%,IMF (WEO)
LUX,Fiscal balance,2027,-1.238,% GDP,IMF (WEO)
LUX,Fiscal balance,2028,-2.444,% GDP,IMF (WEO)
LUX,Fiscal balance,2029,-2.691,% GDP,IMF (WEO)
LUX,Fiscal balance,2030,-2.886,% GDP,IMF (WEO)
LUX,Fiscal balance,2031,-3.073,% GDP,IMF (WEO)
LUX,Fiscal balance,2027,-1.119,% GDP,IMF (WEO)
LUX,Fiscal balance,2028,-2.231,% GDP,IMF (WEO)
LUX,Fiscal balance,2029,-2.362,% GDP,IMF (WEO)
LUX,Fiscal balance,2030,-2.442,% GDP,IMF (WEO)
LUX,Fiscal balance,2031,-2.517,% GDP,IMF (WEO)
LUX,Gen gov debt,2027,28.854,% GDP,IMF (WEO)
LUX,Gen gov debt,2028,30.535,% GDP,IMF (WEO)
LUX,Gen gov debt,2029,32.178,% GDP,IMF (WEO)
LUX,Gen gov debt,2030,33.73,% GDP,IMF (WEO)
LUX,Gen gov debt,2031,35.2,% GDP,IMF (WEO)
MAC,GDP growth,2027,3.073,%,IMF (WEO)
MAC,GDP growth,2028,3.083,%,IMF (WEO)
MAC,GDP growth,2029,3.005,%,IMF (WEO)
MAC,GDP growth,2030,3.01,%,IMF (WEO)
MAC,GDP growth,2031,3.015,%,IMF (WEO)
MAC,Inflation,2027,1.924,%,IMF (WEO)
MAC,Inflation,2028,2.066,%,IMF (WEO)
MAC,Inflation,2029,2.127,%,IMF (WEO)
MAC,Inflation,2030,2.177,%,IMF (WEO)
MAC,Inflation,2031,2.2,%,IMF (WEO)
MAC,Fiscal balance,2027,4.851,% GDP,IMF (WEO)
MAC,Fiscal balance,2028,5.309,% GDP,IMF (WEO)
MAC,Fiscal balance,2029,5.555,% GDP,IMF (WEO)
MAC,Fiscal balance,2030,5.584,% GDP,IMF (WEO)
MAC,Fiscal balance,2031,5.429,% GDP,IMF (WEO)
MLT,GDP growth,2027,3.8,%,IMF (WEO)
MLT,GDP growth,2028,4.0,%,IMF (WEO)
MLT,GDP growth,2029,4.0,%,IMF (WEO)
MLT,GDP growth,2030,4.0,%,IMF (WEO)
MLT,GDP growth,2031,4.0,%,IMF (WEO)
MLT,Inflation,2027,2.383,%,IMF (WEO)
MLT,Inflation,2028,1.968,%,IMF (WEO)
MLT,Inflation,2029,2.008,%,IMF (WEO)
MLT,Inflation,2030,1.974,%,IMF (WEO)
MLT,Inflation,2031,1.975,%,IMF (WEO)
MLT,Fiscal balance,2027,-2.695,% GDP,IMF (WEO)
MLT,Fiscal balance,2028,-2.583,% GDP,IMF (WEO)
MLT,Fiscal balance,2029,-2.555,% GDP,IMF (WEO)
MLT,Fiscal balance,2030,-2.581,% GDP,IMF (WEO)
MLT,Fiscal balance,2031,-2.624,% GDP,IMF (WEO)
MLT,Fiscal balance,2027,-1.444,% GDP,IMF (WEO)
MLT,Fiscal balance,2028,-1.329,% GDP,IMF (WEO)
MLT,Fiscal balance,2029,-1.258,% GDP,IMF (WEO)
MLT,Fiscal balance,2030,-1.286,% GDP,IMF (WEO)
MLT,Fiscal balance,2031,-1.287,% GDP,IMF (WEO)
MLT,Gen gov debt,2027,47.493,% GDP,IMF (WEO)
MLT,Gen gov debt,2028,47.45,% GDP,IMF (WEO)
MLT,Gen gov debt,2029,47.375,% GDP,IMF (WEO)
MLT,Gen gov debt,2030,47.313,% GDP,IMF (WEO)
MLT,Gen gov debt,2031,47.288,% GDP,IMF (WEO)
NLD,GDP growth,2027,1.422,%,IMF (WEO)
NLD,GDP growth,2028,1.377,%,IMF (WEO)
NLD,GDP growth,2029,1.281,%,IMF (WEO)
NLD,GDP growth,2030,1.191,%,IMF (WEO)
NLD,GDP growth,2031,1.185,%,IMF (WEO)
NLD,Inflation,2027,2.364,%,IMF (WEO)
NLD,Inflation,2028,2.31,%,IMF (WEO)
NLD,Inflation,2029,2.0,%,IMF (WEO)
NLD,Inflation,2030,2.0,%,IMF (WEO)
NLD,Inflation,2031,2.0,%,IMF (WEO)
NLD,Fiscal balance,2027,-2.064,% GDP,IMF (WEO)
NLD,Fiscal balance,2028,-2.067,% GDP,IMF (WEO)
NLD,Fiscal balance,2029,-2.386,% GDP,IMF (WEO)
NLD,Fiscal balance,2030,-2.459,% GDP,IMF (WEO)
NLD,Fiscal balance,2031,-2.611,% GDP,IMF (WEO)
NLD,Fiscal balance,2027,-1.265,% GDP,IMF (WEO)
NLD,Fiscal balance,2028,-1.158,% GDP,IMF (WEO)
NLD,Fiscal balance,2029,-1.402,% GDP,IMF (WEO)
NLD,Fiscal balance,2030,-1.431,% GDP,IMF (WEO)
NLD,Fiscal balance,2031,-1.532,% GDP,IMF (WEO)
NLD,Gen gov debt,2027,44.535,% GDP,IMF (WEO)
NLD,Gen gov debt,2028,44.948,% GDP,IMF (WEO)
NLD,Gen gov debt,2029,45.851,% GDP,IMF (WEO)
NLD,Gen gov debt,2030,46.875,% GDP,IMF (WEO)
NLD,Gen gov debt,2031,48.028,% GDP,IMF (WEO)
NZL,GDP growth,2027,2.383,%,IMF (WEO)
NZL,GDP growth,2028,2.367,%,IMF (WEO)
NZL,GDP growth,2029,2.3,%,IMF (WEO)
NZL,GDP growth,2030,2.191,%,IMF (WEO)
NZL,GDP growth,2031,2.187,%,IMF (WEO)
NZL,Inflation,2027,2.265,%,IMF (WEO)
NZL,Inflation,2028,2.116,%,IMF (WEO)
NZL,Inflation,2029,2.015,%,IMF (WEO)
NZL,Inflation,2030,2.015,%,IMF (WEO)
NZL,Inflation,2031,2.015,%,IMF (WEO)
NZL,Fiscal balance,2027,-3.147,% GDP,IMF (WEO)
NZL,Fiscal balance,2028,-2.127,% GDP,IMF (WEO)
NZL,Fiscal balance,2029,-1.305,% GDP,IMF (WEO)
NZL,Fiscal balance,2030,-0.918,% GDP,IMF (WEO)
NZL,Fiscal balance,2031,-0.625,% GDP,IMF (WEO)
NZL,Fiscal balance,2027,-2.211,% GDP,IMF (WEO)
NZL,Fiscal balance,2028,-1.157,% GDP,IMF (WEO)
NZL,Fiscal balance,2029,-0.335,% GDP,IMF (WEO)
NZL,Fiscal balance,2030,0.032,% GDP,IMF (WEO)
NZL,Fiscal balance,2031,0.326,% GDP,IMF (WEO)
NZL,Gen gov debt,2027,57.832,% GDP,IMF (WEO)
NZL,Gen gov debt,2028,57.775,% GDP,IMF (WEO)
NZL,Gen gov debt,2029,57.104,% GDP,IMF (WEO)
NZL,Gen gov debt,2030,55.473,% GDP,IMF (WEO)
NZL,Gen gov debt,2031,54.771,% GDP,IMF (WEO)
NOR,GDP growth,2027,1.33,%,IMF (WEO)
NOR,GDP growth,2028,1.134,%,IMF (WEO)
NOR,GDP growth,2029,1.138,%,IMF (WEO)
NOR,GDP growth,2030,1.142,%,IMF (WEO)
NOR,GDP growth,2031,1.146,%,IMF (WEO)
NOR,Inflation,2027,2.6,%,IMF (WEO)
NOR,Inflation,2028,2.2,%,IMF (WEO)
NOR,Inflation,2029,2.0,%,IMF (WEO)
NOR,Inflation,2030,2.0,%,IMF (WEO)
NOR,Inflation,2031,2.0,%,IMF (WEO)
NOR,Fiscal balance,2027,8.264,% GDP,IMF (WEO)
NOR,Fiscal balance,2028,7.573,% GDP,IMF (WEO)
NOR,Fiscal balance,2029,7.204,% GDP,IMF (WEO)
NOR,Fiscal balance,2030,6.805,% GDP,IMF (WEO)
NOR,Fiscal balance,2031,6.326,% GDP,IMF (WEO)
NOR,Fiscal balance,2027,5.342,% GDP,IMF (WEO)
NOR,Fiscal balance,2028,5.015,% GDP,IMF (WEO)
NOR,Fiscal balance,2029,5.021,% GDP,IMF (WEO)
NOR,Fiscal balance,2030,5.005,% GDP,IMF (WEO)
NOR,Fiscal balance,2031,4.906,% GDP,IMF (WEO)
NOR,Gen gov debt,2027,39.44,% GDP,IMF (WEO)
NOR,Gen gov debt,2028,35.946,% GDP,IMF (WEO)
NOR,Gen gov debt,2029,32.451,% GDP,IMF (WEO)
NOR,Gen gov debt,2030,28.956,% GDP,IMF (WEO)
NOR,Gen gov debt,2031,25.462,% GDP,IMF (WEO)
PRT,GDP growth,2027,1.8,%,IMF (WEO)
PRT,GDP growth,2028,1.76,%,IMF (WEO)
PRT,GDP growth,2029,1.7,%,IMF (WEO)
PRT,GDP growth,2030,1.65,%,IMF (WEO)
PRT,GDP growth,2031,1.6,%,IMF (WEO)
PRT,Inflation,2027,2.275,%,IMF (WEO)
PRT,Inflation,2028,2.396,%,IMF (WEO)
PRT,Inflation,2029,2.2,%,IMF (WEO)
PRT,Inflation,2030,1.982,%,IMF (WEO)
PRT,Inflation,2031,1.983,%,IMF (WEO)
PRT,Fiscal balance,2027,-0.163,% GDP,IMF (WEO)
PRT,Fiscal balance,2028,-0.524,% GDP,IMF (WEO)
PRT,Fiscal balance,2029,-0.861,% GDP,IMF (WEO)
PRT,Fiscal balance,2030,-1.213,% GDP,IMF (WEO)
PRT,Fiscal balance,2031,-1.583,% GDP,IMF (WEO)
PRT,Fiscal balance,2027,1.462,% GDP,IMF (WEO)
PRT,Fiscal balance,2028,1.089,% GDP,IMF (WEO)
PRT,Fiscal balance,2029,0.746,% GDP,IMF (WEO)
PRT,Fiscal balance,2030,0.391,% GDP,IMF (WEO)
PRT,Fiscal balance,2031,0.034,% GDP,IMF (WEO)
PRT,Gen gov debt,2027,82.157,% GDP,IMF (WEO)
PRT,Gen gov debt,2028,79.254,% GDP,IMF (WEO)
PRT,Gen gov debt,2029,77.042,% GDP,IMF (WEO)
PRT,Gen gov debt,2030,75.476,% GDP,IMF (WEO)
PRT,Gen gov debt,2031,74.38,% GDP,IMF (WEO)
PRI,GDP growth,2027,1.0,%,IMF (WEO)
PRI,GDP growth,2028,0.6,%,IMF (WEO)
PRI,GDP growth,2029,0.8,%,IMF (WEO)
PRI,GDP growth,2030,0.8,%,IMF (WEO)
PRI,GDP growth,2031,0.8,%,IMF (WEO)
PRI,Inflation,2027,2.385,%,IMF (WEO)
PRI,Inflation,2028,2.384,%,IMF (WEO)
PRI,Inflation,2029,2.165,%,IMF (WEO)
PRI,Inflation,2030,2.072,%,IMF (WEO)
PRI,Inflation,2031,2.073,%,IMF (WEO)
PRI,Fiscal balance,2027,-0.352,% GDP,IMF (WEO)
PRI,Fiscal balance,2028,-0.552,% GDP,IMF (WEO)
PRI,Fiscal balance,2029,-0.166,% GDP,IMF (WEO)
PRI,Fiscal balance,2030,-0.154,% GDP,IMF (WEO)
PRI,Fiscal balance,2031,-0.142,% GDP,IMF (WEO)
PRI,Fiscal balance,2027,0.368,% GDP,IMF (WEO)
PRI,Fiscal balance,2028,0.13,% GDP,IMF (WEO)
PRI,Fiscal balance,2029,0.497,% GDP,IMF (WEO)
PRI,Fiscal balance,2030,0.491,% GDP,IMF (WEO)
PRI,Fiscal balance,2031,0.484,% GDP,IMF (WEO)
PRI,Gen gov debt,2027,19.343,% GDP,IMF (WEO)
PRI,Gen gov debt,2028,19.46,% GDP,IMF (WEO)
PRI,Gen gov debt,2029,19.186,% GDP,IMF (WEO)
PRI,Gen gov debt,2030,18.921,% GDP,IMF (WEO)
PRI,Gen gov debt,2031,18.648,% GDP,IMF (WEO)
SMR,GDP growth,2027,1.184,%,IMF (WEO)
SMR,GDP growth,2028,1.28,%,IMF (WEO)
SMR,GDP growth,2029,1.28,%,IMF (WEO)
SMR,GDP growth,2030,1.28,%,IMF (WEO)
SMR,GDP growth,2031,1.28,%,IMF (WEO)
SMR,Inflation,2027,2.6,%,IMF (WEO)
SMR,Inflation,2028,2.0,%,IMF (WEO)
SMR,Inflation,2029,2.0,%,IMF (WEO)
SMR,Inflation,2030,2.0,%,IMF (WEO)
SMR,Inflation,2031,2.0,%,IMF (WEO)
SMR,Fiscal balance,2027,-0.123,% GDP,IMF (WEO)
SMR,Fiscal balance,2028,0.543,% GDP,IMF (WEO)
SMR,Fiscal balance,2029,0.622,% GDP,IMF (WEO)
SMR,Fiscal balance,2030,0.489,% GDP,IMF (WEO)
SMR,Fiscal balance,2031,0.599,% GDP,IMF (WEO)
SMR,Fiscal balance,2027,1.45,% GDP,IMF (WEO)
SMR,Fiscal balance,2028,2.084,% GDP,IMF (WEO)
SMR,Fiscal balance,2029,2.107,% GDP,IMF (WEO)
SMR,Fiscal balance,2030,1.931,% GDP,IMF (WEO)
SMR,Fiscal balance,2031,1.968,% GDP,IMF (WEO)
SMR,Gen gov debt,2027,58.433,% GDP,IMF (WEO)
SMR,Gen gov debt,2028,55.628,% GDP,IMF (WEO)
SMR,Gen gov debt,2029,52.86,% GDP,IMF (WEO)
SMR,Gen gov debt,2030,50.308,% GDP,IMF (WEO)
SMR,Gen gov debt,2031,47.725,% GDP,IMF (WEO)
SGP,GDP growth,2027,2.667,%,IMF (WEO)
SGP,GDP growth,2028,2.518,%,IMF (WEO)
SGP,GDP growth,2029,2.486,%,IMF (WEO)
SGP,GDP growth,2030,2.507,%,IMF (WEO)
SGP,GDP growth,2031,2.5,%,IMF (WEO)
SGP,Inflation,2027,1.871,%,IMF (WEO)
SGP,Inflation,2028,1.971,%,IMF (WEO)
SGP,Inflation,2029,1.971,%,IMF (WEO)
SGP,Inflation,2030,1.971,%,IMF (WEO)
SGP,Inflation,2031,1.971,%,IMF (WEO)
SGP,Fiscal balance,2027,2.926,% GDP,IMF (WEO)
SGP,Fiscal balance,2028,2.492,% GDP,IMF (WEO)
SGP,Fiscal balance,2029,2.073,% GDP,IMF (WEO)
SGP,Fiscal balance,2030,1.804,% GDP,IMF (WEO)
SGP,Fiscal balance,2031,1.835,% GDP,IMF (WEO)
SGP,Gen gov debt,2027,172.655,% GDP,IMF (WEO)
SGP,Gen gov debt,2028,173.421,% GDP,IMF (WEO)
SGP,Gen gov debt,2029,173.86,% GDP,IMF (WEO)
SGP,Gen gov debt,2030,174.301,% GDP,IMF (WEO)
SGP,Gen gov debt,2031,174.745,% GDP,IMF (WEO)
SVK,GDP growth,2027,1.649,%,IMF (WEO)
SVK,GDP growth,2028,2.573,%,IMF (WEO)
SVK,GDP growth,2029,2.485,%,IMF (WEO)
SVK,GDP growth,2030,2.226,%,IMF (WEO)
SVK,GDP growth,2031,1.8,%,IMF (WEO)
SVK,Inflation,2027,3.273,%,IMF (WEO)
SVK,Inflation,2028,2.945,%,IMF (WEO)
SVK,Inflation,2029,2.365,%,IMF (WEO)
SVK,Inflation,2030,2.0,%,IMF (WEO)
SVK,Inflation,2031,1.975,%,IMF (WEO)
SVK,Fiscal balance,2027,-4.978,% GDP,IMF (WEO)
SVK,Fiscal balance,2028,-5.099,% GDP,IMF (WEO)
SVK,Fiscal balance,2029,-5.126,% GDP,IMF (WEO)
SVK,Fiscal balance,2030,-5.289,% GDP,IMF (WEO)
SVK,Fiscal balance,2031,-5.449,% GDP,IMF (WEO)
SVK,Fiscal balance,2027,-3.503,% GDP,IMF (WEO)
SVK,Fiscal balance,2028,-3.489,% GDP,IMF (WEO)
SVK,Fiscal balance,2029,-3.486,% GDP,IMF (WEO)
SVK,Fiscal balance,2030,-3.572,% GDP,IMF (WEO)
SVK,Fiscal balance,2031,-3.644,% GDP,IMF (WEO)
SVK,Gen gov debt,2027,65.458,% GDP,IMF (WEO)
SVK,Gen gov debt,2028,67.182,% GDP,IMF (WEO)
SVK,Gen gov debt,2029,69.378,% GDP,IMF (WEO)
SVK,Gen gov debt,2030,72.028,% GDP,IMF (WEO)
SVK,Gen gov debt,2031,75.033,% GDP,IMF (WEO)
SVN,GDP growth,2027,2.1,%,IMF (WEO)
SVN,GDP growth,2028,2.2,%,IMF (WEO)
SVN,GDP growth,2029,2.1,%,IMF (WEO)
SVN,GDP growth,2030,2.1,%,IMF (WEO)
SVN,GDP growth,2031,2.1,%,IMF (WEO)
SVN,Inflation,2027,2.086,%,IMF (WEO)
SVN,Inflation,2028,2.282,%,IMF (WEO)
SVN,Inflation,2029,2.096,%,IMF (WEO)
SVN,Inflation,2030,2.096,%,IMF (WEO)
SVN,Inflation,2031,2.096,%,IMF (WEO)
SVN,Fiscal balance,2027,-2.763,% GDP,IMF (WEO)
SVN,Fiscal balance,2028,-2.789,% GDP,IMF (WEO)
SVN,Fiscal balance,2029,-2.885,% GDP,IMF (WEO)
SVN,Fiscal balance,2030,-2.928,% GDP,IMF (WEO)
SVN,Fiscal balance,2031,-2.939,% GDP,IMF (WEO)
SVN,Fiscal balance,2027,-1.792,% GDP,IMF (WEO)
SVN,Fiscal balance,2028,-1.72,% GDP,IMF (WEO)
SVN,Fiscal balance,2029,-1.74,% GDP,IMF (WEO)
SVN,Fiscal balance,2030,-1.759,% GDP,IMF (WEO)
SVN,Fiscal balance,2031,-1.797,% GDP,IMF (WEO)
SVN,Gen gov debt,2027,65.381,% GDP,IMF (WEO)
SVN,Gen gov debt,2028,65.406,% GDP,IMF (WEO)
SVN,Gen gov debt,2029,65.842,% GDP,IMF (WEO)
SVN,Gen gov debt,2030,66.328,% GDP,IMF (WEO)
SVN,Gen gov debt,2031,67.075,% GDP,IMF (WEO)
ESP,GDP growth,2027,1.819,%,IMF (WEO)
ESP,GDP growth,2028,1.825,%,IMF (WEO)
ESP,GDP growth,2029,1.702,%,IMF (WEO)
ESP,GDP growth,2030,1.702,%,IMF (WEO)
ESP,GDP growth,2031,1.7,%,IMF (WEO)
ESP,Inflation,2027,2.259,%,IMF (WEO)
ESP,Inflation,2028,2.5,%,IMF (WEO)
ESP,Inflation,2029,2.0,%,IMF (WEO)
ESP,Inflation,2030,2.0,%,IMF (WEO)
ESP,Inflation,2031,2.0,%,IMF (WEO)
ESP,Fiscal balance,2027,-2.264,% GDP,IMF (WEO)
ESP,Fiscal balance,2028,-2.171,% GDP,IMF (WEO)
ESP,Fiscal balance,2029,-2.158,% GDP,IMF (WEO)
ESP,Fiscal balance,2030,-2.155,% GDP,IMF (WEO)
ESP,Fiscal balance,2031,-2.153,% GDP,IMF (WEO)
ESP,Fiscal balance,2027,0.144,% GDP,IMF (WEO)
ESP,Fiscal balance,2028,0.295,% GDP,IMF (WEO)
ESP,Fiscal balance,2029,0.346,% GDP,IMF (WEO)
ESP,Fiscal balance,2030,0.373,% GDP,IMF (WEO)
ESP,Fiscal balance,2031,0.373,% GDP,IMF (WEO)
ESP,Gen gov debt,2027,96.189,% GDP,IMF (WEO)
ESP,Gen gov debt,2028,94.21,% GDP,IMF (WEO)
ESP,Gen gov debt,2029,92.943,% GDP,IMF (WEO)
ESP,Gen gov debt,2030,91.668,% GDP,IMF (WEO)
ESP,Gen gov debt,2031,90.443,% GDP,IMF (WEO)
SWE,GDP growth,2027,1.906,%,IMF (WEO)
SWE,GDP growth,2028,2.123,%,IMF (WEO)
SWE,GDP growth,2029,1.863,%,IMF (WEO)
SWE,GDP growth,2030,1.833,%,IMF (WEO)
SWE,GDP growth,2031,1.754,%,IMF (WEO)
SWE,Inflation,2027,1.833,%,IMF (WEO)
SWE,Inflation,2028,2.632,%,IMF (WEO)
SWE,Inflation,2029,2.0,%,IMF (WEO)
SWE,Inflation,2030,2.0,%,IMF (WEO)
SWE,Inflation,2031,2.0,%,IMF (WEO)
SWE,Fiscal balance,2027,-1.87,% GDP,IMF (WEO)
SWE,Fiscal balance,2028,-1.191,% GDP,IMF (WEO)
SWE,Fiscal balance,2029,-0.548,% GDP,IMF (WEO)
SWE,Fiscal balance,2030,-0.548,% GDP,IMF (WEO)
SWE,Fiscal balance,2031,-0.548,% GDP,IMF (WEO)
SWE,Fiscal balance,2027,-1.95,% GDP,IMF (WEO)
SWE,Fiscal balance,2028,-1.31,% GDP,IMF (WEO)
SWE,Fiscal balance,2029,-0.684,% GDP,IMF (WEO)
SWE,Fiscal balance,2030,-0.701,% GDP,IMF (WEO)
SWE,Fiscal balance,2031,-0.717,% GDP,IMF (WEO)
SWE,Gen gov debt,2027,38.155,% GDP,IMF (WEO)
SWE,Gen gov debt,2028,38.273,% GDP,IMF (WEO)
SWE,Gen gov debt,2029,37.804,% GDP,IMF (WEO)
SWE,Gen gov debt,2030,37.189,% GDP,IMF (WEO)
SWE,Gen gov debt,2031,36.561,% GDP,IMF (WEO)
CHE,GDP growth,2027,1.344,%,IMF (WEO)
CHE,GDP growth,2028,1.83,%,IMF (WEO)
CHE,GDP growth,2029,1.225,%,IMF (WEO)
CHE,GDP growth,2030,1.835,%,IMF (WEO)
CHE,GDP growth,2031,1.225,%,IMF (WEO)
CHE,Inflation,2027,0.535,%,IMF (WEO)
CHE,Inflation,2028,0.646,%,IMF (WEO)
CHE,Inflation,2029,0.742,%,IMF (WEO)
CHE,Inflation,2030,0.709,%,IMF (WEO)
CHE,Inflation,2031,0.7,%,IMF (WEO)
CHE,Fiscal balance,2027,0.321,% GDP,IMF (WEO)
CHE,Fiscal balance,2028,0.263,% GDP,IMF (WEO)
CHE,Fiscal balance,2029,0.231,% GDP,IMF (WEO)
CHE,Fiscal balance,2030,0.179,% GDP,IMF (WEO)
CHE,Fiscal balance,2031,0.179,% GDP,IMF (WEO)
CHE,Fiscal balance,2027,0.428,% GDP,IMF (WEO)
CHE,Fiscal balance,2028,0.359,% GDP,IMF (WEO)
CHE,Fiscal balance,2029,0.318,% GDP,IMF (WEO)
CHE,Fiscal balance,2030,0.256,% GDP,IMF (WEO)
CHE,Fiscal balance,2031,0.248,% GDP,IMF (WEO)
CHE,Gen gov debt,2027,37.472,% GDP,IMF (WEO)
CHE,Gen gov debt,2028,36.301,% GDP,IMF (WEO)
CHE,Gen gov debt,2029,35.371,% GDP,IMF (WEO)
CHE,Gen gov debt,2030,34.3,% GDP,IMF (WEO)
CHE,Gen gov debt,2031,33.458,% GDP,IMF (WEO)
GBR,GDP growth,2027,1.297,%,IMF (WEO)
GBR,GDP growth,2028,1.633,%,IMF (WEO)
GBR,GDP growth,2029,1.615,%,IMF (WEO)
GBR,GDP growth,2030,1.539,%,IMF (WEO)
GBR,GDP growth,2031,1.411,%,IMF (WEO)
GBR,Inflation,2027,2.418,%,IMF (WEO)
GBR,Inflation,2028,2.0,%,IMF (WEO)
GBR,Inflation,2029,2.0,%,IMF (WEO)
GBR,Inflation,2030,2.0,%,IMF (WEO)
GBR,Inflation,2031,2.0,%,IMF (WEO)
GBR,Fiscal balance,2027,-3.121,% GDP,IMF (WEO)
GBR,Fiscal balance,2028,-2.624,% GDP,IMF (WEO)
GBR,Fiscal balance,2029,-1.966,% GDP,IMF (WEO)
GBR,Fiscal balance,2030,-1.702,% GDP,IMF (WEO)
GBR,Fiscal balance,2031,-1.605,% GDP,IMF (WEO)
GBR,Fiscal balance,2027,-0.393,% GDP,IMF (WEO)
GBR,Fiscal balance,2028,0.241,% GDP,IMF (WEO)
GBR,Fiscal balance,2029,1.041,% GDP,IMF (WEO)
GBR,Fiscal balance,2030,1.344,% GDP,IMF (WEO)
GBR,Fiscal balance,2031,1.356,% GDP,IMF (WEO)
GBR,Gen gov debt,2027,104.078,% GDP,IMF (WEO)
GBR,Gen gov debt,2028,103.918,% GDP,IMF (WEO)
GBR,Gen gov debt,2029,103.499,% GDP,IMF (WEO)
GBR,Gen gov debt,2030,102.935,% GDP,IMF (WEO)
GBR,Gen gov debt,2031,102.552,% GDP,IMF (WEO)
USA,GDP growth,2027,2.1,%,IMF (WEO)
USA,GDP growth,2028,2.1,%,IMF (WEO)
USA,GDP growth,2029,1.881,%,IMF (WEO)
USA,GDP growth,2030,1.753,%,IMF (WEO)
USA,GDP growth,2031,1.755,%,IMF (WEO)
USA,Inflation,2027,2.141,%,IMF (WEO)
USA,Inflation,2028,2.184,%,IMF (WEO)
USA,Inflation,2029,2.188,%,IMF (WEO)
USA,Inflation,2030,2.19,%,IMF (WEO)
USA,Inflation,2031,2.184,%,IMF (WEO)
USA,Fiscal balance,2027,-7.374,% GDP,IMF (WEO)
USA,Fiscal balance,2028,-7.595,% GDP,IMF (WEO)
USA,Fiscal balance,2029,-7.453,% GDP,IMF (WEO)
USA,Fiscal balance,2030,-7.465,% GDP,IMF (WEO)
USA,Fiscal balance,2031,-7.389,% GDP,IMF (WEO)
USA,Fiscal balance,2027,-3.517,% GDP,IMF (WEO)
USA,Fiscal balance,2028,-3.656,% GDP,IMF (WEO)
USA,Fiscal balance,2029,-3.369,% GDP,IMF (WEO)
USA,Fiscal balance,2030,-3.266,% GDP,IMF (WEO)
USA,Fiscal balance,2031,-3.081,% GDP,IMF (WEO)
USA,Gen gov debt,2027,128.576,% GDP,IMF (WEO)
USA,Gen gov debt,2028,132.134,% GDP,IMF (WEO)
USA,Gen gov debt,2029,135.527,% GDP,IMF (WEO)
USA,Gen gov debt,2030,138.897,% GDP,IMF (WEO)
USA,Gen gov debt,2031,142.113,% GDP,IMF (WEO)
BGD,GDP growth,2027,4.258,%,IMF (WEO)
BGD,GDP growth,2028,4.548,%,IMF (WEO)
BGD,GDP growth,2029,5.704,%,IMF (WEO)
BGD,GDP growth,2030,5.75,%,IMF (WEO)
BGD,GDP growth,2031,6.07,%,IMF (WEO)
BGD,Inflation,2027,5.97,%,IMF (WEO)
BGD,Inflation,2028,4.971,%,IMF (WEO)
BGD,Inflation,2029,5.327,%,IMF (WEO)
BGD,Inflation,2030,5.472,%,IMF (WEO)
BGD,Inflation,2031,5.5,%,IMF (WEO)
BGD,Fiscal balance,2027,-4.705,% GDP,IMF (WEO)
BGD,Fiscal balance,2028,-5.485,% GDP,IMF (WEO)
BGD,Fiscal balance,2029,-5.61,% GDP,IMF (WEO)
BGD,Fiscal balance,2030,-5.728,% GDP,IMF (WEO)
BGD,Fiscal balance,2031,-5.654,% GDP,IMF (WEO)
BGD,Fiscal balance,2027,-2.2,% GDP,IMF (WEO)
BGD,Fiscal balance,2028,-2.6,% GDP,IMF (WEO)
BGD,Fiscal balance,2029,-2.6,% GDP,IMF (WEO)
BGD,Fiscal balance,2030,-2.6,% GDP,IMF (WEO)
BGD,Fiscal balance,2031,-2.6,% GDP,IMF (WEO)
BGD,Gen gov debt,2027,43.171,% GDP,IMF (WEO)
BGD,Gen gov debt,2028,45.278,% GDP,IMF (WEO)
BGD,Gen gov debt,2029,46.633,% GDP,IMF (WEO)
BGD,Gen gov debt,2030,47.888,% GDP,IMF (WEO)
BGD,Gen gov debt,2031,48.799,% GDP,IMF (WEO)
BTN,GDP growth,2027,6.327,%,IMF (WEO)
BTN,GDP growth,2028,5.844,%,IMF (WEO)
BTN,GDP growth,2029,7.163,%,IMF (WEO)
BTN,GDP growth,2030,6.439,%,IMF (WEO)
BTN,GDP growth,2031,5.557,%,IMF (WEO)
BTN,Inflation,2027,4.25,%,IMF (WEO)
BTN,Inflation,2028,4.0,%,IMF (WEO)
BTN,Inflation,2029,4.0,%,IMF (WEO)
BTN,Inflation,2030,4.0,%,IMF (WEO)
BTN,Inflation,2031,4.0,%,IMF (WEO)
BTN,Fiscal balance,2027,-4.284,% GDP,IMF (WEO)
BTN,Fiscal balance,2028,-4.162,% GDP,IMF (WEO)
BTN,Fiscal balance,2029,-5.636,% GDP,IMF (WEO)
BTN,Fiscal balance,2030,-4.6,% GDP,IMF (WEO)
BTN,Fiscal balance,2031,-5.032,% GDP,IMF (WEO)
BTN,Fiscal balance,2027,-1.774,% GDP,IMF (WEO)
BTN,Fiscal balance,2028,-0.647,% GDP,IMF (WEO)
BTN,Fiscal balance,2029,-1.226,% GDP,IMF (WEO)
BTN,Fiscal balance,2030,0.499,% GDP,IMF (WEO)
BTN,Fiscal balance,2031,0.2,% GDP,IMF (WEO)
BTN,Gen gov debt,2027,122.909,% GDP,IMF (WEO)
BTN,Gen gov debt,2028,122.45,% GDP,IMF (WEO)
BTN,Gen gov debt,2029,136.865,% GDP,IMF (WEO)
BTN,Gen gov debt,2030,130.962,% GDP,IMF (WEO)
BTN,Gen gov debt,2031,123.962,% GDP,IMF (WEO)
BRN,GDP growth,2027,2.65,%,IMF (WEO)
BRN,GDP growth,2028,2.5,%,IMF (WEO)
BRN,GDP growth,2029,2.6,%,IMF (WEO)
BRN,GDP growth,2030,3.0,%,IMF (WEO)
BRN,GDP growth,2031,2.9,%,IMF (WEO)
BRN,Inflation,2027,1.1,%,IMF (WEO)
BRN,Inflation,2028,1.0,%,IMF (WEO)
BRN,Inflation,2029,1.0,%,IMF (WEO)
BRN,Inflation,2030,1.0,%,IMF (WEO)
BRN,Inflation,2031,1.0,%,IMF (WEO)
BRN,Fiscal balance,2027,-9.803,% GDP,IMF (WEO)
BRN,Fiscal balance,2028,-9.602,% GDP,IMF (WEO)
BRN,Fiscal balance,2029,-9.25,% GDP,IMF (WEO)
BRN,Fiscal balance,2030,-9.11,% GDP,IMF (WEO)
BRN,Fiscal balance,2031,-9.022,% GDP,IMF (WEO)
BRN,Fiscal balance,2027,-9.803,% GDP,IMF (WEO)
BRN,Fiscal balance,2028,-9.602,% GDP,IMF (WEO)
BRN,Fiscal balance,2029,-9.25,% GDP,IMF (WEO)
BRN,Fiscal balance,2030,-9.11,% GDP,IMF (WEO)
BRN,Fiscal balance,2031,-9.022,% GDP,IMF (WEO)
BRN,Gen gov debt,2027,1.426,% GDP,IMF (WEO)
BRN,Gen gov debt,2028,1.373,% GDP,IMF (WEO)
BRN,Gen gov debt,2029,1.326,% GDP,IMF (WEO)
BRN,Gen gov debt,2030,1.277,% GDP,IMF (WEO)
BRN,Gen gov debt,2031,1.227,% GDP,IMF (WEO)
KHM,GDP growth,2027,4.721,%,IMF (WEO)
KHM,GDP growth,2028,4.991,%,IMF (WEO)
KHM,GDP growth,2029,5.259,%,IMF (WEO)
KHM,GDP growth,2030,5.361,%,IMF (WEO)
KHM,GDP growth,2031,5.461,%,IMF (WEO)
KHM,Inflation,2027,1.939,%,IMF (WEO)
KHM,Inflation,2028,2.5,%,IMF (WEO)
KHM,Inflation,2029,2.9,%,IMF (WEO)
KHM,Inflation,2030,3.0,%,IMF (WEO)
KHM,Inflation,2031,3.0,%,IMF (WEO)
KHM,Fiscal balance,2027,-3.564,% GDP,IMF (WEO)
KHM,Fiscal balance,2028,-3.501,% GDP,IMF (WEO)
KHM,Fiscal balance,2029,-3.423,% GDP,IMF (WEO)
KHM,Fiscal balance,2030,-3.345,% GDP,IMF (WEO)
KHM,Fiscal balance,2031,-3.31,% GDP,IMF (WEO)
KHM,Fiscal balance,2027,-3.248,% GDP,IMF (WEO)
KHM,Fiscal balance,2028,-3.178,% GDP,IMF (WEO)
KHM,Fiscal balance,2029,-3.105,% GDP,IMF (WEO)
KHM,Fiscal balance,2030,-3.029,% GDP,IMF (WEO)
KHM,Fiscal balance,2031,-2.95,% GDP,IMF (WEO)
KHM,Gen gov debt,2027,27.187,% GDP,IMF (WEO)
KHM,Gen gov debt,2028,27.268,% GDP,IMF (WEO)
KHM,Gen gov debt,2029,27.074,% GDP,IMF (WEO)
KHM,Gen gov debt,2030,27.234,% GDP,IMF (WEO)
KHM,Gen gov debt,2031,27.783,% GDP,IMF (WEO)
CHN,GDP growth,2027,4.033,%,IMF (WEO)
CHN,GDP growth,2028,4.0,%,IMF (WEO)
CHN,GDP growth,2029,3.665,%,IMF (WEO)
CHN,GDP growth,2030,3.348,%,IMF (WEO)
CHN,GDP growth,2031,3.291,%,IMF (WEO)
CHN,Inflation,2027,1.514,%,IMF (WEO)
CHN,Inflation,2028,1.805,%,IMF (WEO)
CHN,Inflation,2029,1.902,%,IMF (WEO)
CHN,Inflation,2030,1.997,%,IMF (WEO)
CHN,Inflation,2031,1.992,%,IMF (WEO)
CHN,Fiscal balance,2027,-8.358,% GDP,IMF (WEO)
CHN,Fiscal balance,2028,-8.208,% GDP,IMF (WEO)
CHN,Fiscal balance,2029,-8.031,% GDP,IMF (WEO)
CHN,Fiscal balance,2030,-7.976,% GDP,IMF (WEO)
CHN,Fiscal balance,2031,-8.014,% GDP,IMF (WEO)
CHN,Fiscal balance,2027,-7.11,% GDP,IMF (WEO)
CHN,Fiscal balance,2028,-6.866,% GDP,IMF (WEO)
CHN,Fiscal balance,2029,-6.601,% GDP,IMF (WEO)
CHN,Fiscal balance,2030,-6.457,% GDP,IMF (WEO)
CHN,Fiscal balance,2031,-6.407,% GDP,IMF (WEO)
CHN,Gen gov debt,2027,112.475,% GDP,IMF (WEO)
CHN,Gen gov debt,2028,116.742,% GDP,IMF (WEO)
CHN,Gen gov debt,2029,120.348,% GDP,IMF (WEO)
CHN,Gen gov debt,2030,123.789,% GDP,IMF (WEO)
CHN,Gen gov debt,2031,126.786,% GDP,IMF (WEO)
FJI,GDP growth,2027,2.71,%,IMF (WEO)
FJI,GDP growth,2028,2.959,%,IMF (WEO)
FJI,GDP growth,2029,3.107,%,IMF (WEO)
FJI,GDP growth,2030,3.269,%,IMF (WEO)
FJI,GDP growth,2031,3.384,%,IMF (WEO)
FJI,Inflation,2027,3.0,%,IMF (WEO)
FJI,Inflation,2028,2.5,%,IMF (WEO)
FJI,Inflation,2029,2.5,%,IMF (WEO)
FJI,Inflation,2030,2.5,%,IMF (WEO)
FJI,Inflation,2031,2.5,%,IMF (WEO)
FJI,Fiscal balance,2027,-5.061,% GDP,IMF (WEO)
FJI,Fiscal balance,2028,-3.848,% GDP,IMF (WEO)
FJI,Fiscal balance,2029,-2.727,% GDP,IMF (WEO)
FJI,Fiscal balance,2030,-2.266,% GDP,IMF (WEO)
FJI,Fiscal balance,2031,-1.758,% GDP,IMF (WEO)
FJI,Fiscal balance,2027,-0.973,% GDP,IMF (WEO)
FJI,Fiscal balance,2028,0.356,% GDP,IMF (WEO)
FJI,Fiscal balance,2029,1.497,% GDP,IMF (WEO)
FJI,Fiscal balance,2030,1.98,% GDP,IMF (WEO)
FJI,Fiscal balance,2031,2.467,% GDP,IMF (WEO)
FJI,Gen gov debt,2027,83.562,% GDP,IMF (WEO)
FJI,Gen gov debt,2028,83.026,% GDP,IMF (WEO)
FJI,Gen gov debt,2029,81.368,% GDP,IMF (WEO)
FJI,Gen gov debt,2030,79.255,% GDP,IMF (WEO)
FJI,Gen gov debt,2031,76.027,% GDP,IMF (WEO)
IND,GDP growth,2027,6.529,%,IMF (WEO)
IND,GDP growth,2028,6.5,%,IMF (WEO)
IND,GDP growth,2029,6.52,%,IMF (WEO)
IND,GDP growth,2030,6.503,%,IMF (WEO)
IND,GDP growth,2031,6.514,%,IMF (WEO)
IND,Inflation,2027,4.0,%,IMF (WEO)
IND,Inflation,2028,4.0,%,IMF (WEO)
IND,Inflation,2029,4.0,%,IMF (WEO)
IND,Inflation,2030,4.0,%,IMF (WEO)
IND,Inflation,2031,4.0,%,IMF (WEO)
IND,Fiscal balance,2027,-7.308,% GDP,IMF (WEO)
IND,Fiscal balance,2028,-7.113,% GDP,IMF (WEO)
IND,Fiscal balance,2029,-6.907,% GDP,IMF (WEO)
IND,Fiscal balance,2030,-6.74,% GDP,IMF (WEO)
IND,Fiscal balance,2031,-6.552,% GDP,IMF (WEO)
IND,Fiscal balance,2027,-1.851,% GDP,IMF (WEO)
IND,Fiscal balance,2028,-1.759,% GDP,IMF (WEO)
IND,Fiscal balance,2029,-1.668,% GDP,IMF (WEO)
IND,Fiscal balance,2030,-1.577,% GDP,IMF (WEO)
IND,Fiscal balance,2031,-1.515,% GDP,IMF (WEO)
IND,Gen gov debt,2027,82.546,% GDP,IMF (WEO)
IND,Gen gov debt,2028,81.663,% GDP,IMF (WEO)
IND,Gen gov debt,2029,80.609,% GDP,IMF (WEO)
IND,Gen gov debt,2030,79.465,% GDP,IMF (WEO)
IND,Gen gov debt,2031,77.689,% GDP,IMF (WEO)
IDN,GDP growth,2027,5.07,%,IMF (WEO)
IDN,GDP growth,2028,5.169,%,IMF (WEO)
IDN,GDP growth,2029,5.185,%,IMF (WEO)
IDN,GDP growth,2030,5.223,%,IMF (WEO)
IDN,GDP growth,2031,5.232,%,IMF (WEO)
IDN,Inflation,2027,2.578,%,IMF (WEO)
IDN,Inflation,2028,2.517,%,IMF (WEO)
IDN,Inflation,2029,2.517,%,IMF (WEO)
IDN,Inflation,2030,2.517,%,IMF (WEO)
IDN,Inflation,2031,2.517,%,IMF (WEO)
IDN,Fiscal balance,2027,-2.935,% GDP,IMF (WEO)
IDN,Fiscal balance,2028,-2.906,% GDP,IMF (WEO)
IDN,Fiscal balance,2029,-2.877,% GDP,IMF (WEO)
IDN,Fiscal balance,2030,-2.838,% GDP,IMF (WEO)
IDN,Fiscal balance,2031,-2.833,% GDP,IMF (WEO)
IDN,Fiscal balance,2027,-0.651,% GDP,IMF (WEO)
IDN,Fiscal balance,2028,-0.603,% GDP,IMF (WEO)
IDN,Fiscal balance,2029,-0.584,% GDP,IMF (WEO)
IDN,Fiscal balance,2030,-0.526,% GDP,IMF (WEO)
IDN,Fiscal balance,2031,-0.544,% GDP,IMF (WEO)
IDN,Gen gov debt,2027,41.788,% GDP,IMF (WEO)
IDN,Gen gov debt,2028,42.002,% GDP,IMF (WEO)
IDN,Gen gov debt,2029,42.142,% GDP,IMF (WEO)
IDN,Gen gov debt,2030,42.196,% GDP,IMF (WEO)
IDN,Gen gov debt,2031,42.217,% GDP,IMF (WEO)
KIR,GDP growth,2027,2.407,%,IMF (WEO)
KIR,GDP growth,2028,2.157,%,IMF (WEO)
KIR,GDP growth,2029,2.151,%,IMF (WEO)
KIR,GDP growth,2030,2.101,%,IMF (WEO)
KIR,GDP growth,2031,2.109,%,IMF (WEO)
KIR,Inflation,2027,3.1,%,IMF (WEO)
KIR,Inflation,2028,2.5,%,IMF (WEO)
KIR,Inflation,2029,2.0,%,IMF (WEO)
KIR,Inflation,2030,2.0,%,IMF (WEO)
KIR,Inflation,2031,1.8,%,IMF (WEO)
KIR,Fiscal balance,2027,-15.25,% GDP,IMF (WEO)
KIR,Fiscal balance,2028,-12.572,% GDP,IMF (WEO)
KIR,Fiscal balance,2029,-14.659,% GDP,IMF (WEO)
KIR,Fiscal balance,2030,-14.532,% GDP,IMF (WEO)
KIR,Fiscal balance,2031,-14.72,% GDP,IMF (WEO)
KIR,Fiscal balance,2027,-15.159,% GDP,IMF (WEO)
KIR,Fiscal balance,2028,-12.402,% GDP,IMF (WEO)
KIR,Fiscal balance,2029,-14.439,% GDP,IMF (WEO)
KIR,Fiscal balance,2030,-14.241,% GDP,IMF (WEO)
KIR,Fiscal balance,2031,-14.385,% GDP,IMF (WEO)
KIR,Gen gov debt,2027,15.805,% GDP,IMF (WEO)
KIR,Gen gov debt,2028,21.163,% GDP,IMF (WEO)
KIR,Gen gov debt,2029,28.619,% GDP,IMF (WEO)
KIR,Gen gov debt,2030,33.16,% GDP,IMF (WEO)
KIR,Gen gov debt,2031,37.75,% GDP,IMF (WEO)
LAO,GDP growth,2027,3.959,%,IMF (WEO)
LAO,GDP growth,2028,3.503,%,IMF (WEO)
LAO,GDP growth,2029,3.002,%,IMF (WEO)
LAO,GDP growth,2030,2.983,%,IMF (WEO)
LAO,GDP growth,2031,2.97,%,IMF (WEO)
LAO,Inflation,2027,8.485,%,IMF (WEO)
LAO,Inflation,2028,8.01,%,IMF (WEO)
LAO,Inflation,2029,8.143,%,IMF (WEO)
LAO,Inflation,2030,8.697,%,IMF (WEO)
LAO,Inflation,2031,8.998,%,IMF (WEO)
LAO,Fiscal balance,2027,1.785,% GDP,IMF (WEO)
LAO,Fiscal balance,2028,1.716,% GDP,IMF (WEO)
LAO,Fiscal balance,2029,1.684,% GDP,IMF (WEO)
LAO,Fiscal balance,2030,1.762,% GDP,IMF (WEO)
LAO,Fiscal balance,2031,1.677,% GDP,IMF (WEO)
LAO,Fiscal balance,2027,3.661,% GDP,IMF (WEO)
LAO,Fiscal balance,2028,3.494,% GDP,IMF (WEO)
LAO,Fiscal balance,2029,3.29,% GDP,IMF (WEO)
LAO,Fiscal balance,2030,3.212,% GDP,IMF (WEO)
LAO,Fiscal balance,2031,3.019,% GDP,IMF (WEO)
LAO,Gen gov debt,2027,68.626,% GDP,IMF (WEO)
LAO,Gen gov debt,2028,63.104,% GDP,IMF (WEO)
LAO,Gen gov debt,2029,58.76,% GDP,IMF (WEO)
LAO,Gen gov debt,2030,54.721,% GDP,IMF (WEO)
LAO,Gen gov debt,2031,51.683,% GDP,IMF (WEO)
MYS,GDP growth,2027,4.3,%,IMF (WEO)
MYS,GDP growth,2028,4.3,%,IMF (WEO)
MYS,GDP growth,2029,4.3,%,IMF (WEO)
MYS,GDP growth,2030,4.3,%,IMF (WEO)
MYS,GDP growth,2031,4.3,%,IMF (WEO)
MYS,Inflation,2027,2.01,%,IMF (WEO)
MYS,Inflation,2028,1.994,%,IMF (WEO)
MYS,Inflation,2029,1.994,%,IMF (WEO)
MYS,Inflation,2030,1.994,%,IMF (WEO)
MYS,Inflation,2031,1.994,%,IMF (WEO)
MYS,Fiscal balance,2027,-3.019,% GDP,IMF (WEO)
MYS,Fiscal balance,2028,-2.745,% GDP,IMF (WEO)
MYS,Fiscal balance,2029,-2.74,% GDP,IMF (WEO)
MYS,Fiscal balance,2030,-2.734,% GDP,IMF (WEO)
MYS,Fiscal balance,2031,-2.722,% GDP,IMF (WEO)
MYS,Fiscal balance,2027,-0.799,% GDP,IMF (WEO)
MYS,Fiscal balance,2028,-0.523,% GDP,IMF (WEO)
MYS,Fiscal balance,2029,-0.519,% GDP,IMF (WEO)
MYS,Fiscal balance,2030,-0.51,% GDP,IMF (WEO)
MYS,Fiscal balance,2031,-0.496,% GDP,IMF (WEO)
MYS,Gen gov debt,2027,68.701,% GDP,IMF (WEO)
MYS,Gen gov debt,2028,67.75,% GDP,IMF (WEO)
MYS,Gen gov debt,2029,66.866,% GDP,IMF (WEO)
MYS,Gen gov debt,2030,66.106,% GDP,IMF (WEO)
MYS,Gen gov debt,2031,65.448,% GDP,IMF (WEO)
MDV,GDP growth,2027,4.587,%,IMF (WEO)
MDV,GDP growth,2028,4.152,%,IMF (WEO)
MDV,GDP growth,2029,4.019,%,IMF (WEO)
MDV,GDP growth,2030,3.985,%,IMF (WEO)
MDV,GDP growth,2031,4.013,%,IMF (WEO)
MDV,Inflation,2027,2.0,%,IMF (WEO)
MDV,Inflation,2028,2.0,%,IMF (WEO)
MDV,Inflation,2029,2.0,%,IMF (WEO)
MDV,Inflation,2030,2.0,%,IMF (WEO)
MDV,Inflation,2031,2.3,%,IMF (WEO)
MDV,Fiscal balance,2027,-9.087,% GDP,IMF (WEO)
MDV,Fiscal balance,2028,-8.88,% GDP,IMF (WEO)
MDV,Fiscal balance,2029,-8.673,% GDP,IMF (WEO)
MDV,Fiscal balance,2030,-8.356,% GDP,IMF (WEO)
MDV,Fiscal balance,2031,-6.721,% GDP,IMF (WEO)
MDV,Fiscal balance,2027,-5.817,% GDP,IMF (WEO)
MDV,Fiscal balance,2028,-5.379,% GDP,IMF (WEO)
MDV,Fiscal balance,2029,-5.09,% GDP,IMF (WEO)
MDV,Fiscal balance,2030,-4.797,% GDP,IMF (WEO)
MDV,Fiscal balance,2031,-2.888,% GDP,IMF (WEO)
MDV,Gen gov debt,2027,130.272,% GDP,IMF (WEO)
MDV,Gen gov debt,2028,131.428,% GDP,IMF (WEO)
MDV,Gen gov debt,2029,132.473,% GDP,IMF (WEO)
MDV,Gen gov debt,2030,133.212,% GDP,IMF (WEO)
MDV,Gen gov debt,2031,131.9,% GDP,IMF (WEO)
MHL,GDP growth,2027,1.965,%,IMF (WEO)
MHL,GDP growth,2028,1.916,%,IMF (WEO)
MHL,GDP growth,2029,1.79,%,IMF (WEO)
MHL,GDP growth,2030,1.605,%,IMF (WEO)
MHL,GDP growth,2031,1.605,%,IMF (WEO)
MHL,Inflation,2027,5.48,%,IMF (WEO)
MHL,Inflation,2028,2.434,%,IMF (WEO)
MHL,Inflation,2029,2.422,%,IMF (WEO)
MHL,Inflation,2030,2.422,%,IMF (WEO)
MHL,Inflation,2031,2.422,%,IMF (WEO)
MHL,Fiscal balance,2027,0.238,% GDP,IMF (WEO)
MHL,Fiscal balance,2028,0.121,% GDP,IMF (WEO)
MHL,Fiscal balance,2029,0.056,% GDP,IMF (WEO)
MHL,Fiscal balance,2030,0.019,% GDP,IMF (WEO)
MHL,Fiscal balance,2031,-3.707,% GDP,IMF (WEO)
MHL,Fiscal balance,2027,0.447,% GDP,IMF (WEO)
MHL,Fiscal balance,2028,0.318,% GDP,IMF (WEO)
MHL,Fiscal balance,2029,0.243,% GDP,IMF (WEO)
MHL,Fiscal balance,2030,0.199,% GDP,IMF (WEO)
MHL,Fiscal balance,2031,-3.534,% GDP,IMF (WEO)
MHL,Gen gov debt,2027,15.349,% GDP,IMF (WEO)
MHL,Gen gov debt,2028,14.588,% GDP,IMF (WEO)
MHL,Gen gov debt,2029,13.943,% GDP,IMF (WEO)
MHL,Gen gov debt,2030,13.384,% GDP,IMF (WEO)
MHL,Gen gov debt,2031,16.572,% GDP,IMF (WEO)
FSM,GDP growth,2027,1.09,%,IMF (WEO)
FSM,GDP growth,2028,1.438,%,IMF (WEO)
FSM,GDP growth,2029,1.045,%,IMF (WEO)
FSM,GDP growth,2030,0.662,%,IMF (WEO)
FSM,GDP growth,2031,0.662,%,IMF (WEO)
FSM,Inflation,2027,4.032,%,IMF (WEO)
FSM,Inflation,2028,1.674,%,IMF (WEO)
FSM,Inflation,2029,2.0,%,IMF (WEO)
FSM,Inflation,2030,2.0,%,IMF (WEO)
FSM,Inflation,2031,2.0,%,IMF (WEO)
FSM,Fiscal balance,2027,-0.258,% GDP,IMF (WEO)
FSM,Fiscal balance,2028,-0.645,% GDP,IMF (WEO)
FSM,Fiscal balance,2029,-0.849,% GDP,IMF (WEO)
FSM,Fiscal balance,2030,-0.932,% GDP,IMF (WEO)
FSM,Fiscal balance,2031,-1.194,% GDP,IMF (WEO)
FSM,Fiscal balance,2027,-0.115,% GDP,IMF (WEO)
FSM,Fiscal balance,2028,-0.514,% GDP,IMF (WEO)
FSM,Fiscal balance,2029,-0.739,% GDP,IMF (WEO)
FSM,Fiscal balance,2030,-0.841,% GDP,IMF (WEO)
FSM,Fiscal balance,2031,-1.106,% GDP,IMF (WEO)
FSM,Gen gov debt,2027,7.35,% GDP,IMF (WEO)
FSM,Gen gov debt,2028,7.743,% GDP,IMF (WEO)
FSM,Gen gov debt,2029,8.351,% GDP,IMF (WEO)
FSM,Gen gov debt,2030,9.072,% GDP,IMF (WEO)
FSM,Gen gov debt,2031,9.538,% GDP,IMF (WEO)
MNG,GDP growth,2027,5.287,%,IMF (WEO)
MNG,GDP growth,2028,5.198,%,IMF (WEO)
MNG,GDP growth,2029,5.002,%,IMF (WEO)
MNG,GDP growth,2030,5.008,%,IMF (WEO)
MNG,GDP growth,2031,5.014,%,IMF (WEO)
MNG,Inflation,2027,7.15,%,IMF (WEO)
MNG,Inflation,2028,6.9,%,IMF (WEO)
MNG,Inflation,2029,6.65,%,IMF (WEO)
MNG,Inflation,2030,6.4,%,IMF (WEO)
MNG,Inflation,2031,6.25,%,IMF (WEO)
MNG,Fiscal balance,2027,-2.595,% GDP,IMF (WEO)
MNG,Fiscal balance,2028,-3.002,% GDP,IMF (WEO)
MNG,Fiscal balance,2029,-2.966,% GDP,IMF (WEO)
MNG,Fiscal balance,2030,-3.0,% GDP,IMF (WEO)
MNG,Fiscal balance,2031,-3.076,% GDP,IMF (WEO)
MNG,Fiscal balance,2027,-0.618,% GDP,IMF (WEO)
MNG,Fiscal balance,2028,-0.951,% GDP,IMF (WEO)
MNG,Fiscal balance,2029,-0.831,% GDP,IMF (WEO)
MNG,Fiscal balance,2030,-0.707,% GDP,IMF (WEO)
MNG,Fiscal balance,2031,-0.602,% GDP,IMF (WEO)
MNG,Gen gov debt,2027,45.821,% GDP,IMF (WEO)
MNG,Gen gov debt,2028,49.949,% GDP,IMF (WEO)
MNG,Gen gov debt,2029,50.733,% GDP,IMF (WEO)
MNG,Gen gov debt,2030,51.816,% GDP,IMF (WEO)
MNG,Gen gov debt,2031,52.335,% GDP,IMF (WEO)
MMR,GDP growth,2027,2.998,%,IMF (WEO)
MMR,GDP growth,2028,2.522,%,IMF (WEO)
MMR,GDP growth,2029,2.168,%,IMF (WEO)
MMR,GDP growth,2030,1.812,%,IMF (WEO)
MMR,GDP growth,2031,1.814,%,IMF (WEO)
MMR,Inflation,2027,16.0,%,IMF (WEO)
MMR,Inflation,2028,10.0,%,IMF (WEO)
MMR,Inflation,2029,7.8,%,IMF (WEO)
MMR,Inflation,2030,7.8,%,IMF (WEO)
MMR,Inflation,2031,7.8,%,IMF (WEO)
MMR,Fiscal balance,2027,-4.991,% GDP,IMF (WEO)
MMR,Fiscal balance,2028,-4.345,% GDP,IMF (WEO)
MMR,Fiscal balance,2029,-3.648,% GDP,IMF (WEO)
MMR,Fiscal balance,2030,-3.485,% GDP,IMF (WEO)
MMR,Fiscal balance,2031,-3.309,% GDP,IMF (WEO)
MMR,Fiscal balance,2027,-2.511,% GDP,IMF (WEO)
MMR,Fiscal balance,2028,-1.835,% GDP,IMF (WEO)
MMR,Fiscal balance,2029,-1.17,% GDP,IMF (WEO)
MMR,Fiscal balance,2030,-1.14,% GDP,IMF (WEO)
MMR,Fiscal balance,2031,-1.03,% GDP,IMF (WEO)
MMR,Gen gov debt,2027,51.901,% GDP,IMF (WEO)
MMR,Gen gov debt,2028,51.362,% GDP,IMF (WEO)
MMR,Gen gov debt,2029,50.165,% GDP,IMF (WEO)
MMR,Gen gov debt,2030,49.423,% GDP,IMF (WEO)
MMR,Gen gov debt,2031,48.517,% GDP,IMF (WEO)
NRU,GDP growth,2027,2.0,%,IMF (WEO)
NRU,GDP growth,2028,1.976,%,IMF (WEO)
NRU,GDP growth,2029,2.0,%,IMF (WEO)
NRU,GDP growth,2030,1.984,%,IMF (WEO)
NRU,GDP growth,2031,2.028,%,IMF (WEO)
NRU,Inflation,2027,4.157,%,IMF (WEO)
NRU,Inflation,2028,3.44,%,IMF (WEO)
NRU,Inflation,2029,2.707,%,IMF (WEO)
NRU,Inflation,2030,2.459,%,IMF (WEO)
NRU,Inflation,2031,2.5,%,IMF (WEO)
NRU,Fiscal balance,2027,10.322,% GDP,IMF (WEO)
NRU,Fiscal balance,2028,13.366,% GDP,IMF (WEO)
NRU,Fiscal balance,2029,13.869,% GDP,IMF (WEO)
NRU,Fiscal balance,2030,15.001,% GDP,IMF (WEO)
NRU,Fiscal balance,2031,15.515,% GDP,IMF (WEO)
NRU,Gen gov debt,2027,10.478,% GDP,IMF (WEO)
NRU,Gen gov debt,2028,8.952,% GDP,IMF (WEO)
NRU,Gen gov debt,2029,7.583,% GDP,IMF (WEO)
NRU,Gen gov debt,2030,6.485,% GDP,IMF (WEO)
NRU,Gen gov debt,2031,5.461,% GDP,IMF (WEO)
NPL,GDP growth,2027,4.564,%,IMF (WEO)
NPL,GDP growth,2028,5.307,%,IMF (WEO)
NPL,GDP growth,2029,5.149,%,IMF (WEO)
NPL,GDP growth,2030,5.047,%,IMF (WEO)
NPL,GDP growth,2031,5.042,%,IMF (WEO)
NPL,Inflation,2027,5.029,%,IMF (WEO)
NPL,Inflation,2028,5.0,%,IMF (WEO)
NPL,Inflation,2029,5.0,%,IMF (WEO)
NPL,Inflation,2030,5.0,%,IMF (WEO)
NPL,Inflation,2031,5.0,%,IMF (WEO)
NPL,Fiscal balance,2027,-3.32,% GDP,IMF (WEO)
NPL,Fiscal balance,2028,-3.178,% GDP,IMF (WEO)
NPL,Fiscal balance,2029,-3.096,% GDP,IMF (WEO)
NPL,Fiscal balance,2030,-2.993,% GDP,IMF (WEO)
NPL,Fiscal balance,2031,-2.978,% GDP,IMF (WEO)
NPL,Fiscal balance,2027,-1.789,% GDP,IMF (WEO)
NPL,Fiscal balance,2028,-1.663,% GDP,IMF (WEO)
NPL,Fiscal balance,2029,-1.582,% GDP,IMF (WEO)
NPL,Fiscal balance,2030,-1.47,% GDP,IMF (WEO)
NPL,Fiscal balance,2031,-1.479,% GDP,IMF (WEO)
NPL,Gen gov debt,2027,49.362,% GDP,IMF (WEO)
NPL,Gen gov debt,2028,48.274,% GDP,IMF (WEO)
NPL,Gen gov debt,2029,47.166,% GDP,IMF (WEO)
NPL,Gen gov debt,2030,46.149,% GDP,IMF (WEO)
NPL,Gen gov debt,2031,45.312,% GDP,IMF (WEO)
PLW,GDP growth,2027,2.8,%,IMF (WEO)
PLW,GDP growth,2028,3.173,%,IMF (WEO)
PLW,GDP growth,2029,2.621,%,IMF (WEO)
PLW,GDP growth,2030,1.968,%,IMF (WEO)
PLW,GDP growth,2031,1.972,%,IMF (WEO)
PLW,Inflation,2027,2.645,%,IMF (WEO)
PLW,Inflation,2028,2.113,%,IMF (WEO)
PLW,Inflation,2029,2.14,%,IMF (WEO)
PLW,Inflation,2030,2.1,%,IMF (WEO)
PLW,Inflation,2031,2.1,%,IMF (WEO)
PLW,Fiscal balance,2027,0.948,% GDP,IMF (WEO)
PLW,Fiscal balance,2028,0.743,% GDP,IMF (WEO)
PLW,Fiscal balance,2029,0.543,% GDP,IMF (WEO)
PLW,Fiscal balance,2030,0.071,% GDP,IMF (WEO)
PLW,Fiscal balance,2031,0.109,% GDP,IMF (WEO)
PLW,Gen gov debt,2027,50.524,% GDP,IMF (WEO)
PLW,Gen gov debt,2028,44.891,% GDP,IMF (WEO)
PLW,Gen gov debt,2029,39.89,% GDP,IMF (WEO)
PLW,Gen gov debt,2030,35.264,% GDP,IMF (WEO)
PLW,Gen gov debt,2031,28.219,% GDP,IMF (WEO)
PNG,GDP growth,2027,3.798,%,IMF (WEO)
PNG,GDP growth,2028,3.232,%,IMF (WEO)
PNG,GDP growth,2029,3.1,%,IMF (WEO)
PNG,GDP growth,2030,3.1,%,IMF (WEO)
PNG,GDP growth,2031,3.1,%,IMF (WEO)
PNG,Inflation,2027,4.4,%,IMF (WEO)
PNG,Inflation,2028,4.5,%,IMF (WEO)
PNG,Inflation,2029,4.5,%,IMF (WEO)
PNG,Inflation,2030,4.5,%,IMF (WEO)
PNG,Inflation,2031,4.5,%,IMF (WEO)
PNG,Fiscal balance,2027,-0.147,% GDP,IMF (WEO)
PNG,Fiscal balance,2028,-0.062,% GDP,IMF (WEO)
PNG,Fiscal balance,2029,0.2,% GDP,IMF (WEO)
PNG,Fiscal balance,2030,0.155,% GDP,IMF (WEO)
PNG,Fiscal balance,2031,0.173,% GDP,IMF (WEO)
PNG,Fiscal balance,2027,2.321,% GDP,IMF (WEO)
PNG,Fiscal balance,2028,2.226,% GDP,IMF (WEO)
PNG,Fiscal balance,2029,2.274,% GDP,IMF (WEO)
PNG,Fiscal balance,2030,2.039,% GDP,IMF (WEO)
PNG,Fiscal balance,2031,1.893,% GDP,IMF (WEO)
PNG,Gen gov debt,2027,46.428,% GDP,IMF (WEO)
PNG,Gen gov debt,2028,43.221,% GDP,IMF (WEO)
PNG,Gen gov debt,2029,40.109,% GDP,IMF (WEO)
PNG,Gen gov debt,2030,37.2,% GDP,IMF (WEO)
PNG,Gen gov debt,2031,34.371,% GDP,IMF (WEO)
PHL,GDP growth,2027,5.774,%,IMF (WEO)
PHL,GDP growth,2028,6.078,%,IMF (WEO)
PHL,GDP growth,2029,6.056,%,IMF (WEO)
PHL,GDP growth,2030,6.007,%,IMF (WEO)
PHL,GDP growth,2031,6.006,%,IMF (WEO)
PHL,Inflation,2027,3.243,%,IMF (WEO)
PHL,Inflation,2028,3.044,%,IMF (WEO)
PHL,Inflation,2029,3.0,%,IMF (WEO)
PHL,Inflation,2030,3.0,%,IMF (WEO)
PHL,Inflation,2031,3.0,%,IMF (WEO)
PHL,Fiscal balance,2027,-2.841,% GDP,IMF (WEO)
PHL,Fiscal balance,2028,-2.521,% GDP,IMF (WEO)
PHL,Fiscal balance,2029,-2.097,% GDP,IMF (WEO)
PHL,Fiscal balance,2030,-1.648,% GDP,IMF (WEO)
PHL,Fiscal balance,2031,-1.537,% GDP,IMF (WEO)
PHL,Fiscal balance,2027,-0.022,% GDP,IMF (WEO)
PHL,Fiscal balance,2028,0.307,% GDP,IMF (WEO)
PHL,Fiscal balance,2029,0.628,% GDP,IMF (WEO)
PHL,Fiscal balance,2030,1.064,% GDP,IMF (WEO)
PHL,Fiscal balance,2031,1.124,% GDP,IMF (WEO)
PHL,Gen gov debt,2027,59.921,% GDP,IMF (WEO)
PHL,Gen gov debt,2028,59.155,% GDP,IMF (WEO)
PHL,Gen gov debt,2029,57.99,% GDP,IMF (WEO)
PHL,Gen gov debt,2030,56.396,% GDP,IMF (WEO)
PHL,Gen gov debt,2031,54.737,% GDP,IMF (WEO)
WSM,GDP growth,2027,2.823,%,IMF (WEO)
WSM,GDP growth,2028,2.467,%,IMF (WEO)
WSM,GDP growth,2029,2.226,%,IMF (WEO)
WSM,GDP growth,2030,2.055,%,IMF (WEO)
WSM,GDP growth,2031,1.985,%,IMF (WEO)
WSM,Inflation,2027,3.2,%,IMF (WEO)
WSM,Inflation,2028,3.0,%,IMF (WEO)
WSM,Inflation,2029,3.0,%,IMF (WEO)
WSM,Inflation,2030,3.0,%,IMF (WEO)
WSM,Inflation,2031,3.0,%,IMF (WEO)
WSM,Fiscal balance,2027,-0.404,% GDP,IMF (WEO)
WSM,Fiscal balance,2028,-1.286,% GDP,IMF (WEO)
WSM,Fiscal balance,2029,-1.456,% GDP,IMF (WEO)
WSM,Fiscal balance,2030,-1.537,% GDP,IMF (WEO)
WSM,Fiscal balance,2031,-1.544,% GDP,IMF (WEO)
WSM,Gen gov debt,2027,16.635,% GDP,IMF (WEO)
WSM,Gen gov debt,2028,17.166,% GDP,IMF (WEO)
WSM,Gen gov debt,2029,17.746,% GDP,IMF (WEO)
WSM,Gen gov debt,2030,18.512,% GDP,IMF (WEO)
WSM,Gen gov debt,2031,19.173,% GDP,IMF (WEO)
SLB,GDP growth,2027,2.876,%,IMF (WEO)
SLB,GDP growth,2028,2.955,%,IMF (WEO)
SLB,GDP growth,2029,2.974,%,IMF (WEO)
SLB,GDP growth,2030,3.037,%,IMF (WEO)
SLB,GDP growth,2031,2.978,%,IMF (WEO)
SLB,Inflation,2027,2.5,%,IMF (WEO)
SLB,Inflation,2028,2.5,%,IMF (WEO)
SLB,Inflation,2029,2.625,%,IMF (WEO)
SLB,Inflation,2030,2.875,%,IMF (WEO)
SLB,Inflation,2031,3.0,%,IMF (WEO)
SLB,Fiscal balance,2027,-3.201,% GDP,IMF (WEO)
SLB,Fiscal balance,2028,-3.211,% GDP,IMF (WEO)
SLB,Fiscal balance,2029,-3.011,% GDP,IMF (WEO)
SLB,Fiscal balance,2030,-2.875,% GDP,IMF (WEO)
SLB,Fiscal balance,2031,-2.948,% GDP,IMF (WEO)
SLB,Fiscal balance,2027,-2.6,% GDP,IMF (WEO)
SLB,Fiscal balance,2028,-2.505,% GDP,IMF (WEO)
SLB,Fiscal balance,2029,-2.341,% GDP,IMF (WEO)
SLB,Fiscal balance,2030,-2.109,% GDP,IMF (WEO)
SLB,Fiscal balance,2031,-2.146,% GDP,IMF (WEO)
SLB,Gen gov debt,2027,31.254,% GDP,IMF (WEO)
SLB,Gen gov debt,2028,32.455,% GDP,IMF (WEO)
SLB,Gen gov debt,2029,33.373,% GDP,IMF (WEO)
SLB,Gen gov debt,2030,34.087,% GDP,IMF (WEO)
SLB,Gen gov debt,2031,34.94,% GDP,IMF (WEO)
THA,GDP growth,2027,2.101,%,IMF (WEO)
THA,GDP growth,2028,2.292,%,IMF (WEO)
THA,GDP growth,2029,2.456,%,IMF (WEO)
THA,GDP growth,2030,2.497,%,IMF (WEO)
THA,GDP growth,2031,2.5,%,IMF (WEO)
THA,Inflation,2027,1.006,%,IMF (WEO)
THA,Inflation,2028,1.2,%,IMF (WEO)
THA,Inflation,2029,1.4,%,IMF (WEO)
THA,Inflation,2030,1.5,%,IMF (WEO)
THA,Inflation,2031,1.8,%,IMF (WEO)
THA,Fiscal balance,2027,-1.942,% GDP,IMF (WEO)
THA,Fiscal balance,2028,-2.044,% GDP,IMF (WEO)
THA,Fiscal balance,2029,-2.189,% GDP,IMF (WEO)
THA,Fiscal balance,2030,-2.204,% GDP,IMF (WEO)
THA,Fiscal balance,2031,-2.216,% GDP,IMF (WEO)
THA,Fiscal balance,2027,-0.723,% GDP,IMF (WEO)
THA,Fiscal balance,2028,-0.751,% GDP,IMF (WEO)
THA,Fiscal balance,2029,-0.766,% GDP,IMF (WEO)
THA,Fiscal balance,2030,-0.775,% GDP,IMF (WEO)
THA,Fiscal balance,2031,-0.781,% GDP,IMF (WEO)
THA,Gen gov debt,2027,67.82,% GDP,IMF (WEO)
THA,Gen gov debt,2028,68.561,% GDP,IMF (WEO)
THA,Gen gov debt,2029,69.123,% GDP,IMF (WEO)
THA,Gen gov debt,2030,69.518,% GDP,IMF (WEO)
THA,Gen gov debt,2031,69.699,% GDP,IMF (WEO)
TLS,GDP growth,2027,3.8,%,IMF (WEO)
TLS,GDP growth,2028,3.6,%,IMF (WEO)
TLS,GDP growth,2029,3.4,%,IMF (WEO)
TLS,GDP growth,2030,3.3,%,IMF (WEO)
TLS,GDP growth,2031,3.2,%,IMF (WEO)
TLS,Inflation,2027,1.989,%,IMF (WEO)
TLS,Inflation,2028,2.0,%,IMF (WEO)
TLS,Inflation,2029,2.0,%,IMF (WEO)
TLS,Inflation,2030,2.0,%,IMF (WEO)
TLS,Inflation,2031,2.0,%,IMF (WEO)
TLS,Fiscal balance,2027,-50.647,% GDP,IMF (WEO)
TLS,Fiscal balance,2028,-51.032,% GDP,IMF (WEO)
TLS,Fiscal balance,2029,-51.272,% GDP,IMF (WEO)
TLS,Fiscal balance,2030,-51.496,% GDP,IMF (WEO)
TLS,Fiscal balance,2031,-51.733,% GDP,IMF (WEO)
TLS,Fiscal balance,2027,-50.262,% GDP,IMF (WEO)
TLS,Fiscal balance,2028,-50.664,% GDP,IMF (WEO)
TLS,Fiscal balance,2029,-50.919,% GDP,IMF (WEO)
TLS,Fiscal balance,2030,-51.158,% GDP,IMF (WEO)
TLS,Fiscal balance,2031,-51.555,% GDP,IMF (WEO)
TLS,Gen gov debt,2027,14.882,% GDP,IMF (WEO)
TLS,Gen gov debt,2028,14.761,% GDP,IMF (WEO)
TLS,Gen gov debt,2029,14.726,% GDP,IMF (WEO)
TLS,Gen gov debt,2030,14.747,% GDP,IMF (WEO)
TLS,Gen gov debt,2031,16.001,% GDP,IMF (WEO)
TON,GDP growth,2027,1.335,%,IMF (WEO)
TON,GDP growth,2028,1.304,%,IMF (WEO)
TON,GDP growth,2029,1.252,%,IMF (WEO)
TON,GDP growth,2030,1.253,%,IMF (WEO)
TON,GDP growth,2031,1.254,%,IMF (WEO)
TON,Inflation,2027,6.2,%,IMF (WEO)
TON,Inflation,2028,3.591,%,IMF (WEO)
TON,Inflation,2029,3.643,%,IMF (WEO)
TON,Inflation,2030,3.571,%,IMF (WEO)
TON,Inflation,2031,3.626,%,IMF (WEO)
TON,Fiscal balance,2027,-8.013,% GDP,IMF (WEO)
TON,Fiscal balance,2028,-9.269,% GDP,IMF (WEO)
TON,Fiscal balance,2029,-10.349,% GDP,IMF (WEO)
TON,Fiscal balance,2030,-11.71,% GDP,IMF (WEO)
TON,Fiscal balance,2031,-11.636,% GDP,IMF (WEO)
TON,Fiscal balance,2027,-7.561,% GDP,IMF (WEO)
TON,Fiscal balance,2028,-8.733,% GDP,IMF (WEO)
TON,Fiscal balance,2029,-9.71,% GDP,IMF (WEO)
TON,Fiscal balance,2030,-10.933,% GDP,IMF (WEO)
TON,Fiscal balance,2031,-10.709,% GDP,IMF (WEO)
TON,Gen gov debt,2027,41.109,% GDP,IMF (WEO)
TON,Gen gov debt,2028,48.947,% GDP,IMF (WEO)
TON,Gen gov debt,2029,57.613,% GDP,IMF (WEO)
TON,Gen gov debt,2030,67.342,% GDP,IMF (WEO)
TON,Gen gov debt,2031,76.65,% GDP,IMF (WEO)
TUV,GDP growth,2027,2.379,%,IMF (WEO)
TUV,GDP growth,2028,2.316,%,IMF (WEO)
TUV,GDP growth,2029,2.013,%,IMF (WEO)
TUV,GDP growth,2030,1.806,%,IMF (WEO)
TUV,GDP growth,2031,1.645,%,IMF (WEO)
TUV,Inflation,2027,2.691,%,IMF (WEO)
TUV,Inflation,2028,2.53,%,IMF (WEO)
TUV,Inflation,2029,2.474,%,IMF (WEO)
TUV,Inflation,2030,2.452,%,IMF (WEO)
TUV,Inflation,2031,2.466,%,IMF (WEO)
TUV,Fiscal balance,2027,-4.539,% GDP,IMF (WEO)
TUV,Fiscal balance,2028,-5.825,% GDP,IMF (WEO)
TUV,Fiscal balance,2029,-6.929,% GDP,IMF (WEO)
TUV,Fiscal balance,2030,-7.903,% GDP,IMF (WEO)
TUV,Fiscal balance,2031,-8.776,% GDP,IMF (WEO)
TUV,Fiscal balance,2027,-7.51,% GDP,IMF (WEO)
TUV,Fiscal balance,2028,-8.8,% GDP,IMF (WEO)
TUV,Fiscal balance,2029,-9.907,% GDP,IMF (WEO)
TUV,Fiscal balance,2030,-10.884,% GDP,IMF (WEO)
TUV,Fiscal balance,2031,-11.761,% GDP,IMF (WEO)
TUV,Gen gov debt,2027,2.912,% GDP,IMF (WEO)
TUV,Gen gov debt,2028,2.618,% GDP,IMF (WEO)
TUV,Gen gov debt,2029,2.353,% GDP,IMF (WEO)
TUV,Gen gov debt,2030,2.11,% GDP,IMF (WEO)
TUV,Gen gov debt,2031,1.888,% GDP,IMF (WEO)
VUT,GDP growth,2027,3.15,%,IMF (WEO)
VUT,GDP growth,2028,2.796,%,IMF (WEO)
VUT,GDP growth,2029,2.548,%,IMF (WEO)
VUT,GDP growth,2030,2.531,%,IMF (WEO)
VUT,GDP growth,2031,2.457,%,IMF (WEO)
VUT,Inflation,2027,3.36,%,IMF (WEO)
VUT,Inflation,2028,2.298,%,IMF (WEO)
VUT,Inflation,2029,2.253,%,IMF (WEO)
VUT,Inflation,2030,2.253,%,IMF (WEO)
VUT,Inflation,2031,2.253,%,IMF (WEO)
VUT,Fiscal balance,2027,-3.966,% GDP,IMF (WEO)
VUT,Fiscal balance,2028,-3.88,% GDP,IMF (WEO)
VUT,Fiscal balance,2029,-3.818,% GDP,IMF (WEO)
VUT,Fiscal balance,2030,-3.705,% GDP,IMF (WEO)
VUT,Fiscal balance,2031,-3.762,% GDP,IMF (WEO)
VUT,Fiscal balance,2027,-2.559,% GDP,IMF (WEO)
VUT,Fiscal balance,2028,-2.317,% GDP,IMF (WEO)
VUT,Fiscal balance,2029,-2.078,% GDP,IMF (WEO)
VUT,Fiscal balance,2030,-1.827,% GDP,IMF (WEO)
VUT,Fiscal balance,2031,-1.81,% GDP,IMF (WEO)
VUT,Gen gov debt,2027,45.252,% GDP,IMF (WEO)
VUT,Gen gov debt,2028,47.336,% GDP,IMF (WEO)
VUT,Gen gov debt,2029,49.347,% GDP,IMF (WEO)
VUT,Gen gov debt,2030,51.142,% GDP,IMF (WEO)
VUT,Gen gov debt,2031,52.929,% GDP,IMF (WEO)
VNM,GDP growth,2027,6.7,%,IMF (WEO)
VNM,GDP growth,2028,6.2,%,IMF (WEO)
VNM,GDP growth,2029,5.6,%,IMF (WEO)
VNM,GDP growth,2030,5.39,%,IMF (WEO)
VNM,GDP growth,2031,5.39,%,IMF (WEO)
VNM,Inflation,2027,4.559,%,IMF (WEO)
VNM,Inflation,2028,3.663,%,IMF (WEO)
VNM,Inflation,2029,3.6,%,IMF (WEO)
VNM,Inflation,2030,3.6,%,IMF (WEO)
VNM,Inflation,2031,3.6,%,IMF (WEO)
VNM,Fiscal balance,2027,-1.555,% GDP,IMF (WEO)
VNM,Fiscal balance,2028,-1.402,% GDP,IMF (WEO)
VNM,Fiscal balance,2029,-1.316,% GDP,IMF (WEO)
VNM,Fiscal balance,2030,-1.316,% GDP,IMF (WEO)
VNM,Fiscal balance,2031,-1.251,% GDP,IMF (WEO)
VNM,Fiscal balance,2027,-0.671,% GDP,IMF (WEO)
VNM,Fiscal balance,2028,-0.5,% GDP,IMF (WEO)
VNM,Fiscal balance,2029,-0.395,% GDP,IMF (WEO)
VNM,Fiscal balance,2030,-0.373,% GDP,IMF (WEO)
VNM,Fiscal balance,2031,-0.303,% GDP,IMF (WEO)
VNM,Gen gov debt,2027,29.049,% GDP,IMF (WEO)
VNM,Gen gov debt,2028,28.277,% GDP,IMF (WEO)
VNM,Gen gov debt,2029,27.664,% GDP,IMF (WEO)
VNM,Gen gov debt,2030,27.166,% GDP,IMF (WEO)
VNM,Gen gov debt,2031,26.634,% GDP,IMF (WEO)
ALB,GDP growth,2027,3.195,%,IMF (WEO)
ALB,GDP growth,2028,3.239,%,IMF (WEO)
ALB,GDP growth,2029,3.185,%,IMF (WEO)
ALB,GDP growth,2030,3.178,%,IMF (WEO)
ALB,GDP growth,2031,3.177,%,IMF (WEO)
ALB,Inflation,2027,3.117,%,IMF (WEO)
ALB,Inflation,2028,2.974,%,IMF (WEO)
ALB,Inflation,2029,2.999,%,IMF (WEO)
ALB,Inflation,2030,2.999,%,IMF (WEO)
ALB,Inflation,2031,3.007,%,IMF (WEO)
ALB,Fiscal balance,2027,-2.241,% GDP,IMF (WEO)
ALB,Fiscal balance,2028,-2.254,% GDP,IMF (WEO)
ALB,Fiscal balance,2029,-2.218,% GDP,IMF (WEO)
ALB,Fiscal balance,2030,-2.293,% GDP,IMF (WEO)
ALB,Fiscal balance,2031,-2.25,% GDP,IMF (WEO)
ALB,Fiscal balance,2027,-0.005,% GDP,IMF (WEO)
ALB,Fiscal balance,2028,0.004,% GDP,IMF (WEO)
ALB,Fiscal balance,2029,0.009,% GDP,IMF (WEO)
ALB,Fiscal balance,2030,-0.012,% GDP,IMF (WEO)
ALB,Fiscal balance,2031,0.006,% GDP,IMF (WEO)
ALB,Gen gov debt,2027,50.702,% GDP,IMF (WEO)
ALB,Gen gov debt,2028,49.941,% GDP,IMF (WEO)
ALB,Gen gov debt,2029,49.222,% GDP,IMF (WEO)
ALB,Gen gov debt,2030,48.611,% GDP,IMF (WEO)
ALB,Gen gov debt,2031,47.994,% GDP,IMF (WEO)
BLR,GDP growth,2027,0.989,%,IMF (WEO)
BLR,GDP growth,2028,1.041,%,IMF (WEO)
BLR,GDP growth,2029,0.943,%,IMF (WEO)
BLR,GDP growth,2030,0.97,%,IMF (WEO)
BLR,GDP growth,2031,0.918,%,IMF (WEO)
BLR,Inflation,2027,6.167,%,IMF (WEO)
BLR,Inflation,2028,5.72,%,IMF (WEO)
BLR,Inflation,2029,5.127,%,IMF (WEO)
BLR,Inflation,2030,5.029,%,IMF (WEO)
BLR,Inflation,2031,4.978,%,IMF (WEO)
BLR,Fiscal balance,2027,-0.167,% GDP,IMF (WEO)
BLR,Fiscal balance,2028,-0.137,% GDP,IMF (WEO)
BLR,Fiscal balance,2029,-0.163,% GDP,IMF (WEO)
BLR,Fiscal balance,2030,-0.192,% GDP,IMF (WEO)
BLR,Fiscal balance,2031,-0.252,% GDP,IMF (WEO)
BLR,Fiscal balance,2027,0.926,% GDP,IMF (WEO)
BLR,Fiscal balance,2028,0.92,% GDP,IMF (WEO)
BLR,Fiscal balance,2029,0.852,% GDP,IMF (WEO)
BLR,Fiscal balance,2030,0.791,% GDP,IMF (WEO)
BLR,Fiscal balance,2031,0.703,% GDP,IMF (WEO)
BLR,Gen gov debt,2027,31.543,% GDP,IMF (WEO)
BLR,Gen gov debt,2028,30.708,% GDP,IMF (WEO)
BLR,Gen gov debt,2029,29.693,% GDP,IMF (WEO)
BLR,Gen gov debt,2030,28.885,% GDP,IMF (WEO)
BLR,Gen gov debt,2031,28.158,% GDP,IMF (WEO)
BIH,GDP growth,2027,2.7,%,IMF (WEO)
BIH,GDP growth,2028,3.0,%,IMF (WEO)
BIH,GDP growth,2029,3.0,%,IMF (WEO)
BIH,GDP growth,2030,3.0,%,IMF (WEO)
BIH,GDP growth,2031,3.0,%,IMF (WEO)
BIH,Inflation,2027,2.882,%,IMF (WEO)
BIH,Inflation,2028,2.041,%,IMF (WEO)
BIH,Inflation,2029,2.047,%,IMF (WEO)
BIH,Inflation,2030,2.022,%,IMF (WEO)
BIH,Inflation,2031,1.984,%,IMF (WEO)
BIH,Fiscal balance,2027,-4.256,% GDP,IMF (WEO)
BIH,Fiscal balance,2028,-4.521,% GDP,IMF (WEO)
BIH,Fiscal balance,2029,-4.607,% GDP,IMF (WEO)
BIH,Fiscal balance,2030,-4.613,% GDP,IMF (WEO)
BIH,Fiscal balance,2031,-4.626,% GDP,IMF (WEO)
BIH,Fiscal balance,2027,-2.883,% GDP,IMF (WEO)
BIH,Fiscal balance,2028,-2.961,% GDP,IMF (WEO)
BIH,Fiscal balance,2029,-2.845,% GDP,IMF (WEO)
BIH,Fiscal balance,2030,-2.68,% GDP,IMF (WEO)
BIH,Fiscal balance,2031,-2.465,% GDP,IMF (WEO)
BIH,Gen gov debt,2027,32.528,% GDP,IMF (WEO)
BIH,Gen gov debt,2028,34.834,% GDP,IMF (WEO)
BIH,Gen gov debt,2029,37.101,% GDP,IMF (WEO)
BIH,Gen gov debt,2030,39.355,% GDP,IMF (WEO)
BIH,Gen gov debt,2031,41.703,% GDP,IMF (WEO)
BGR,GDP growth,2027,2.476,%,IMF (WEO)
BGR,GDP growth,2028,2.758,%,IMF (WEO)
BGR,GDP growth,2029,2.638,%,IMF (WEO)
BGR,GDP growth,2030,2.64,%,IMF (WEO)
BGR,GDP growth,2031,2.637,%,IMF (WEO)
BGR,Inflation,2027,3.714,%,IMF (WEO)
BGR,Inflation,2028,3.446,%,IMF (WEO)
BGR,Inflation,2029,2.546,%,IMF (WEO)
BGR,Inflation,2030,2.407,%,IMF (WEO)
BGR,Inflation,2031,2.246,%,IMF (WEO)
BGR,Fiscal balance,2027,-3.552,% GDP,IMF (WEO)
BGR,Fiscal balance,2028,-3.343,% GDP,IMF (WEO)
BGR,Fiscal balance,2029,-3.372,% GDP,IMF (WEO)
BGR,Fiscal balance,2030,-3.363,% GDP,IMF (WEO)
BGR,Fiscal balance,2031,-3.335,% GDP,IMF (WEO)
BGR,Fiscal balance,2027,-2.712,% GDP,IMF (WEO)
BGR,Fiscal balance,2028,-2.39,% GDP,IMF (WEO)
BGR,Fiscal balance,2029,-2.518,% GDP,IMF (WEO)
BGR,Fiscal balance,2030,-2.448,% GDP,IMF (WEO)
BGR,Fiscal balance,2031,-2.359,% GDP,IMF (WEO)
BGR,Gen gov debt,2027,29.738,% GDP,IMF (WEO)
BGR,Gen gov debt,2028,30.872,% GDP,IMF (WEO)
BGR,Gen gov debt,2029,32.725,% GDP,IMF (WEO)
BGR,Gen gov debt,2030,34.354,% GDP,IMF (WEO)
BGR,Gen gov debt,2031,35.852,% GDP,IMF (WEO)
HUN,GDP growth,2027,2.05,%,IMF (WEO)
HUN,GDP growth,2028,2.268,%,IMF (WEO)
HUN,GDP growth,2029,2.511,%,IMF (WEO)
HUN,GDP growth,2030,2.511,%,IMF (WEO)
HUN,GDP growth,2031,2.511,%,IMF (WEO)
HUN,Inflation,2027,3.467,%,IMF (WEO)
HUN,Inflation,2028,3.065,%,IMF (WEO)
HUN,Inflation,2029,2.983,%,IMF (WEO)
HUN,Inflation,2030,2.996,%,IMF (WEO)
HUN,Inflation,2031,3.009,%,IMF (WEO)
HUN,Fiscal balance,2027,-5.723,% GDP,IMF (WEO)
HUN,Fiscal balance,2028,-5.847,% GDP,IMF (WEO)
HUN,Fiscal balance,2029,-5.71,% GDP,IMF (WEO)
HUN,Fiscal balance,2030,-5.605,% GDP,IMF (WEO)
HUN,Fiscal balance,2031,-5.487,% GDP,IMF (WEO)
HUN,Fiscal balance,2027,-1.975,% GDP,IMF (WEO)
HUN,Fiscal balance,2028,-1.805,% GDP,IMF (WEO)
HUN,Fiscal balance,2029,-1.425,% GDP,IMF (WEO)
HUN,Fiscal balance,2030,-1.022,% GDP,IMF (WEO)
HUN,Fiscal balance,2031,-0.724,% GDP,IMF (WEO)
HUN,Gen gov debt,2027,80.265,% GDP,IMF (WEO)
HUN,Gen gov debt,2028,82.778,% GDP,IMF (WEO)
HUN,Gen gov debt,2029,84.985,% GDP,IMF (WEO)
HUN,Gen gov debt,2030,87.014,% GDP,IMF (WEO)
HUN,Gen gov debt,2031,88.793,% GDP,IMF (WEO)
MDA,GDP growth,2027,3.2,%,IMF (WEO)
MDA,GDP growth,2028,3.65,%,IMF (WEO)
MDA,GDP growth,2029,3.6,%,IMF (WEO)
MDA,GDP growth,2030,3.55,%,IMF (WEO)
MDA,GDP growth,2031,3.5,%,IMF (WEO)
MDA,Inflation,2027,5.463,%,IMF (WEO)
MDA,Inflation,2028,4.961,%,IMF (WEO)
MDA,Inflation,2029,5.0,%,IMF (WEO)
MDA,Inflation,2030,5.0,%,IMF (WEO)
MDA,Inflation,2031,5.0,%,IMF (WEO)
MDA,Fiscal balance,2027,-4.7,% GDP,IMF (WEO)
MDA,Fiscal balance,2028,-4.306,% GDP,IMF (WEO)
MDA,Fiscal balance,2029,-4.026,% GDP,IMF (WEO)
MDA,Fiscal balance,2030,-3.594,% GDP,IMF (WEO)
MDA,Fiscal balance,2031,-3.369,% GDP,IMF (WEO)
MDA,Fiscal balance,2027,-3.041,% GDP,IMF (WEO)
MDA,Fiscal balance,2028,-2.634,% GDP,IMF (WEO)
MDA,Fiscal balance,2029,-2.314,% GDP,IMF (WEO)
MDA,Fiscal balance,2030,-1.865,% GDP,IMF (WEO)
MDA,Fiscal balance,2031,-1.64,% GDP,IMF (WEO)
MDA,Gen gov debt,2027,40.832,% GDP,IMF (WEO)
MDA,Gen gov debt,2028,41.719,% GDP,IMF (WEO)
MDA,Gen gov debt,2029,42.34,% GDP,IMF (WEO)
MDA,Gen gov debt,2030,42.493,% GDP,IMF (WEO)
MDA,Gen gov debt,2031,42.527,% GDP,IMF (WEO)
MNE,GDP growth,2027,2.7,%,IMF (WEO)
MNE,GDP growth,2028,3.2,%,IMF (WEO)
MNE,GDP growth,2029,3.005,%,IMF (WEO)
MNE,GDP growth,2030,2.99,%,IMF (WEO)
MNE,GDP growth,2031,3.0,%,IMF (WEO)
MNE,Inflation,2027,2.856,%,IMF (WEO)
MNE,Inflation,2028,2.25,%,IMF (WEO)
MNE,Inflation,2029,2.208,%,IMF (WEO)
MNE,Inflation,2030,2.218,%,IMF (WEO)
MNE,Inflation,2031,2.218,%,IMF (WEO)
MNE,Fiscal balance,2027,-3.999,% GDP,IMF (WEO)
MNE,Fiscal balance,2028,-3.797,% GDP,IMF (WEO)
MNE,Fiscal balance,2029,-3.893,% GDP,IMF (WEO)
MNE,Fiscal balance,2030,-4.041,% GDP,IMF (WEO)
MNE,Fiscal balance,2031,-4.331,% GDP,IMF (WEO)
MNE,Fiscal balance,2027,-1.399,% GDP,IMF (WEO)
MNE,Fiscal balance,2028,-1.224,% GDP,IMF (WEO)
MNE,Fiscal balance,2029,-1.32,% GDP,IMF (WEO)
MNE,Fiscal balance,2030,-1.464,% GDP,IMF (WEO)
MNE,Fiscal balance,2031,-1.428,% GDP,IMF (WEO)
MNE,Gen gov debt,2027,62.788,% GDP,IMF (WEO)
MNE,Gen gov debt,2028,63.125,% GDP,IMF (WEO)
MNE,Gen gov debt,2029,64.096,% GDP,IMF (WEO)
MNE,Gen gov debt,2030,64.973,% GDP,IMF (WEO)
MNE,Gen gov debt,2031,66.052,% GDP,IMF (WEO)
MKD,GDP growth,2027,3.0,%,IMF (WEO)
MKD,GDP growth,2028,3.0,%,IMF (WEO)
MKD,GDP growth,2029,3.0,%,IMF (WEO)
MKD,GDP growth,2030,3.0,%,IMF (WEO)
MKD,GDP growth,2031,3.0,%,IMF (WEO)
MKD,Inflation,2027,4.1,%,IMF (WEO)
MKD,Inflation,2028,3.2,%,IMF (WEO)
MKD,Inflation,2029,2.5,%,IMF (WEO)
MKD,Inflation,2030,2.2,%,IMF (WEO)
MKD,Inflation,2031,2.0,%,IMF (WEO)
MKD,Fiscal balance,2027,-3.868,% GDP,IMF (WEO)
MKD,Fiscal balance,2028,-3.559,% GDP,IMF (WEO)
MKD,Fiscal balance,2029,-3.259,% GDP,IMF (WEO)
MKD,Fiscal balance,2030,-2.959,% GDP,IMF (WEO)
MKD,Fiscal balance,2031,-2.965,% GDP,IMF (WEO)
MKD,Fiscal balance,2027,-1.914,% GDP,IMF (WEO)
MKD,Fiscal balance,2028,-1.314,% GDP,IMF (WEO)
MKD,Fiscal balance,2029,-1.014,% GDP,IMF (WEO)
MKD,Fiscal balance,2030,-0.714,% GDP,IMF (WEO)
MKD,Fiscal balance,2031,-0.715,% GDP,IMF (WEO)
MKD,Gen gov debt,2027,53.356,% GDP,IMF (WEO)
MKD,Gen gov debt,2028,53.594,% GDP,IMF (WEO)
MKD,Gen gov debt,2029,53.994,% GDP,IMF (WEO)
MKD,Gen gov debt,2030,53.838,% GDP,IMF (WEO)
MKD,Gen gov debt,2031,53.82,% GDP,IMF (WEO)
POL,GDP growth,2027,2.38,%,IMF (WEO)
POL,GDP growth,2028,2.631,%,IMF (WEO)
POL,GDP growth,2029,2.553,%,IMF (WEO)
POL,GDP growth,2030,2.482,%,IMF (WEO)
POL,GDP growth,2031,2.481,%,IMF (WEO)
POL,Inflation,2027,3.284,%,IMF (WEO)
POL,Inflation,2028,3.85,%,IMF (WEO)
POL,Inflation,2029,2.7,%,IMF (WEO)
POL,Inflation,2030,2.5,%,IMF (WEO)
POL,Inflation,2031,2.5,%,IMF (WEO)
POL,Fiscal balance,2027,-6.365,% GDP,IMF (WEO)
POL,Fiscal balance,2028,-5.72,% GDP,IMF (WEO)
POL,Fiscal balance,2029,-5.392,% GDP,IMF (WEO)
POL,Fiscal balance,2030,-5.023,% GDP,IMF (WEO)
POL,Fiscal balance,2031,-4.811,% GDP,IMF (WEO)
POL,Fiscal balance,2027,-3.637,% GDP,IMF (WEO)
POL,Fiscal balance,2028,-3.049,% GDP,IMF (WEO)
POL,Fiscal balance,2029,-2.657,% GDP,IMF (WEO)
POL,Fiscal balance,2030,-2.248,% GDP,IMF (WEO)
POL,Fiscal balance,2031,-2.029,% GDP,IMF (WEO)
POL,Gen gov debt,2027,69.573,% GDP,IMF (WEO)
POL,Gen gov debt,2028,71.568,% GDP,IMF (WEO)
POL,Gen gov debt,2029,73.859,% GDP,IMF (WEO)
POL,Gen gov debt,2030,75.846,% GDP,IMF (WEO)
POL,Gen gov debt,2031,77.574,% GDP,IMF (WEO)
ROU,GDP growth,2027,2.452,%,IMF (WEO)
ROU,GDP growth,2028,2.701,%,IMF (WEO)
ROU,GDP growth,2029,2.863,%,IMF (WEO)
ROU,GDP growth,2030,3.084,%,IMF (WEO)
ROU,GDP growth,2031,3.069,%,IMF (WEO)
ROU,Inflation,2027,3.857,%,IMF (WEO)
ROU,Inflation,2028,4.295,%,IMF (WEO)
ROU,Inflation,2029,2.994,%,IMF (WEO)
ROU,Inflation,2030,2.797,%,IMF (WEO)
ROU,Inflation,2031,2.537,%,IMF (WEO)
ROU,Fiscal balance,2027,-5.763,% GDP,IMF (WEO)
ROU,Fiscal balance,2028,-5.748,% GDP,IMF (WEO)
ROU,Fiscal balance,2029,-5.63,% GDP,IMF (WEO)
ROU,Fiscal balance,2030,-5.377,% GDP,IMF (WEO)
ROU,Fiscal balance,2031,-5.242,% GDP,IMF (WEO)
ROU,Fiscal balance,2027,-2.865,% GDP,IMF (WEO)
ROU,Fiscal balance,2028,-2.643,% GDP,IMF (WEO)
ROU,Fiscal balance,2029,-2.179,% GDP,IMF (WEO)
ROU,Fiscal balance,2030,-1.872,% GDP,IMF (WEO)
ROU,Fiscal balance,2031,-1.579,% GDP,IMF (WEO)
ROU,Gen gov debt,2027,63.876,% GDP,IMF (WEO)
ROU,Gen gov debt,2028,65.292,% GDP,IMF (WEO)
ROU,Gen gov debt,2029,67.253,% GDP,IMF (WEO)
ROU,Gen gov debt,2030,68.835,% GDP,IMF (WEO)
ROU,Gen gov debt,2031,70.394,% GDP,IMF (WEO)
RUS,GDP growth,2027,1.088,%,IMF (WEO)
RUS,GDP growth,2028,1.0,%,IMF (WEO)
RUS,GDP growth,2029,1.0,%,IMF (WEO)
RUS,GDP growth,2030,1.0,%,IMF (WEO)
RUS,GDP growth,2031,1.0,%,IMF (WEO)
RUS,Inflation,2027,4.278,%,IMF (WEO)
RUS,Inflation,2028,4.0,%,IMF (WEO)
RUS,Inflation,2029,4.0,%,IMF (WEO)
RUS,Inflation,2030,4.0,%,IMF (WEO)
RUS,Inflation,2031,4.0,%,IMF (WEO)
RUS,Fiscal balance,2027,-2.424,% GDP,IMF (WEO)
RUS,Fiscal balance,2028,-3.133,% GDP,IMF (WEO)
RUS,Fiscal balance,2029,-2.395,% GDP,IMF (WEO)
RUS,Fiscal balance,2030,-2.5,% GDP,IMF (WEO)
RUS,Fiscal balance,2031,-2.756,% GDP,IMF (WEO)
RUS,Fiscal balance,2027,-1.387,% GDP,IMF (WEO)
RUS,Fiscal balance,2028,-1.875,% GDP,IMF (WEO)
RUS,Fiscal balance,2029,-0.93,% GDP,IMF (WEO)
RUS,Fiscal balance,2030,-0.896,% GDP,IMF (WEO)
RUS,Fiscal balance,2031,-0.997,% GDP,IMF (WEO)
RUS,Gen gov debt,2027,21.165,% GDP,IMF (WEO)
RUS,Gen gov debt,2028,23.623,% GDP,IMF (WEO)
RUS,Gen gov debt,2029,25.375,% GDP,IMF (WEO)
RUS,Gen gov debt,2030,27.2,% GDP,IMF (WEO)
RUS,Gen gov debt,2031,29.131,% GDP,IMF (WEO)
SRB,GDP growth,2027,3.538,%,IMF (WEO)
SRB,GDP growth,2028,3.481,%,IMF (WEO)
SRB,GDP growth,2029,3.491,%,IMF (WEO)
SRB,GDP growth,2030,3.546,%,IMF (WEO)
SRB,GDP growth,2031,3.546,%,IMF (WEO)
SRB,Inflation,2027,4.865,%,IMF (WEO)
SRB,Inflation,2028,2.98,%,IMF (WEO)
SRB,Inflation,2029,2.97,%,IMF (WEO)
SRB,Inflation,2030,2.97,%,IMF (WEO)
SRB,Inflation,2031,2.97,%,IMF (WEO)
SRB,Fiscal balance,2027,-2.905,% GDP,IMF (WEO)
SRB,Fiscal balance,2028,-2.466,% GDP,IMF (WEO)
SRB,Fiscal balance,2029,-2.413,% GDP,IMF (WEO)
SRB,Fiscal balance,2030,-1.927,% GDP,IMF (WEO)
SRB,Fiscal balance,2031,-1.928,% GDP,IMF (WEO)
SRB,Fiscal balance,2027,-0.985,% GDP,IMF (WEO)
SRB,Fiscal balance,2028,-0.57,% GDP,IMF (WEO)
SRB,Fiscal balance,2029,-0.51,% GDP,IMF (WEO)
SRB,Fiscal balance,2030,-0.065,% GDP,IMF (WEO)
SRB,Fiscal balance,2031,-0.048,% GDP,IMF (WEO)
SRB,Gen gov debt,2027,42.968,% GDP,IMF (WEO)
SRB,Gen gov debt,2028,42.74,% GDP,IMF (WEO)
SRB,Gen gov debt,2029,42.595,% GDP,IMF (WEO)
SRB,Gen gov debt,2030,42.351,% GDP,IMF (WEO)
SRB,Gen gov debt,2031,42.103,% GDP,IMF (WEO)
TUR,GDP growth,2027,3.472,%,IMF (WEO)
TUR,GDP growth,2028,3.839,%,IMF (WEO)
TUR,GDP growth,2029,4.009,%,IMF (WEO)
TUR,GDP growth,2030,4.033,%,IMF (WEO)
TUR,GDP growth,2031,4.023,%,IMF (WEO)
TUR,Inflation,2027,21.357,%,IMF (WEO)
TUR,Inflation,2028,16.986,%,IMF (WEO)
TUR,Inflation,2029,15.004,%,IMF (WEO)
TUR,Inflation,2030,15.004,%,IMF (WEO)
TUR,Inflation,2031,15.004,%,IMF (WEO)
TUR,Fiscal balance,2027,-3.666,% GDP,IMF (WEO)
TUR,Fiscal balance,2028,-3.514,% GDP,IMF (WEO)
TUR,Fiscal balance,2029,-2.895,% GDP,IMF (WEO)
TUR,Fiscal balance,2030,-2.788,% GDP,IMF (WEO)
TUR,Fiscal balance,2031,-2.683,% GDP,IMF (WEO)
TUR,Fiscal balance,2027,-0.266,% GDP,IMF (WEO)
TUR,Fiscal balance,2028,-0.322,% GDP,IMF (WEO)
TUR,Fiscal balance,2029,-0.304,% GDP,IMF (WEO)
TUR,Fiscal balance,2030,-0.275,% GDP,IMF (WEO)
TUR,Fiscal balance,2031,-0.268,% GDP,IMF (WEO)
TUR,Gen gov debt,2027,26.894,% GDP,IMF (WEO)
TUR,Gen gov debt,2028,27.315,% GDP,IMF (WEO)
TUR,Gen gov debt,2029,27.411,% GDP,IMF (WEO)
TUR,Gen gov debt,2030,28.042,% GDP,IMF (WEO)
TUR,Gen gov debt,2031,27.486,% GDP,IMF (WEO)
UKR,GDP growth,2027,3.5,%,IMF (WEO)
UKR,GDP growth,2028,4.2,%,IMF (WEO)
UKR,GDP growth,2029,3.9,%,IMF (WEO)
UKR,GDP growth,2030,3.7,%,IMF (WEO)
UKR,GDP growth,2031,3.6,%,IMF (WEO)
UKR,Inflation,2027,7.657,%,IMF (WEO)
UKR,Inflation,2028,5.699,%,IMF (WEO)
UKR,Inflation,2029,5.181,%,IMF (WEO)
UKR,Inflation,2030,5.0,%,IMF (WEO)
UKR,Inflation,2031,4.998,%,IMF (WEO)
UKR,Fiscal balance,2027,-17.676,% GDP,IMF (WEO)
UKR,Fiscal balance,2028,-7.425,% GDP,IMF (WEO)
UKR,Fiscal balance,2029,-2.871,% GDP,IMF (WEO)
UKR,Fiscal balance,2030,-1.996,% GDP,IMF (WEO)
UKR,Fiscal balance,2031,-1.299,% GDP,IMF (WEO)
UKR,Fiscal balance,2027,-14.109,% GDP,IMF (WEO)
UKR,Fiscal balance,2028,-3.514,% GDP,IMF (WEO)
UKR,Fiscal balance,2029,0.892,% GDP,IMF (WEO)
UKR,Fiscal balance,2030,1.382,% GDP,IMF (WEO)
UKR,Fiscal balance,2031,1.825,% GDP,IMF (WEO)
UKR,Gen gov debt,2027,137.104,% GDP,IMF (WEO)
UKR,Gen gov debt,2028,135.472,% GDP,IMF (WEO)
UKR,Gen gov debt,2029,131.888,% GDP,IMF (WEO)
UKR,Gen gov debt,2030,125.703,% GDP,IMF (WEO)
UKR,Gen gov debt,2031,119.609,% GDP,IMF (WEO)
ATG,GDP growth,2027,2.398,%,IMF (WEO)
ATG,GDP growth,2028,2.497,%,IMF (WEO)
ATG,GDP growth,2029,2.503,%,IMF (WEO)
ATG,GDP growth,2030,2.508,%,IMF (WEO)
ATG,GDP growth,2031,2.514,%,IMF (WEO)
ATG,Inflation,2027,2.057,%,IMF (WEO)
ATG,Inflation,2028,1.958,%,IMF (WEO)
ATG,Inflation,2029,1.958,%,IMF (WEO)
ATG,Inflation,2030,1.958,%,IMF (WEO)
ATG,Inflation,2031,1.958,%,IMF (WEO)
ATG,Fiscal balance,2027,-1.149,% GDP,IMF (WEO)
ATG,Fiscal balance,2028,-0.982,% GDP,IMF (WEO)
ATG,Fiscal balance,2029,-0.96,% GDP,IMF (WEO)
ATG,Fiscal balance,2030,-0.958,% GDP,IMF (WEO)
ATG,Fiscal balance,2031,-0.946,% GDP,IMF (WEO)
ATG,Fiscal balance,2027,0.864,% GDP,IMF (WEO)
ATG,Fiscal balance,2028,1.0,% GDP,IMF (WEO)
ATG,Fiscal balance,2029,1.0,% GDP,IMF (WEO)
ATG,Fiscal balance,2030,1.0,% GDP,IMF (WEO)
ATG,Fiscal balance,2031,1.0,% GDP,IMF (WEO)
ATG,Gen gov debt,2027,65.208,% GDP,IMF (WEO)
ATG,Gen gov debt,2028,63.899,% GDP,IMF (WEO)
ATG,Gen gov debt,2029,62.263,% GDP,IMF (WEO)
ATG,Gen gov debt,2030,60.423,% GDP,IMF (WEO)
ATG,Gen gov debt,2031,58.411,% GDP,IMF (WEO)
ARG,GDP growth,2027,4.003,%,IMF (WEO)
ARG,GDP growth,2028,3.768,%,IMF (WEO)
ARG,GDP growth,2029,3.537,%,IMF (WEO)
ARG,GDP growth,2030,3.151,%,IMF (WEO)
ARG,GDP growth,2031,3.04,%,IMF (WEO)
ARG,Inflation,2027,15.667,%,IMF (WEO)
ARG,Inflation,2028,9.554,%,IMF (WEO)
ARG,Inflation,2029,7.5,%,IMF (WEO)
ARG,Inflation,2030,7.5,%,IMF (WEO)
ARG,Inflation,2031,7.5,%,IMF (WEO)
ARG,Fiscal balance,2027,0.374,% GDP,IMF (WEO)
ARG,Fiscal balance,2028,0.28,% GDP,IMF (WEO)
ARG,Fiscal balance,2029,0.824,% GDP,IMF (WEO)
ARG,Fiscal balance,2030,1.144,% GDP,IMF (WEO)
ARG,Fiscal balance,2031,1.28,% GDP,IMF (WEO)
ARG,Fiscal balance,2027,2.254,% GDP,IMF (WEO)
ARG,Fiscal balance,2028,2.311,% GDP,IMF (WEO)
ARG,Fiscal balance,2029,3.077,% GDP,IMF (WEO)
ARG,Fiscal balance,2030,3.315,% GDP,IMF (WEO)
ARG,Fiscal balance,2031,3.405,% GDP,IMF (WEO)
ARG,Gen gov debt,2027,68.062,% GDP,IMF (WEO)
ARG,Gen gov debt,2028,63.035,% GDP,IMF (WEO)
ARG,Gen gov debt,2029,59.32,% GDP,IMF (WEO)
ARG,Gen gov debt,2030,55.366,% GDP,IMF (WEO)
ARG,Gen gov debt,2031,52.158,% GDP,IMF (WEO)
ABW,GDP growth,2027,2.029,%,IMF (WEO)
ABW,GDP growth,2028,1.48,%,IMF (WEO)
ABW,GDP growth,2029,1.435,%,IMF (WEO)
ABW,GDP growth,2030,1.413,%,IMF (WEO)
ABW,GDP growth,2031,1.329,%,IMF (WEO)
ABW,Inflation,2027,2.0,%,IMF (WEO)
ABW,Inflation,2028,2.0,%,IMF (WEO)
ABW,Inflation,2029,2.0,%,IMF (WEO)
ABW,Inflation,2030,2.0,%,IMF (WEO)
ABW,Inflation,2031,2.0,%,IMF (WEO)
ABW,Fiscal balance,2027,1.064,% GDP,IMF (WEO)
ABW,Fiscal balance,2028,1.064,% GDP,IMF (WEO)
ABW,Fiscal balance,2029,1.063,% GDP,IMF (WEO)
ABW,Fiscal balance,2030,1.062,% GDP,IMF (WEO)
ABW,Fiscal balance,2031,1.087,% GDP,IMF (WEO)
ABW,Fiscal balance,2027,4.554,% GDP,IMF (WEO)
ABW,Fiscal balance,2028,4.557,% GDP,IMF (WEO)
ABW,Fiscal balance,2029,4.413,% GDP,IMF (WEO)
ABW,Fiscal balance,2030,4.214,% GDP,IMF (WEO)
ABW,Fiscal balance,2031,3.919,% GDP,IMF (WEO)
ABW,Gen gov debt,2027,57.484,% GDP,IMF (WEO)
ABW,Gen gov debt,2028,54.988,% GDP,IMF (WEO)
ABW,Gen gov debt,2029,52.583,% GDP,IMF (WEO)
ABW,Gen gov debt,2030,50.262,% GDP,IMF (WEO)
ABW,Gen gov debt,2031,48.028,% GDP,IMF (WEO)
BHS,GDP growth,2027,1.9,%,IMF (WEO)
BHS,GDP growth,2028,1.8,%,IMF (WEO)
BHS,GDP growth,2029,1.55,%,IMF (WEO)
BHS,GDP growth,2030,1.5,%,IMF (WEO)
BHS,GDP growth,2031,1.5,%,IMF (WEO)
BHS,Inflation,2027,1.885,%,IMF (WEO)
BHS,Inflation,2028,1.987,%,IMF (WEO)
BHS,Inflation,2029,2.029,%,IMF (WEO)
BHS,Inflation,2030,2.009,%,IMF (WEO)
BHS,Inflation,2031,1.974,%,IMF (WEO)
BHS,Fiscal balance,2027,-0.338,% GDP,IMF (WEO)
BHS,Fiscal balance,2028,-0.273,% GDP,IMF (WEO)
BHS,Fiscal balance,2029,0.108,% GDP,IMF (WEO)
BHS,Fiscal balance,2030,0.161,% GDP,IMF (WEO)
BHS,Fiscal balance,2031,0.25,% GDP,IMF (WEO)
BHS,Fiscal balance,2027,3.622,% GDP,IMF (WEO)
BHS,Fiscal balance,2028,3.665,% GDP,IMF (WEO)
BHS,Fiscal balance,2029,3.737,% GDP,IMF (WEO)
BHS,Fiscal balance,2030,3.668,% GDP,IMF (WEO)
BHS,Fiscal balance,2031,3.6,% GDP,IMF (WEO)
BHS,Gen gov debt,2027,70.215,% GDP,IMF (WEO)
BHS,Gen gov debt,2028,68.461,% GDP,IMF (WEO)
BHS,Gen gov debt,2029,66.301,% GDP,IMF (WEO)
BHS,Gen gov debt,2030,64.129,% GDP,IMF (WEO)
BHS,Gen gov debt,2031,61.934,% GDP,IMF (WEO)
BRB,GDP growth,2027,2.228,%,IMF (WEO)
BRB,GDP growth,2028,2.0,%,IMF (WEO)
BRB,GDP growth,2029,2.0,%,IMF (WEO)
BRB,GDP growth,2030,2.0,%,IMF (WEO)
BRB,GDP growth,2031,2.0,%,IMF (WEO)
BRB,Inflation,2027,2.174,%,IMF (WEO)
BRB,Inflation,2028,2.198,%,IMF (WEO)
BRB,Inflation,2029,2.364,%,IMF (WEO)
BRB,Inflation,2030,2.369,%,IMF (WEO)
BRB,Inflation,2031,2.405,%,IMF (WEO)
BRB,Fiscal balance,2027,0.167,% GDP,IMF (WEO)
BRB,Fiscal balance,2028,0.136,% GDP,IMF (WEO)
BRB,Fiscal balance,2029,0.289,% GDP,IMF (WEO)
BRB,Fiscal balance,2030,0.389,% GDP,IMF (WEO)
BRB,Fiscal balance,2031,0.604,% GDP,IMF (WEO)
BRB,Fiscal balance,2027,4.105,% GDP,IMF (WEO)
BRB,Fiscal balance,2028,4.126,% GDP,IMF (WEO)
BRB,Fiscal balance,2029,4.13,% GDP,IMF (WEO)
BRB,Fiscal balance,2030,4.093,% GDP,IMF (WEO)
BRB,Fiscal balance,2031,4.146,% GDP,IMF (WEO)
BRB,Gen gov debt,2027,85.078,% GDP,IMF (WEO)
BRB,Gen gov debt,2028,81.17,% GDP,IMF (WEO)
BRB,Gen gov debt,2029,77.032,% GDP,IMF (WEO)
BRB,Gen gov debt,2030,73.099,% GDP,IMF (WEO)
BRB,Gen gov debt,2031,69.109,% GDP,IMF (WEO)
BLZ,GDP growth,2027,2.118,%,IMF (WEO)
BLZ,GDP growth,2028,2.0,%,IMF (WEO)
BLZ,GDP growth,2029,2.0,%,IMF (WEO)
BLZ,GDP growth,2030,2.0,%,IMF (WEO)
BLZ,GDP growth,2031,2.0,%,IMF (WEO)
BLZ,Inflation,2027,1.549,%,IMF (WEO)
BLZ,Inflation,2028,1.26,%,IMF (WEO)
BLZ,Inflation,2029,1.26,%,IMF (WEO)
BLZ,Inflation,2030,1.26,%,IMF (WEO)
BLZ,Inflation,2031,1.26,%,IMF (WEO)
BLZ,Fiscal balance,2027,-1.786,% GDP,IMF (WEO)
BLZ,Fiscal balance,2028,-1.64,% GDP,IMF (WEO)
BLZ,Fiscal balance,2029,-1.276,% GDP,IMF (WEO)
BLZ,Fiscal balance,2030,-1.128,% GDP,IMF (WEO)
BLZ,Fiscal balance,2031,-1.087,% GDP,IMF (WEO)
BLZ,Fiscal balance,2027,0.686,% GDP,IMF (WEO)
BLZ,Fiscal balance,2028,0.839,% GDP,IMF (WEO)
BLZ,Fiscal balance,2029,1.166,% GDP,IMF (WEO)
BLZ,Fiscal balance,2030,1.245,% GDP,IMF (WEO)
BLZ,Fiscal balance,2031,1.245,% GDP,IMF (WEO)
BLZ,Gen gov debt,2027,62.728,% GDP,IMF (WEO)
BLZ,Gen gov debt,2028,62.372,% GDP,IMF (WEO)
BLZ,Gen gov debt,2029,61.664,% GDP,IMF (WEO)
BLZ,Gen gov debt,2030,60.831,% GDP,IMF (WEO)
BLZ,Gen gov debt,2031,59.983,% GDP,IMF (WEO)
BRA,GDP growth,2027,1.961,%,IMF (WEO)
BRA,GDP growth,2028,2.352,%,IMF (WEO)
BRA,GDP growth,2029,2.503,%,IMF (WEO)
BRA,GDP growth,2030,2.503,%,IMF (WEO)
BRA,GDP growth,2031,2.503,%,IMF (WEO)
BRA,Inflation,2027,3.353,%,IMF (WEO)
BRA,Inflation,2028,2.996,%,IMF (WEO)
BRA,Inflation,2029,2.989,%,IMF (WEO)
BRA,Inflation,2030,3.0,%,IMF (WEO)
BRA,Inflation,2031,2.995,%,IMF (WEO)
BRA,Fiscal balance,2027,-6.871,% GDP,IMF (WEO)
BRA,Fiscal balance,2028,-6.169,% GDP,IMF (WEO)
BRA,Fiscal balance,2029,-6.041,% GDP,IMF (WEO)
BRA,Fiscal balance,2030,-6.086,% GDP,IMF (WEO)
BRA,Fiscal balance,2031,-6.109,% GDP,IMF (WEO)
BRA,Fiscal balance,2027,-0.444,% GDP,IMF (WEO)
BRA,Fiscal balance,2028,0.082,% GDP,IMF (WEO)
BRA,Fiscal balance,2029,0.429,% GDP,IMF (WEO)
BRA,Fiscal balance,2030,0.509,% GDP,IMF (WEO)
BRA,Fiscal balance,2031,0.575,% GDP,IMF (WEO)
BRA,Gen gov debt,2027,99.997,% GDP,IMF (WEO)
BRA,Gen gov debt,2028,102.288,% GDP,IMF (WEO)
BRA,Gen gov debt,2029,104.142,% GDP,IMF (WEO)
BRA,Gen gov debt,2030,105.505,% GDP,IMF (WEO)
BRA,Gen gov debt,2031,106.52,% GDP,IMF (WEO)
CHL,GDP growth,2027,2.572,%,IMF (WEO)
CHL,GDP growth,2028,2.329,%,IMF (WEO)
CHL,GDP growth,2029,2.312,%,IMF (WEO)
CHL,GDP growth,2030,2.265,%,IMF (WEO)
CHL,GDP growth,2031,2.265,%,IMF (WEO)
CHL,Inflation,2027,3.329,%,IMF (WEO)
CHL,Inflation,2028,3.0,%,IMF (WEO)
CHL,Inflation,2029,3.0,%,IMF (WEO)
CHL,Inflation,2030,3.0,%,IMF (WEO)
CHL,Inflation,2031,3.0,%,IMF (WEO)
CHL,Fiscal balance,2027,-1.883,% GDP,IMF (WEO)
CHL,Fiscal balance,2028,-1.785,% GDP,IMF (WEO)
CHL,Fiscal balance,2029,-1.99,% GDP,IMF (WEO)
CHL,Fiscal balance,2030,-2.039,% GDP,IMF (WEO)
CHL,Fiscal balance,2031,-2.005,% GDP,IMF (WEO)
CHL,Fiscal balance,2027,-1.003,% GDP,IMF (WEO)
CHL,Fiscal balance,2028,-0.684,% GDP,IMF (WEO)
CHL,Fiscal balance,2029,-0.772,% GDP,IMF (WEO)
CHL,Fiscal balance,2030,-0.748,% GDP,IMF (WEO)
CHL,Fiscal balance,2031,-0.769,% GDP,IMF (WEO)
CHL,Gen gov debt,2027,44.437,% GDP,IMF (WEO)
CHL,Gen gov debt,2028,45.527,% GDP,IMF (WEO)
CHL,Gen gov debt,2029,46.818,% GDP,IMF (WEO)
CHL,Gen gov debt,2030,48.068,% GDP,IMF (WEO)
CHL,Gen gov debt,2031,49.169,% GDP,IMF (WEO)
COL,GDP growth,2027,2.542,%,IMF (WEO)
COL,GDP growth,2028,2.62,%,IMF (WEO)
COL,GDP growth,2029,2.74,%,IMF (WEO)
COL,GDP growth,2030,2.76,%,IMF (WEO)
COL,GDP growth,2031,2.76,%,IMF (WEO)
COL,Inflation,2027,5.198,%,IMF (WEO)
COL,Inflation,2028,3.378,%,IMF (WEO)
COL,Inflation,2029,3.018,%,IMF (WEO)
COL,Inflation,2030,2.988,%,IMF (WEO)
COL,Inflation,2031,2.988,%,IMF (WEO)
COL,Fiscal balance,2027,-4.323,% GDP,IMF (WEO)
COL,Fiscal balance,2028,-2.741,% GDP,IMF (WEO)
COL,Fiscal balance,2029,-2.509,% GDP,IMF (WEO)
COL,Fiscal balance,2030,-2.389,% GDP,IMF (WEO)
COL,Fiscal balance,2031,-2.412,% GDP,IMF (WEO)
COL,Fiscal balance,2027,-0.868,% GDP,IMF (WEO)
COL,Fiscal balance,2028,0.593,% GDP,IMF (WEO)
COL,Fiscal balance,2029,0.816,% GDP,IMF (WEO)
COL,Fiscal balance,2030,0.803,% GDP,IMF (WEO)
COL,Fiscal balance,2031,0.724,% GDP,IMF (WEO)
COL,Gen gov debt,2027,61.311,% GDP,IMF (WEO)
COL,Gen gov debt,2028,60.961,% GDP,IMF (WEO)
COL,Gen gov debt,2029,60.45,% GDP,IMF (WEO)
COL,Gen gov debt,2030,59.815,% GDP,IMF (WEO)
COL,Gen gov debt,2031,59.229,% GDP,IMF (WEO)
CRI,GDP growth,2027,3.567,%,IMF (WEO)
CRI,GDP growth,2028,3.556,%,IMF (WEO)
CRI,GDP growth,2029,3.51,%,IMF (WEO)
CRI,GDP growth,2030,3.46,%,IMF (WEO)
CRI,GDP growth,2031,3.46,%,IMF (WEO)
CRI,Inflation,2027,2.047,%,IMF (WEO)
CRI,Inflation,2028,2.3,%,IMF (WEO)
CRI,Inflation,2029,2.5,%,IMF (WEO)
CRI,Inflation,2030,3.0,%,IMF (WEO)
CRI,Inflation,2031,3.0,%,IMF (WEO)
CRI,Fiscal balance,2027,-3.501,% GDP,IMF (WEO)
CRI,Fiscal balance,2028,-3.161,% GDP,IMF (WEO)
CRI,Fiscal balance,2029,-2.825,% GDP,IMF (WEO)
CRI,Fiscal balance,2030,-2.481,% GDP,IMF (WEO)
CRI,Fiscal balance,2031,-2.195,% GDP,IMF (WEO)
CRI,Fiscal balance,2027,0.921,% GDP,IMF (WEO)
CRI,Fiscal balance,2028,1.126,% GDP,IMF (WEO)
CRI,Fiscal balance,2029,1.283,% GDP,IMF (WEO)
CRI,Fiscal balance,2030,1.448,% GDP,IMF (WEO)
CRI,Fiscal balance,2031,1.537,% GDP,IMF (WEO)
CRI,Gen gov debt,2027,61.443,% GDP,IMF (WEO)
CRI,Gen gov debt,2028,61.38,% GDP,IMF (WEO)
CRI,Gen gov debt,2029,60.847,% GDP,IMF (WEO)
CRI,Gen gov debt,2030,59.906,% GDP,IMF (WEO)
CRI,Gen gov debt,2031,58.597,% GDP,IMF (WEO)
DMA,GDP growth,2027,2.839,%,IMF (WEO)
DMA,GDP growth,2028,2.733,%,IMF (WEO)
DMA,GDP growth,2029,2.425,%,IMF (WEO)
DMA,GDP growth,2030,2.132,%,IMF (WEO)
DMA,GDP growth,2031,2.0,%,IMF (WEO)
DMA,Inflation,2027,2.3,%,IMF (WEO)
DMA,Inflation,2028,2.2,%,IMF (WEO)
DMA,Inflation,2029,2.2,%,IMF (WEO)
DMA,Inflation,2030,2.2,%,IMF (WEO)
DMA,Inflation,2031,2.2,%,IMF (WEO)
DMA,Fiscal balance,2027,-0.993,% GDP,IMF (WEO)
DMA,Fiscal balance,2028,-0.862,% GDP,IMF (WEO)
DMA,Fiscal balance,2029,-0.548,% GDP,IMF (WEO)
DMA,Fiscal balance,2030,-0.049,% GDP,IMF (WEO)
DMA,Fiscal balance,2031,-0.007,% GDP,IMF (WEO)
DMA,Fiscal balance,2027,1.076,% GDP,IMF (WEO)
DMA,Fiscal balance,2028,1.224,% GDP,IMF (WEO)
DMA,Fiscal balance,2029,1.542,% GDP,IMF (WEO)
DMA,Fiscal balance,2030,2.03,% GDP,IMF (WEO)
DMA,Fiscal balance,2031,2.023,% GDP,IMF (WEO)
DMA,Gen gov debt,2027,94.716,% GDP,IMF (WEO)
DMA,Gen gov debt,2028,91.4,% GDP,IMF (WEO)
DMA,Gen gov debt,2029,88.219,% GDP,IMF (WEO)
DMA,Gen gov debt,2030,84.846,% GDP,IMF (WEO)
DMA,Gen gov debt,2031,81.579,% GDP,IMF (WEO)
DOM,GDP growth,2027,4.397,%,IMF (WEO)
DOM,GDP growth,2028,4.681,%,IMF (WEO)
DOM,GDP growth,2029,4.856,%,IMF (WEO)
DOM,GDP growth,2030,4.952,%,IMF (WEO)
DOM,GDP growth,2031,5.004,%,IMF (WEO)
DOM,Inflation,2027,4.473,%,IMF (WEO)
DOM,Inflation,2028,4.022,%,IMF (WEO)
DOM,Inflation,2029,3.973,%,IMF (WEO)
DOM,Inflation,2030,4.021,%,IMF (WEO)
DOM,Inflation,2031,4.034,%,IMF (WEO)
DOM,Fiscal balance,2027,-3.223,% GDP,IMF (WEO)
DOM,Fiscal balance,2028,-2.897,% GDP,IMF (WEO)
DOM,Fiscal balance,2029,-2.624,% GDP,IMF (WEO)
DOM,Fiscal balance,2030,-2.262,% GDP,IMF (WEO)
DOM,Fiscal balance,2031,-2.002,% GDP,IMF (WEO)
DOM,Fiscal balance,2027,0.477,% GDP,IMF (WEO)
DOM,Fiscal balance,2028,0.784,% GDP,IMF (WEO)
DOM,Fiscal balance,2029,1.007,% GDP,IMF (WEO)
DOM,Fiscal balance,2030,1.298,% GDP,IMF (WEO)
DOM,Fiscal balance,2031,1.462,% GDP,IMF (WEO)
DOM,Gen gov debt,2027,56.654,% GDP,IMF (WEO)
DOM,Gen gov debt,2028,55.375,% GDP,IMF (WEO)
DOM,Gen gov debt,2029,54.02,% GDP,IMF (WEO)
DOM,Gen gov debt,2030,52.379,% GDP,IMF (WEO)
DOM,Gen gov debt,2031,50.015,% GDP,IMF (WEO)
ECU,GDP growth,2027,2.5,%,IMF (WEO)
ECU,GDP growth,2028,2.6,%,IMF (WEO)
ECU,GDP growth,2029,2.8,%,IMF (WEO)
ECU,GDP growth,2030,3.0,%,IMF (WEO)
ECU,GDP growth,2031,3.0,%,IMF (WEO)
ECU,Inflation,2027,1.61,%,IMF (WEO)
ECU,Inflation,2028,1.5,%,IMF (WEO)
ECU,Inflation,2029,1.5,%,IMF (WEO)
ECU,Inflation,2030,1.5,%,IMF (WEO)
ECU,Inflation,2031,1.5,%,IMF (WEO)
SLV,GDP growth,2027,3.0,%,IMF (WEO)
SLV,GDP growth,2028,3.0,%,IMF (WEO)
SLV,GDP growth,2029,3.0,%,IMF (WEO)
SLV,GDP growth,2030,3.0,%,IMF (WEO)
SLV,GDP growth,2031,3.0,%,IMF (WEO)
SLV,Inflation,2027,2.0,%,IMF (WEO)
SLV,Inflation,2028,1.8,%,IMF (WEO)
SLV,Inflation,2029,1.8,%,IMF (WEO)
SLV,Inflation,2030,1.8,%,IMF (WEO)
SLV,Inflation,2031,1.8,%,IMF (WEO)
SLV,Fiscal balance,2027,-1.927,% GDP,IMF (WEO)
SLV,Fiscal balance,2028,-2.259,% GDP,IMF (WEO)
SLV,Fiscal balance,2029,-2.006,% GDP,IMF (WEO)
SLV,Fiscal balance,2030,-1.826,% GDP,IMF (WEO)
SLV,Fiscal balance,2031,-1.437,% GDP,IMF (WEO)
SLV,Fiscal balance,2027,3.709,% GDP,IMF (WEO)
SLV,Fiscal balance,2028,3.725,% GDP,IMF (WEO)
SLV,Fiscal balance,2029,3.713,% GDP,IMF (WEO)
SLV,Fiscal balance,2030,3.73,% GDP,IMF (WEO)
SLV,Fiscal balance,2031,3.726,% GDP,IMF (WEO)
SLV,Gen gov debt,2027,82.204,% GDP,IMF (WEO)
SLV,Gen gov debt,2028,80.284,% GDP,IMF (WEO)
SLV,Gen gov debt,2029,78.351,% GDP,IMF (WEO)
SLV,Gen gov debt,2030,76.556,% GDP,IMF (WEO)
SLV,Gen gov debt,2031,74.359,% GDP,IMF (WEO)
GRD,GDP growth,2027,3.076,%,IMF (WEO)
GRD,GDP growth,2028,2.965,%,IMF (WEO)
GRD,GDP growth,2029,2.735,%,IMF (WEO)
GRD,GDP growth,2030,2.735,%,IMF (WEO)
GRD,GDP growth,2031,2.735,%,IMF (WEO)
GRD,Inflation,2027,1.6,%,IMF (WEO)
GRD,Inflation,2028,2.0,%,IMF (WEO)
GRD,Inflation,2029,2.0,%,IMF (WEO)
GRD,Inflation,2030,2.0,%,IMF (WEO)
GRD,Inflation,2031,2.0,%,IMF (WEO)
GRD,Fiscal balance,2027,-0.088,% GDP,IMF (WEO)
GRD,Fiscal balance,2028,-0.013,% GDP,IMF (WEO)
GRD,Fiscal balance,2029,0.035,% GDP,IMF (WEO)
GRD,Fiscal balance,2030,0.333,% GDP,IMF (WEO)
GRD,Fiscal balance,2031,0.357,% GDP,IMF (WEO)
GRD,Fiscal balance,2027,1.503,% GDP,IMF (WEO)
GRD,Fiscal balance,2028,1.497,% GDP,IMF (WEO)
GRD,Fiscal balance,2029,1.502,% GDP,IMF (WEO)
GRD,Fiscal balance,2030,1.501,% GDP,IMF (WEO)
GRD,Fiscal balance,2031,1.501,% GDP,IMF (WEO)
GRD,Gen gov debt,2027,69.479,% GDP,IMF (WEO)
GRD,Gen gov debt,2028,69.769,% GDP,IMF (WEO)
GRD,Gen gov debt,2029,69.892,% GDP,IMF (WEO)
GRD,Gen gov debt,2030,69.674,% GDP,IMF (WEO)
GRD,Gen gov debt,2031,66.751,% GDP,IMF (WEO)
GTM,GDP growth,2027,3.98,%,IMF (WEO)
GTM,GDP growth,2028,3.92,%,IMF (WEO)
GTM,GDP growth,2029,3.84,%,IMF (WEO)
GTM,GDP growth,2030,3.88,%,IMF (WEO)
GTM,GDP growth,2031,3.92,%,IMF (WEO)
GTM,Inflation,2027,4.049,%,IMF (WEO)
GTM,Inflation,2028,3.639,%,IMF (WEO)
GTM,Inflation,2029,3.85,%,IMF (WEO)
GTM,Inflation,2030,4.006,%,IMF (WEO)
GTM,Inflation,2031,4.001,%,IMF (WEO)
GTM,Fiscal balance,2027,-2.525,% GDP,IMF (WEO)
GTM,Fiscal balance,2028,-2.543,% GDP,IMF (WEO)
GTM,Fiscal balance,2029,-2.465,% GDP,IMF (WEO)
GTM,Fiscal balance,2030,-2.489,% GDP,IMF (WEO)
GTM,Fiscal balance,2031,-2.446,% GDP,IMF (WEO)
GTM,Fiscal balance,2027,-0.843,% GDP,IMF (WEO)
GTM,Fiscal balance,2028,-0.815,% GDP,IMF (WEO)
GTM,Fiscal balance,2029,-0.693,% GDP,IMF (WEO)
GTM,Fiscal balance,2030,-0.687,% GDP,IMF (WEO)
GTM,Fiscal balance,2031,-0.618,% GDP,IMF (WEO)
GTM,Gen gov debt,2027,28.057,% GDP,IMF (WEO)
GTM,Gen gov debt,2028,28.601,% GDP,IMF (WEO)
GTM,Gen gov debt,2029,28.986,% GDP,IMF (WEO)
GTM,Gen gov debt,2030,29.322,% GDP,IMF (WEO)
GTM,Gen gov debt,2031,29.574,% GDP,IMF (WEO)
GUY,GDP growth,2027,19.664,%,IMF (WEO)
GUY,GDP growth,2028,22.087,%,IMF (WEO)
GUY,GDP growth,2029,12.798,%,IMF (WEO)
GUY,GDP growth,2030,11.521,%,IMF (WEO)
GUY,GDP growth,2031,1.057,%,IMF (WEO)
GUY,Inflation,2027,5.145,%,IMF (WEO)
GUY,Inflation,2028,5.214,%,IMF (WEO)
GUY,Inflation,2029,5.408,%,IMF (WEO)
GUY,Inflation,2030,5.529,%,IMF (WEO)
GUY,Inflation,2031,5.529,%,IMF (WEO)
GUY,Fiscal balance,2027,-3.831,% GDP,IMF (WEO)
GUY,Fiscal balance,2028,-4.19,% GDP,IMF (WEO)
GUY,Fiscal balance,2029,-3.336,% GDP,IMF (WEO)
GUY,Fiscal balance,2030,-2.217,% GDP,IMF (WEO)
GUY,Fiscal balance,2031,-1.099,% GDP,IMF (WEO)
GUY,Fiscal balance,2027,-3.354,% GDP,IMF (WEO)
GUY,Fiscal balance,2028,-3.67,% GDP,IMF (WEO)
GUY,Fiscal balance,2029,-2.812,% GDP,IMF (WEO)
GUY,Fiscal balance,2030,-1.63,% GDP,IMF (WEO)
GUY,Fiscal balance,2031,-0.476,% GDP,IMF (WEO)
GUY,Gen gov debt,2027,27.956,% GDP,IMF (WEO)
GUY,Gen gov debt,2028,28.271,% GDP,IMF (WEO)
GUY,Gen gov debt,2029,28.602,% GDP,IMF (WEO)
GUY,Gen gov debt,2030,29.525,% GDP,IMF (WEO)
GUY,Gen gov debt,2031,28.894,% GDP,IMF (WEO)
HTI,GDP growth,2027,0.48,%,IMF (WEO)
HTI,GDP growth,2028,1.2,%,IMF (WEO)
HTI,GDP growth,2029,1.3,%,IMF (WEO)
HTI,GDP growth,2030,1.5,%,IMF (WEO)
HTI,GDP growth,2031,1.5,%,IMF (WEO)
HTI,Inflation,2027,19.714,%,IMF (WEO)
HTI,Inflation,2028,12.909,%,IMF (WEO)
HTI,Inflation,2029,9.437,%,IMF (WEO)
HTI,Inflation,2030,7.982,%,IMF (WEO)
HTI,Inflation,2031,7.982,%,IMF (WEO)
HTI,Fiscal balance,2027,-0.644,% GDP,IMF (WEO)
HTI,Fiscal balance,2028,-1.245,% GDP,IMF (WEO)
HTI,Fiscal balance,2029,-1.427,% GDP,IMF (WEO)
HTI,Fiscal balance,2030,-1.447,% GDP,IMF (WEO)
HTI,Fiscal balance,2031,-1.497,% GDP,IMF (WEO)
HTI,Fiscal balance,2027,-0.308,% GDP,IMF (WEO)
HTI,Fiscal balance,2028,-0.89,% GDP,IMF (WEO)
HTI,Fiscal balance,2029,-1.056,% GDP,IMF (WEO)
HTI,Fiscal balance,2030,-1.058,% GDP,IMF (WEO)
HTI,Fiscal balance,2031,-1.078,% GDP,IMF (WEO)
HTI,Gen gov debt,2027,9.589,% GDP,IMF (WEO)
HTI,Gen gov debt,2028,9.726,% GDP,IMF (WEO)
HTI,Gen gov debt,2029,10.288,% GDP,IMF (WEO)
HTI,Gen gov debt,2030,10.995,% GDP,IMF (WEO)
HTI,Gen gov debt,2031,11.772,% GDP,IMF (WEO)
HND,GDP growth,2027,3.7,%,IMF (WEO)
HND,GDP growth,2028,3.8,%,IMF (WEO)
HND,GDP growth,2029,3.8,%,IMF (WEO)
HND,GDP growth,2030,3.8,%,IMF (WEO)
HND,GDP growth,2031,3.8,%,IMF (WEO)
HND,Inflation,2027,4.494,%,IMF (WEO)
HND,Inflation,2028,4.0,%,IMF (WEO)
HND,Inflation,2029,4.0,%,IMF (WEO)
HND,Inflation,2030,4.0,%,IMF (WEO)
HND,Inflation,2031,4.0,%,IMF (WEO)
HND,Fiscal balance,2027,-1.088,% GDP,IMF (WEO)
HND,Fiscal balance,2028,-0.851,% GDP,IMF (WEO)
HND,Fiscal balance,2029,-0.677,% GDP,IMF (WEO)
HND,Fiscal balance,2030,-0.626,% GDP,IMF (WEO)
HND,Fiscal balance,2031,-0.645,% GDP,IMF (WEO)
HND,Fiscal balance,2027,-0.617,% GDP,IMF (WEO)
HND,Fiscal balance,2028,-0.362,% GDP,IMF (WEO)
HND,Fiscal balance,2029,-0.082,% GDP,IMF (WEO)
HND,Fiscal balance,2030,0.117,% GDP,IMF (WEO)
HND,Fiscal balance,2031,0.06,% GDP,IMF (WEO)
HND,Gen gov debt,2027,40.135,% GDP,IMF (WEO)
HND,Gen gov debt,2028,40.026,% GDP,IMF (WEO)
HND,Gen gov debt,2029,39.127,% GDP,IMF (WEO)
HND,Gen gov debt,2030,35.542,% GDP,IMF (WEO)
HND,Gen gov debt,2031,34.461,% GDP,IMF (WEO)
JAM,GDP growth,2027,3.143,%,IMF (WEO)
JAM,GDP growth,2028,1.846,%,IMF (WEO)
JAM,GDP growth,2029,1.5,%,IMF (WEO)
JAM,GDP growth,2030,1.5,%,IMF (WEO)
JAM,GDP growth,2031,1.5,%,IMF (WEO)
JAM,Inflation,2027,5.537,%,IMF (WEO)
JAM,Inflation,2028,5.016,%,IMF (WEO)
JAM,Inflation,2029,5.0,%,IMF (WEO)
JAM,Inflation,2030,5.0,%,IMF (WEO)
JAM,Inflation,2031,5.0,%,IMF (WEO)
JAM,Fiscal balance,2027,-3.088,% GDP,IMF (WEO)
JAM,Fiscal balance,2028,-2.052,% GDP,IMF (WEO)
JAM,Fiscal balance,2029,-1.727,% GDP,IMF (WEO)
JAM,Fiscal balance,2030,-1.636,% GDP,IMF (WEO)
JAM,Fiscal balance,2031,-1.539,% GDP,IMF (WEO)
JAM,Fiscal balance,2027,1.88,% GDP,IMF (WEO)
JAM,Fiscal balance,2028,2.646,% GDP,IMF (WEO)
JAM,Fiscal balance,2029,2.848,% GDP,IMF (WEO)
JAM,Fiscal balance,2030,2.804,% GDP,IMF (WEO)
JAM,Fiscal balance,2031,2.797,% GDP,IMF (WEO)
JAM,Gen gov debt,2027,65.017,% GDP,IMF (WEO)
JAM,Gen gov debt,2028,63.801,% GDP,IMF (WEO)
JAM,Gen gov debt,2029,62.807,% GDP,IMF (WEO)
JAM,Gen gov debt,2030,61.626,% GDP,IMF (WEO)
JAM,Gen gov debt,2031,60.527,% GDP,IMF (WEO)
MEX,GDP growth,2027,2.186,%,IMF (WEO)
MEX,GDP growth,2028,2.106,%,IMF (WEO)
MEX,GDP growth,2029,2.015,%,IMF (WEO)
MEX,GDP growth,2030,2.015,%,IMF (WEO)
MEX,GDP growth,2031,2.015,%,IMF (WEO)
MEX,Inflation,2027,3.421,%,IMF (WEO)
MEX,Inflation,2028,3.0,%,IMF (WEO)
MEX,Inflation,2029,3.0,%,IMF (WEO)
MEX,Inflation,2030,3.0,%,IMF (WEO)
MEX,Inflation,2031,3.0,%,IMF (WEO)
MEX,Fiscal balance,2027,-3.5,% GDP,IMF (WEO)
MEX,Fiscal balance,2028,-3.0,% GDP,IMF (WEO)
MEX,Fiscal balance,2029,-3.0,% GDP,IMF (WEO)
MEX,Fiscal balance,2030,-3.0,% GDP,IMF (WEO)
MEX,Fiscal balance,2031,-3.0,% GDP,IMF (WEO)
MEX,Fiscal balance,2027,2.112,% GDP,IMF (WEO)
MEX,Fiscal balance,2028,2.351,% GDP,IMF (WEO)
MEX,Fiscal balance,2029,2.171,% GDP,IMF (WEO)
MEX,Fiscal balance,2030,2.055,% GDP,IMF (WEO)
MEX,Fiscal balance,2031,2.012,% GDP,IMF (WEO)
MEX,Gen gov debt,2027,63.112,% GDP,IMF (WEO)
MEX,Gen gov debt,2028,63.109,% GDP,IMF (WEO)
MEX,Gen gov debt,2029,63.274,% GDP,IMF (WEO)
MEX,Gen gov debt,2030,63.377,% GDP,IMF (WEO)
MEX,Gen gov debt,2031,63.588,% GDP,IMF (WEO)
NIC,GDP growth,2027,3.8,%,IMF (WEO)
NIC,GDP growth,2028,3.53,%,IMF (WEO)
NIC,GDP growth,2029,3.53,%,IMF (WEO)
NIC,GDP growth,2030,3.53,%,IMF (WEO)
NIC,GDP growth,2031,3.53,%,IMF (WEO)
NIC,Inflation,2027,3.0,%,IMF (WEO)
NIC,Inflation,2028,3.0,%,IMF (WEO)
NIC,Inflation,2029,3.0,%,IMF (WEO)
NIC,Inflation,2030,3.0,%,IMF (WEO)
NIC,Inflation,2031,3.0,%,IMF (WEO)
NIC,Fiscal balance,2027,1.583,% GDP,IMF (WEO)
NIC,Fiscal balance,2028,1.812,% GDP,IMF (WEO)
NIC,Fiscal balance,2029,2.011,% GDP,IMF (WEO)
NIC,Fiscal balance,2030,2.015,% GDP,IMF (WEO)
NIC,Fiscal balance,2031,2.117,% GDP,IMF (WEO)
NIC,Fiscal balance,2027,3.093,% GDP,IMF (WEO)
NIC,Fiscal balance,2028,3.32,% GDP,IMF (WEO)
NIC,Fiscal balance,2029,3.525,% GDP,IMF (WEO)
NIC,Fiscal balance,2030,3.523,% GDP,IMF (WEO)
NIC,Fiscal balance,2031,3.626,% GDP,IMF (WEO)
NIC,Gen gov debt,2027,32.593,% GDP,IMF (WEO)
NIC,Gen gov debt,2028,32.455,% GDP,IMF (WEO)
NIC,Gen gov debt,2029,32.012,% GDP,IMF (WEO)
NIC,Gen gov debt,2030,31.005,% GDP,IMF (WEO)
NIC,Gen gov debt,2031,30.588,% GDP,IMF (WEO)
PAN,GDP growth,2027,4.54,%,IMF (WEO)
PAN,GDP growth,2028,4.54,%,IMF (WEO)
PAN,GDP growth,2029,4.754,%,IMF (WEO)
PAN,GDP growth,2030,4.54,%,IMF (WEO)
PAN,GDP growth,2031,4.54,%,IMF (WEO)
PAN,Inflation,2027,2.0,%,IMF (WEO)
PAN,Inflation,2028,2.0,%,IMF (WEO)
PAN,Inflation,2029,2.0,%,IMF (WEO)
PAN,Inflation,2030,2.0,%,IMF (WEO)
PAN,Inflation,2031,2.0,%,IMF (WEO)
PAN,Fiscal balance,2027,-2.977,% GDP,IMF (WEO)
PAN,Fiscal balance,2028,-2.525,% GDP,IMF (WEO)
PAN,Fiscal balance,2029,-2.024,% GDP,IMF (WEO)
PAN,Fiscal balance,2030,-1.499,% GDP,IMF (WEO)
PAN,Fiscal balance,2031,-1.446,% GDP,IMF (WEO)
PAN,Fiscal balance,2027,-0.056,% GDP,IMF (WEO)
PAN,Fiscal balance,2028,0.327,% GDP,IMF (WEO)
PAN,Fiscal balance,2029,0.733,% GDP,IMF (WEO)
PAN,Fiscal balance,2030,1.265,% GDP,IMF (WEO)
PAN,Fiscal balance,2031,1.275,% GDP,IMF (WEO)
PAN,Gen gov debt,2027,57.534,% GDP,IMF (WEO)
PAN,Gen gov debt,2028,57.085,% GDP,IMF (WEO)
PAN,Gen gov debt,2029,56.271,% GDP,IMF (WEO)
PAN,Gen gov debt,2030,55.261,% GDP,IMF (WEO)
PAN,Gen gov debt,2031,53.925,% GDP,IMF (WEO)
PRY,GDP growth,2027,3.5,%,IMF (WEO)
PRY,GDP growth,2028,3.5,%,IMF (WEO)
PRY,GDP growth,2029,3.5,%,IMF (WEO)
PRY,GDP growth,2030,3.5,%,IMF (WEO)
PRY,GDP growth,2031,3.5,%,IMF (WEO)
PRY,Inflation,2027,3.475,%,IMF (WEO)
PRY,Inflation,2028,3.5,%,IMF (WEO)
PRY,Inflation,2029,3.5,%,IMF (WEO)
PRY,Inflation,2030,3.5,%,IMF (WEO)
PRY,Inflation,2031,3.5,%,IMF (WEO)
PRY,Fiscal balance,2027,-1.28,% GDP,IMF (WEO)
PRY,Fiscal balance,2028,-1.34,% GDP,IMF (WEO)
PRY,Fiscal balance,2029,-1.384,% GDP,IMF (WEO)
PRY,Fiscal balance,2030,-1.433,% GDP,IMF (WEO)
PRY,Fiscal balance,2031,-1.421,% GDP,IMF (WEO)
PRY,Fiscal balance,2027,0.356,% GDP,IMF (WEO)
PRY,Fiscal balance,2028,0.265,% GDP,IMF (WEO)
PRY,Fiscal balance,2029,0.176,% GDP,IMF (WEO)
PRY,Fiscal balance,2030,0.098,% GDP,IMF (WEO)
PRY,Fiscal balance,2031,0.074,% GDP,IMF (WEO)
PRY,Gen gov debt,2027,37.595,% GDP,IMF (WEO)
PRY,Gen gov debt,2028,37.369,% GDP,IMF (WEO)
PRY,Gen gov debt,2029,37.186,% GDP,IMF (WEO)
PRY,Gen gov debt,2030,36.881,% GDP,IMF (WEO)
PRY,Gen gov debt,2031,36.637,% GDP,IMF (WEO)
PER,GDP growth,2027,2.8,%,IMF (WEO)
PER,GDP growth,2028,2.802,%,IMF (WEO)
PER,GDP growth,2029,2.796,%,IMF (WEO)
PER,GDP growth,2030,2.803,%,IMF (WEO)
PER,GDP growth,2031,2.801,%,IMF (WEO)
PER,Inflation,2027,1.768,%,IMF (WEO)
PER,Inflation,2028,1.964,%,IMF (WEO)
PER,Inflation,2029,1.956,%,IMF (WEO)
PER,Inflation,2030,2.018,%,IMF (WEO)
PER,Inflation,2031,2.018,%,IMF (WEO)
PER,Fiscal balance,2027,-1.968,% GDP,IMF (WEO)
PER,Fiscal balance,2028,-1.927,% GDP,IMF (WEO)
PER,Fiscal balance,2029,-1.799,% GDP,IMF (WEO)
PER,Fiscal balance,2030,-1.762,% GDP,IMF (WEO)
PER,Fiscal balance,2031,-1.696,% GDP,IMF (WEO)
PER,Fiscal balance,2027,-0.415,% GDP,IMF (WEO)
PER,Fiscal balance,2028,-0.306,% GDP,IMF (WEO)
PER,Fiscal balance,2029,-0.152,% GDP,IMF (WEO)
PER,Fiscal balance,2030,-0.074,% GDP,IMF (WEO)
PER,Fiscal balance,2031,-0.02,% GDP,IMF (WEO)
PER,Gen gov debt,2027,30.927,% GDP,IMF (WEO)
PER,Gen gov debt,2028,31.583,% GDP,IMF (WEO)
PER,Gen gov debt,2029,32.109,% GDP,IMF (WEO)
PER,Gen gov debt,2030,32.061,% GDP,IMF (WEO)
PER,Gen gov debt,2031,32.177,% GDP,IMF (WEO)
KNA,GDP growth,2027,2.522,%,IMF (WEO)
KNA,GDP growth,2028,2.635,%,IMF (WEO)
KNA,GDP growth,2029,2.728,%,IMF (WEO)
KNA,GDP growth,2030,2.574,%,IMF (WEO)
KNA,GDP growth,2031,2.461,%,IMF (WEO)
KNA,Inflation,2027,2.126,%,IMF (WEO)
KNA,Inflation,2028,2.01,%,IMF (WEO)
KNA,Inflation,2029,2.044,%,IMF (WEO)
KNA,Inflation,2030,2.044,%,IMF (WEO)
KNA,Inflation,2031,2.044,%,IMF (WEO)
KNA,Fiscal balance,2027,-7.513,% GDP,IMF (WEO)
KNA,Fiscal balance,2028,-5.591,% GDP,IMF (WEO)
KNA,Fiscal balance,2029,-5.739,% GDP,IMF (WEO)
KNA,Fiscal balance,2030,-5.875,% GDP,IMF (WEO)
KNA,Fiscal balance,2031,-6.003,% GDP,IMF (WEO)
KNA,Fiscal balance,2027,-5.391,% GDP,IMF (WEO)
KNA,Fiscal balance,2028,-3.241,% GDP,IMF (WEO)
KNA,Fiscal balance,2029,-3.241,% GDP,IMF (WEO)
KNA,Fiscal balance,2030,-3.241,% GDP,IMF (WEO)
KNA,Fiscal balance,2031,-3.241,% GDP,IMF (WEO)
KNA,Gen gov debt,2027,68.709,% GDP,IMF (WEO)
KNA,Gen gov debt,2028,71.299,% GDP,IMF (WEO)
KNA,Gen gov debt,2029,73.828,% GDP,IMF (WEO)
KNA,Gen gov debt,2030,76.458,% GDP,IMF (WEO)
KNA,Gen gov debt,2031,79.225,% GDP,IMF (WEO)
LCA,GDP growth,2027,1.701,%,IMF (WEO)
LCA,GDP growth,2028,1.646,%,IMF (WEO)
LCA,GDP growth,2029,1.568,%,IMF (WEO)
LCA,GDP growth,2030,1.488,%,IMF (WEO)
LCA,GDP growth,2031,1.5,%,IMF (WEO)
LCA,Inflation,2027,2.415,%,IMF (WEO)
LCA,Inflation,2028,2.222,%,IMF (WEO)
LCA,Inflation,2029,2.131,%,IMF (WEO)
LCA,Inflation,2030,2.061,%,IMF (WEO)
LCA,Inflation,2031,2.017,%,IMF (WEO)
LCA,Fiscal balance,2027,-2.923,% GDP,IMF (WEO)
LCA,Fiscal balance,2028,-2.692,% GDP,IMF (WEO)
LCA,Fiscal balance,2029,-2.536,% GDP,IMF (WEO)
LCA,Fiscal balance,2030,-2.348,% GDP,IMF (WEO)
LCA,Fiscal balance,2031,-2.427,% GDP,IMF (WEO)
LCA,Fiscal balance,2027,0.625,% GDP,IMF (WEO)
LCA,Fiscal balance,2028,0.984,% GDP,IMF (WEO)
LCA,Fiscal balance,2029,1.264,% GDP,IMF (WEO)
LCA,Fiscal balance,2030,1.556,% GDP,IMF (WEO)
LCA,Fiscal balance,2031,1.455,% GDP,IMF (WEO)
LCA,Gen gov debt,2027,77.686,% GDP,IMF (WEO)
LCA,Gen gov debt,2028,77.718,% GDP,IMF (WEO)
LCA,Gen gov debt,2029,77.697,% GDP,IMF (WEO)
LCA,Gen gov debt,2030,77.558,% GDP,IMF (WEO)
LCA,Gen gov debt,2031,77.374,% GDP,IMF (WEO)
VCT,GDP growth,2027,2.7,%,IMF (WEO)
VCT,GDP growth,2028,2.7,%,IMF (WEO)
VCT,GDP growth,2029,2.7,%,IMF (WEO)
VCT,GDP growth,2030,2.7,%,IMF (WEO)
VCT,GDP growth,2031,2.7,%,IMF (WEO)
VCT,Inflation,2027,1.998,%,IMF (WEO)
VCT,Inflation,2028,1.989,%,IMF (WEO)
VCT,Inflation,2029,1.989,%,IMF (WEO)
VCT,Inflation,2030,1.989,%,IMF (WEO)
VCT,Inflation,2031,1.989,%,IMF (WEO)
VCT,Fiscal balance,2027,-11.082,% GDP,IMF (WEO)
VCT,Fiscal balance,2028,-10.233,% GDP,IMF (WEO)
VCT,Fiscal balance,2029,-9.394,% GDP,IMF (WEO)
VCT,Fiscal balance,2030,-9.519,% GDP,IMF (WEO)
VCT,Fiscal balance,2031,-9.642,% GDP,IMF (WEO)
VCT,Fiscal balance,2027,-7.384,% GDP,IMF (WEO)
VCT,Fiscal balance,2028,-6.334,% GDP,IMF (WEO)
VCT,Fiscal balance,2029,-5.334,% GDP,IMF (WEO)
VCT,Fiscal balance,2030,-5.334,% GDP,IMF (WEO)
VCT,Fiscal balance,2031,-5.334,% GDP,IMF (WEO)
VCT,Gen gov debt,2027,126.126,% GDP,IMF (WEO)
VCT,Gen gov debt,2028,131.34,% GDP,IMF (WEO)
VCT,Gen gov debt,2029,135.639,% GDP,IMF (WEO)
VCT,Gen gov debt,2030,140.061,% GDP,IMF (WEO)
VCT,Gen gov debt,2031,144.677,% GDP,IMF (WEO)
SUR,GDP growth,2027,4.378,%,IMF (WEO)
SUR,GDP growth,2028,28.538,%,IMF (WEO)
SUR,GDP growth,2029,43.456,%,IMF (WEO)
SUR,GDP growth,2030,3.075,%,IMF (WEO)
SUR,GDP growth,2031,2.858,%,IMF (WEO)
SUR,Inflation,2027,10.574,%,IMF (WEO)
SUR,Inflation,2028,5.793,%,IMF (WEO)
SUR,Inflation,2029,5.0,%,IMF (WEO)
SUR,Inflation,2030,5.0,%,IMF (WEO)
SUR,Inflation,2031,5.0,%,IMF (WEO)
SUR,Fiscal balance,2027,-4.236,% GDP,IMF (WEO)
SUR,Fiscal balance,2028,-0.098,% GDP,IMF (WEO)
SUR,Fiscal balance,2029,5.135,% GDP,IMF (WEO)
SUR,Fiscal balance,2030,4.927,% GDP,IMF (WEO)
SUR,Fiscal balance,2031,3.073,% GDP,IMF (WEO)
SUR,Fiscal balance,2027,0.086,% GDP,IMF (WEO)
SUR,Fiscal balance,2028,3.327,% GDP,IMF (WEO)
SUR,Fiscal balance,2029,7.565,% GDP,IMF (WEO)
SUR,Fiscal balance,2030,7.199,% GDP,IMF (WEO)
SUR,Fiscal balance,2031,5.176,% GDP,IMF (WEO)
SUR,Gen gov debt,2027,76.954,% GDP,IMF (WEO)
SUR,Gen gov debt,2028,58.441,% GDP,IMF (WEO)
SUR,Gen gov debt,2029,41.009,% GDP,IMF (WEO)
SUR,Gen gov debt,2030,36.203,% GDP,IMF (WEO)
SUR,Gen gov debt,2031,35.43,% GDP,IMF (WEO)
TTO,GDP growth,2027,2.95,%,IMF (WEO)
TTO,GDP growth,2028,3.501,%,IMF (WEO)
TTO,GDP growth,2029,2.834,%,IMF (WEO)
TTO,GDP growth,2030,2.094,%,IMF (WEO)
TTO,GDP growth,2031,1.79,%,IMF (WEO)
TTO,Inflation,2027,2.76,%,IMF (WEO)
TTO,Inflation,2028,2.227,%,IMF (WEO)
TTO,Inflation,2029,2.088,%,IMF (WEO)
TTO,Inflation,2030,2.041,%,IMF (WEO)
TTO,Inflation,2031,1.99,%,IMF (WEO)
TTO,Fiscal balance,2027,-2.505,% GDP,IMF (WEO)
TTO,Fiscal balance,2028,-1.708,% GDP,IMF (WEO)
TTO,Fiscal balance,2029,-2.195,% GDP,IMF (WEO)
TTO,Fiscal balance,2030,-2.462,% GDP,IMF (WEO)
TTO,Fiscal balance,2031,-2.732,% GDP,IMF (WEO)
TTO,Fiscal balance,2027,1.309,% GDP,IMF (WEO)
TTO,Fiscal balance,2028,1.998,% GDP,IMF (WEO)
TTO,Fiscal balance,2029,1.465,% GDP,IMF (WEO)
TTO,Fiscal balance,2030,1.212,% GDP,IMF (WEO)
TTO,Fiscal balance,2031,0.984,% GDP,IMF (WEO)
TTO,Gen gov debt,2027,82.848,% GDP,IMF (WEO)
TTO,Gen gov debt,2028,80.746,% GDP,IMF (WEO)
TTO,Gen gov debt,2029,80.74,% GDP,IMF (WEO)
TTO,Gen gov debt,2030,81.202,% GDP,IMF (WEO)
TTO,Gen gov debt,2031,82.074,% GDP,IMF (WEO)
URY,GDP growth,2027,2.599,%,IMF (WEO)
URY,GDP growth,2028,2.311,%,IMF (WEO)
URY,GDP growth,2029,2.231,%,IMF (WEO)
URY,GDP growth,2030,2.218,%,IMF (WEO)
URY,GDP growth,2031,2.218,%,IMF (WEO)
URY,Inflation,2027,4.493,%,IMF (WEO)
URY,Inflation,2028,4.482,%,IMF (WEO)
URY,Inflation,2029,4.5,%,IMF (WEO)
URY,Inflation,2030,4.513,%,IMF (WEO)
URY,Inflation,2031,4.516,%,IMF (WEO)
URY,Fiscal balance,2027,-3.158,% GDP,IMF (WEO)
URY,Fiscal balance,2028,-2.673,% GDP,IMF (WEO)
URY,Fiscal balance,2029,-2.229,% GDP,IMF (WEO)
URY,Fiscal balance,2030,-2.118,% GDP,IMF (WEO)
URY,Fiscal balance,2031,-2.117,% GDP,IMF (WEO)
URY,Fiscal balance,2027,-0.81,% GDP,IMF (WEO)
URY,Fiscal balance,2028,-0.269,% GDP,IMF (WEO)
URY,Fiscal balance,2029,0.258,% GDP,IMF (WEO)
URY,Fiscal balance,2030,0.362,% GDP,IMF (WEO)
URY,Fiscal balance,2031,0.351,% GDP,IMF (WEO)
URY,Gen gov debt,2027,67.658,% GDP,IMF (WEO)
URY,Gen gov debt,2028,68.209,% GDP,IMF (WEO)
URY,Gen gov debt,2029,68.002,% GDP,IMF (WEO)
URY,Gen gov debt,2030,67.642,% GDP,IMF (WEO)
URY,Gen gov debt,2031,67.305,% GDP,IMF (WEO)
VEN,GDP growth,2027,5.997,%,IMF (WEO)
VEN,Inflation,2027,94.372,%,IMF (WEO)
DZA,GDP growth,2027,2.873,%,IMF (WEO)
DZA,GDP growth,2028,2.674,%,IMF (WEO)
DZA,GDP growth,2029,2.705,%,IMF (WEO)
DZA,GDP growth,2030,2.634,%,IMF (WEO)
DZA,GDP growth,2031,2.627,%,IMF (WEO)
DZA,Inflation,2027,3.016,%,IMF (WEO)
DZA,Inflation,2028,2.955,%,IMF (WEO)
DZA,Inflation,2029,3.334,%,IMF (WEO)
DZA,Inflation,2030,3.311,%,IMF (WEO)
DZA,Inflation,2031,3.252,%,IMF (WEO)
DZA,Fiscal balance,2027,-9.689,% GDP,IMF (WEO)
DZA,Fiscal balance,2028,-9.509,% GDP,IMF (WEO)
DZA,Fiscal balance,2029,-8.829,% GDP,IMF (WEO)
DZA,Fiscal balance,2030,-8.621,% GDP,IMF (WEO)
DZA,Fiscal balance,2031,-8.601,% GDP,IMF (WEO)
DZA,Fiscal balance,2027,-8.67,% GDP,IMF (WEO)
DZA,Fiscal balance,2028,-8.271,% GDP,IMF (WEO)
DZA,Fiscal balance,2029,-7.412,% GDP,IMF (WEO)
DZA,Fiscal balance,2030,-6.977,% GDP,IMF (WEO)
DZA,Fiscal balance,2031,-6.692,% GDP,IMF (WEO)
DZA,Gen gov debt,2027,66.43,% GDP,IMF (WEO)
DZA,Gen gov debt,2028,72.716,% GDP,IMF (WEO)
DZA,Gen gov debt,2029,77.34,% GDP,IMF (WEO)
DZA,Gen gov debt,2030,81.724,% GDP,IMF (WEO)
DZA,Gen gov debt,2031,85.904,% GDP,IMF (WEO)
ARM,GDP growth,2027,5.451,%,IMF (WEO)
ARM,GDP growth,2028,4.951,%,IMF (WEO)
ARM,GDP growth,2029,4.951,%,IMF (WEO)
ARM,GDP growth,2030,4.951,%,IMF (WEO)
ARM,GDP growth,2031,4.951,%,IMF (WEO)
ARM,Inflation,2027,3.413,%,IMF (WEO)
ARM,Inflation,2028,3.34,%,IMF (WEO)
ARM,Inflation,2029,2.999,%,IMF (WEO)
ARM,Inflation,2030,2.974,%,IMF (WEO)
ARM,Inflation,2031,3.027,%,IMF (WEO)
ARM,Fiscal balance,2027,-3.523,% GDP,IMF (WEO)
ARM,Fiscal balance,2028,-2.852,% GDP,IMF (WEO)
ARM,Fiscal balance,2029,-2.348,% GDP,IMF (WEO)
ARM,Fiscal balance,2030,-1.815,% GDP,IMF (WEO)
ARM,Fiscal balance,2031,-1.321,% GDP,IMF (WEO)
ARM,Fiscal balance,2027,-0.328,% GDP,IMF (WEO)
ARM,Fiscal balance,2028,0.31,% GDP,IMF (WEO)
ARM,Fiscal balance,2029,0.758,% GDP,IMF (WEO)
ARM,Fiscal balance,2030,1.103,% GDP,IMF (WEO)
ARM,Fiscal balance,2031,1.378,% GDP,IMF (WEO)
ARM,Gen gov debt,2027,51.208,% GDP,IMF (WEO)
ARM,Gen gov debt,2028,51.365,% GDP,IMF (WEO)
ARM,Gen gov debt,2029,50.447,% GDP,IMF (WEO)
ARM,Gen gov debt,2030,48.821,% GDP,IMF (WEO)
ARM,Gen gov debt,2031,46.722,% GDP,IMF (WEO)
AZE,GDP growth,2027,2.479,%,IMF (WEO)
AZE,GDP growth,2028,2.467,%,IMF (WEO)
AZE,GDP growth,2029,2.469,%,IMF (WEO)
AZE,GDP growth,2030,2.498,%,IMF (WEO)
AZE,GDP growth,2031,2.528,%,IMF (WEO)
AZE,Inflation,2027,5.1,%,IMF (WEO)
AZE,Inflation,2028,4.1,%,IMF (WEO)
AZE,Inflation,2029,4.0,%,IMF (WEO)
AZE,Inflation,2030,4.0,%,IMF (WEO)
AZE,Inflation,2031,4.0,%,IMF (WEO)
AZE,Fiscal balance,2027,0.181,% GDP,IMF (WEO)
AZE,Fiscal balance,2028,-0.562,% GDP,IMF (WEO)
AZE,Fiscal balance,2029,-0.483,% GDP,IMF (WEO)
AZE,Fiscal balance,2030,-0.606,% GDP,IMF (WEO)
AZE,Fiscal balance,2031,-0.488,% GDP,IMF (WEO)
AZE,Fiscal balance,2027,0.898,% GDP,IMF (WEO)
AZE,Fiscal balance,2028,0.207,% GDP,IMF (WEO)
AZE,Fiscal balance,2029,0.32,% GDP,IMF (WEO)
AZE,Fiscal balance,2030,0.214,% GDP,IMF (WEO)
AZE,Fiscal balance,2031,0.375,% GDP,IMF (WEO)
AZE,Gen gov debt,2027,19.998,% GDP,IMF (WEO)
AZE,Gen gov debt,2028,19.932,% GDP,IMF (WEO)
AZE,Gen gov debt,2029,19.914,% GDP,IMF (WEO)
AZE,Gen gov debt,2030,20.049,% GDP,IMF (WEO)
AZE,Gen gov debt,2031,20.236,% GDP,IMF (WEO)
BHR,GDP growth,2027,4.502,%,IMF (WEO)
BHR,GDP growth,2028,2.778,%,IMF (WEO)
BHR,GDP growth,2029,2.902,%,IMF (WEO)
BHR,GDP growth,2030,3.098,%,IMF (WEO)
BHR,GDP growth,2031,3.256,%,IMF (WEO)
BHR,Inflation,2027,1.2,%,IMF (WEO)
BHR,Inflation,2028,1.6,%,IMF (WEO)
BHR,Inflation,2029,1.8,%,IMF (WEO)
BHR,Inflation,2030,2.0,%,IMF (WEO)
BHR,Inflation,2031,2.0,%,IMF (WEO)
BHR,Fiscal balance,2027,-9.086,% GDP,IMF (WEO)
BHR,Fiscal balance,2028,-8.628,% GDP,IMF (WEO)
BHR,Fiscal balance,2029,-8.218,% GDP,IMF (WEO)
BHR,Fiscal balance,2030,-8.474,% GDP,IMF (WEO)
BHR,Fiscal balance,2031,-8.721,% GDP,IMF (WEO)
BHR,Fiscal balance,2027,-1.893,% GDP,IMF (WEO)
BHR,Fiscal balance,2028,-1.341,% GDP,IMF (WEO)
BHR,Fiscal balance,2029,-0.865,% GDP,IMF (WEO)
BHR,Fiscal balance,2030,-0.938,% GDP,IMF (WEO)
BHR,Fiscal balance,2031,-1.109,% GDP,IMF (WEO)
BHR,Gen gov debt,2027,154.507,% GDP,IMF (WEO)
BHR,Gen gov debt,2028,157.344,% GDP,IMF (WEO)
BHR,Gen gov debt,2029,158.869,% GDP,IMF (WEO)
BHR,Gen gov debt,2030,160.025,% GDP,IMF (WEO)
BHR,Gen gov debt,2031,161.228,% GDP,IMF (WEO)
DJI,GDP growth,2027,6.0,%,IMF (WEO)
DJI,GDP growth,2028,5.5,%,IMF (WEO)
DJI,GDP growth,2029,5.5,%,IMF (WEO)
DJI,GDP growth,2030,5.5,%,IMF (WEO)
DJI,GDP growth,2031,5.5,%,IMF (WEO)
DJI,Inflation,2027,1.241,%,IMF (WEO)
DJI,Inflation,2028,0.943,%,IMF (WEO)
DJI,Inflation,2029,0.934,%,IMF (WEO)
DJI,Inflation,2030,0.925,%,IMF (WEO)
DJI,Inflation,2031,0.917,%,IMF (WEO)
DJI,Fiscal balance,2027,-0.286,% GDP,IMF (WEO)
DJI,Fiscal balance,2028,-0.049,% GDP,IMF (WEO)
DJI,Fiscal balance,2029,0.049,% GDP,IMF (WEO)
DJI,Fiscal balance,2030,0.039,% GDP,IMF (WEO)
DJI,Fiscal balance,2031,0.025,% GDP,IMF (WEO)
DJI,Fiscal balance,2027,-0.057,% GDP,IMF (WEO)
DJI,Fiscal balance,2028,0.12,% GDP,IMF (WEO)
DJI,Fiscal balance,2029,0.195,% GDP,IMF (WEO)
DJI,Fiscal balance,2030,0.168,% GDP,IMF (WEO)
DJI,Fiscal balance,2031,0.139,% GDP,IMF (WEO)
DJI,Gen gov debt,2027,26.733,% GDP,IMF (WEO)
DJI,Gen gov debt,2028,24.122,% GDP,IMF (WEO)
DJI,Gen gov debt,2029,21.186,% GDP,IMF (WEO)
DJI,Gen gov debt,2030,18.541,% GDP,IMF (WEO)
DJI,Gen gov debt,2031,16.224,% GDP,IMF (WEO)
EGY,GDP growth,2027,4.829,%,IMF (WEO)
EGY,GDP growth,2028,5.535,%,IMF (WEO)
EGY,GDP growth,2029,5.227,%,IMF (WEO)
EGY,GDP growth,2030,4.842,%,IMF (WEO)
EGY,GDP growth,2031,4.789,%,IMF (WEO)
EGY,Inflation,2027,11.108,%,IMF (WEO)
EGY,Inflation,2028,8.119,%,IMF (WEO)
EGY,Inflation,2029,6.203,%,IMF (WEO)
EGY,Inflation,2030,5.363,%,IMF (WEO)
EGY,Inflation,2031,5.324,%,IMF (WEO)
EGY,Fiscal balance,2027,-8.87,% GDP,IMF (WEO)
EGY,Fiscal balance,2028,-6.957,% GDP,IMF (WEO)
EGY,Fiscal balance,2029,-4.384,% GDP,IMF (WEO)
EGY,Fiscal balance,2030,-3.561,% GDP,IMF (WEO)
EGY,Fiscal balance,2031,-3.077,% GDP,IMF (WEO)
EGY,Fiscal balance,2027,3.523,% GDP,IMF (WEO)
EGY,Fiscal balance,2028,3.489,% GDP,IMF (WEO)
EGY,Fiscal balance,2029,3.467,% GDP,IMF (WEO)
EGY,Fiscal balance,2030,3.453,% GDP,IMF (WEO)
EGY,Fiscal balance,2031,3.44,% GDP,IMF (WEO)
EGY,Gen gov debt,2027,84.889,% GDP,IMF (WEO)
EGY,Gen gov debt,2028,81.977,% GDP,IMF (WEO)
EGY,Gen gov debt,2029,78.048,% GDP,IMF (WEO)
EGY,Gen gov debt,2030,74.511,% GDP,IMF (WEO)
EGY,Gen gov debt,2031,70.92,% GDP,IMF (WEO)
GEO,GDP growth,2027,5.019,%,IMF (WEO)
GEO,GDP growth,2028,4.993,%,IMF (WEO)
GEO,GDP growth,2029,4.992,%,IMF (WEO)
GEO,GDP growth,2030,5.0,%,IMF (WEO)
GEO,GDP growth,2031,4.994,%,IMF (WEO)
GEO,Inflation,2027,3.048,%,IMF (WEO)
GEO,Inflation,2028,3.0,%,IMF (WEO)
GEO,Inflation,2029,3.0,%,IMF (WEO)
GEO,Inflation,2030,3.0,%,IMF (WEO)
GEO,Inflation,2031,3.0,%,IMF (WEO)
GEO,Fiscal balance,2027,-2.321,% GDP,IMF (WEO)
GEO,Fiscal balance,2028,-2.319,% GDP,IMF (WEO)
GEO,Fiscal balance,2029,-2.218,% GDP,IMF (WEO)
GEO,Fiscal balance,2030,-2.213,% GDP,IMF (WEO)
GEO,Fiscal balance,2031,-2.212,% GDP,IMF (WEO)
GEO,Fiscal balance,2027,-0.628,% GDP,IMF (WEO)
GEO,Fiscal balance,2028,-0.674,% GDP,IMF (WEO)
GEO,Fiscal balance,2029,-0.595,% GDP,IMF (WEO)
GEO,Fiscal balance,2030,-0.681,% GDP,IMF (WEO)
GEO,Fiscal balance,2031,-0.708,% GDP,IMF (WEO)
GEO,Gen gov debt,2027,34.525,% GDP,IMF (WEO)
GEO,Gen gov debt,2028,34.03,% GDP,IMF (WEO)
GEO,Gen gov debt,2029,33.307,% GDP,IMF (WEO)
GEO,Gen gov debt,2030,33.006,% GDP,IMF (WEO)
GEO,Gen gov debt,2031,32.983,% GDP,IMF (WEO)
IRN,GDP growth,2027,3.215,%,IMF (WEO)
IRN,GDP growth,2028,1.478,%,IMF (WEO)
IRN,GDP growth,2029,1.813,%,IMF (WEO)
IRN,GDP growth,2030,2.055,%,IMF (WEO)
IRN,GDP growth,2031,2.06,%,IMF (WEO)
IRN,Inflation,2027,39.598,%,IMF (WEO)
IRN,Inflation,2028,33.75,%,IMF (WEO)
IRN,Inflation,2029,28.75,%,IMF (WEO)
IRN,Inflation,2030,25.0,%,IMF (WEO)
IRN,Inflation,2031,25.0,%,IMF (WEO)
IRN,Fiscal balance,2027,-4.712,% GDP,IMF (WEO)
IRN,Fiscal balance,2028,-4.277,% GDP,IMF (WEO)
IRN,Fiscal balance,2029,-4.068,% GDP,IMF (WEO)
IRN,Fiscal balance,2030,-3.84,% GDP,IMF (WEO)
IRN,Fiscal balance,2031,-3.609,% GDP,IMF (WEO)
IRN,Fiscal balance,2027,-2.747,% GDP,IMF (WEO)
IRN,Fiscal balance,2028,-2.283,% GDP,IMF (WEO)
IRN,Fiscal balance,2029,-2.165,% GDP,IMF (WEO)
IRN,Fiscal balance,2030,-1.908,% GDP,IMF (WEO)
IRN,Fiscal balance,2031,-1.69,% GDP,IMF (WEO)
IRN,Gen gov debt,2027,38.173,% GDP,IMF (WEO)
IRN,Gen gov debt,2028,39.755,% GDP,IMF (WEO)
IRN,Gen gov debt,2029,41.554,% GDP,IMF (WEO)
IRN,Gen gov debt,2030,42.966,% GDP,IMF (WEO)
IRN,Gen gov debt,2031,44.146,% GDP,IMF (WEO)
IRQ,GDP growth,2027,11.303,%,IMF (WEO)
IRQ,GDP growth,2028,3.47,%,IMF (WEO)
IRQ,GDP growth,2029,3.334,%,IMF (WEO)
IRQ,GDP growth,2030,3.395,%,IMF (WEO)
IRQ,GDP growth,2031,3.457,%,IMF (WEO)
IRQ,Inflation,2027,3.269,%,IMF (WEO)
IRQ,Inflation,2028,3.28,%,IMF (WEO)
IRQ,Inflation,2029,3.578,%,IMF (WEO)
IRQ,Inflation,2030,4.23,%,IMF (WEO)
IRQ,Inflation,2031,4.816,%,IMF (WEO)
IRQ,Fiscal balance,2027,-2.664,% GDP,IMF (WEO)
IRQ,Fiscal balance,2028,-4.404,% GDP,IMF (WEO)
IRQ,Fiscal balance,2029,-5.681,% GDP,IMF (WEO)
IRQ,Fiscal balance,2030,-6.32,% GDP,IMF (WEO)
IRQ,Fiscal balance,2031,-7.275,% GDP,IMF (WEO)
IRQ,Fiscal balance,2027,-1.693,% GDP,IMF (WEO)
IRQ,Fiscal balance,2028,-3.314,% GDP,IMF (WEO)
IRQ,Fiscal balance,2029,-4.437,% GDP,IMF (WEO)
IRQ,Fiscal balance,2030,-4.907,% GDP,IMF (WEO)
IRQ,Fiscal balance,2031,-5.676,% GDP,IMF (WEO)
IRQ,Gen gov debt,2027,58.726,% GDP,IMF (WEO)
IRQ,Gen gov debt,2028,60.93,% GDP,IMF (WEO)
IRQ,Gen gov debt,2029,63.839,% GDP,IMF (WEO)
IRQ,Gen gov debt,2030,66.927,% GDP,IMF (WEO)
IRQ,Gen gov debt,2031,70.575,% GDP,IMF (WEO)
JOR,GDP growth,2027,3.1,%,IMF (WEO)
JOR,GDP growth,2028,3.0,%,IMF (WEO)
JOR,GDP growth,2029,3.0,%,IMF (WEO)
JOR,GDP growth,2030,3.0,%,IMF (WEO)
JOR,GDP growth,2031,3.0,%,IMF (WEO)
JOR,Inflation,2027,2.17,%,IMF (WEO)
JOR,Inflation,2028,2.186,%,IMF (WEO)
JOR,Inflation,2029,2.195,%,IMF (WEO)
JOR,Inflation,2030,2.203,%,IMF (WEO)
JOR,Inflation,2031,2.203,%,IMF (WEO)
JOR,Fiscal balance,2027,-5.32,% GDP,IMF (WEO)
JOR,Fiscal balance,2028,-4.299,% GDP,IMF (WEO)
JOR,Fiscal balance,2029,-4.11,% GDP,IMF (WEO)
JOR,Fiscal balance,2030,-4.123,% GDP,IMF (WEO)
JOR,Fiscal balance,2031,-4.299,% GDP,IMF (WEO)
JOR,Fiscal balance,2027,0.446,% GDP,IMF (WEO)
JOR,Fiscal balance,2028,1.483,% GDP,IMF (WEO)
JOR,Fiscal balance,2029,1.487,% GDP,IMF (WEO)
JOR,Fiscal balance,2030,1.316,% GDP,IMF (WEO)
JOR,Fiscal balance,2031,1.064,% GDP,IMF (WEO)
JOR,Gen gov debt,2027,81.068,% GDP,IMF (WEO)
JOR,Gen gov debt,2028,79.692,% GDP,IMF (WEO)
JOR,Gen gov debt,2029,78.217,% GDP,IMF (WEO)
JOR,Gen gov debt,2030,76.787,% GDP,IMF (WEO)
JOR,Gen gov debt,2031,75.686,% GDP,IMF (WEO)
KAZ,GDP growth,2027,4.4,%,IMF (WEO)
KAZ,GDP growth,2028,3.309,%,IMF (WEO)
KAZ,GDP growth,2029,3.596,%,IMF (WEO)
KAZ,GDP growth,2030,3.598,%,IMF (WEO)
KAZ,GDP growth,2031,3.613,%,IMF (WEO)
KAZ,Inflation,2027,10.053,%,IMF (WEO)
KAZ,Inflation,2028,8.783,%,IMF (WEO)
KAZ,Inflation,2029,7.6,%,IMF (WEO)
KAZ,Inflation,2030,5.849,%,IMF (WEO)
KAZ,Inflation,2031,5.0,%,IMF (WEO)
KAZ,Fiscal balance,2027,-1.777,% GDP,IMF (WEO)
KAZ,Fiscal balance,2028,-2.019,% GDP,IMF (WEO)
KAZ,Fiscal balance,2029,-1.967,% GDP,IMF (WEO)
KAZ,Fiscal balance,2030,-1.74,% GDP,IMF (WEO)
KAZ,Fiscal balance,2031,-1.717,% GDP,IMF (WEO)
KAZ,Fiscal balance,2027,-1.31,% GDP,IMF (WEO)
KAZ,Fiscal balance,2028,-1.418,% GDP,IMF (WEO)
KAZ,Fiscal balance,2029,-1.349,% GDP,IMF (WEO)
KAZ,Fiscal balance,2030,-1.065,% GDP,IMF (WEO)
KAZ,Fiscal balance,2031,-0.977,% GDP,IMF (WEO)
KAZ,Gen gov debt,2027,26.31,% GDP,IMF (WEO)
KAZ,Gen gov debt,2028,27.991,% GDP,IMF (WEO)
KAZ,Gen gov debt,2029,29.516,% GDP,IMF (WEO)
KAZ,Gen gov debt,2030,30.828,% GDP,IMF (WEO)
KAZ,Gen gov debt,2031,32.106,% GDP,IMF (WEO)
KWT,GDP growth,2027,2.811,%,IMF (WEO)
KWT,GDP growth,2028,2.505,%,IMF (WEO)
KWT,GDP growth,2029,2.421,%,IMF (WEO)
KWT,GDP growth,2030,2.384,%,IMF (WEO)
KWT,GDP growth,2031,2.389,%,IMF (WEO)
KWT,Inflation,2027,2.494,%,IMF (WEO)
KWT,Inflation,2028,2.175,%,IMF (WEO)
KWT,Inflation,2029,1.888,%,IMF (WEO)
KWT,Inflation,2030,1.74,%,IMF (WEO)
KWT,Inflation,2031,1.631,%,IMF (WEO)
KWT,Fiscal balance,2027,29.492,% GDP,IMF (WEO)
KWT,Fiscal balance,2028,29.397,% GDP,IMF (WEO)
KWT,Fiscal balance,2029,29.068,% GDP,IMF (WEO)
KWT,Fiscal balance,2030,28.883,% GDP,IMF (WEO)
KWT,Fiscal balance,2031,28.707,% GDP,IMF (WEO)
KWT,Fiscal balance,2027,-0.233,% GDP,IMF (WEO)
KWT,Fiscal balance,2028,-0.985,% GDP,IMF (WEO)
KWT,Fiscal balance,2029,-1.77,% GDP,IMF (WEO)
KWT,Fiscal balance,2030,-2.373,% GDP,IMF (WEO)
KWT,Fiscal balance,2031,-2.964,% GDP,IMF (WEO)
KWT,Gen gov debt,2027,27.491,% GDP,IMF (WEO)
KWT,Gen gov debt,2028,32.072,% GDP,IMF (WEO)
KWT,Gen gov debt,2029,34.91,% GDP,IMF (WEO)
KWT,Gen gov debt,2030,36.699,% GDP,IMF (WEO)
KWT,Gen gov debt,2031,37.848,% GDP,IMF (WEO)
KGZ,GDP growth,2027,6.076,%,IMF (WEO)
KGZ,GDP growth,2028,5.672,%,IMF (WEO)
KGZ,GDP growth,2029,5.371,%,IMF (WEO)
KGZ,GDP growth,2030,5.291,%,IMF (WEO)
KGZ,GDP growth,2031,5.191,%,IMF (WEO)
KGZ,Inflation,2027,9.952,%,IMF (WEO)
KGZ,Inflation,2028,8.94,%,IMF (WEO)
KGZ,Inflation,2029,7.942,%,IMF (WEO)
KGZ,Inflation,2030,6.981,%,IMF (WEO)
KGZ,Inflation,2031,6.549,%,IMF (WEO)
KGZ,Fiscal balance,2027,-3.099,% GDP,IMF (WEO)
KGZ,Fiscal balance,2028,-2.814,% GDP,IMF (WEO)
KGZ,Fiscal balance,2029,-2.463,% GDP,IMF (WEO)
KGZ,Fiscal balance,2030,-2.324,% GDP,IMF (WEO)
KGZ,Fiscal balance,2031,-2.526,% GDP,IMF (WEO)
KGZ,Fiscal balance,2027,-1.554,% GDP,IMF (WEO)
KGZ,Fiscal balance,2028,-1.042,% GDP,IMF (WEO)
KGZ,Fiscal balance,2029,-0.501,% GDP,IMF (WEO)
KGZ,Fiscal balance,2030,-0.211,% GDP,IMF (WEO)
KGZ,Fiscal balance,2031,-0.328,% GDP,IMF (WEO)
KGZ,Gen gov debt,2027,37.676,% GDP,IMF (WEO)
KGZ,Gen gov debt,2028,38.081,% GDP,IMF (WEO)
KGZ,Gen gov debt,2029,38.363,% GDP,IMF (WEO)
KGZ,Gen gov debt,2030,38.742,% GDP,IMF (WEO)
KGZ,Gen gov debt,2031,38.787,% GDP,IMF (WEO)
LBY,GDP growth,2027,4.501,%,IMF (WEO)
LBY,GDP growth,2028,4.461,%,IMF (WEO)
LBY,GDP growth,2029,4.182,%,IMF (WEO)
LBY,GDP growth,2030,3.973,%,IMF (WEO)
LBY,GDP growth,2031,3.759,%,IMF (WEO)
LBY,Inflation,2027,10.2,%,IMF (WEO)
LBY,Inflation,2028,10.2,%,IMF (WEO)
LBY,Inflation,2029,10.2,%,IMF (WEO)
LBY,Inflation,2030,10.2,%,IMF (WEO)
LBY,Inflation,2031,10.2,%,IMF (WEO)
LBY,Fiscal balance,2027,-23.841,% GDP,IMF (WEO)
LBY,Fiscal balance,2028,-23.885,% GDP,IMF (WEO)
LBY,Fiscal balance,2029,-22.668,% GDP,IMF (WEO)
LBY,Fiscal balance,2030,-21.383,% GDP,IMF (WEO)
LBY,Fiscal balance,2031,-20.368,% GDP,IMF (WEO)
LBY,Fiscal balance,2027,-23.841,% GDP,IMF (WEO)
LBY,Fiscal balance,2028,-23.885,% GDP,IMF (WEO)
LBY,Fiscal balance,2029,-22.668,% GDP,IMF (WEO)
LBY,Fiscal balance,2030,-21.383,% GDP,IMF (WEO)
LBY,Fiscal balance,2031,-20.368,% GDP,IMF (WEO)
MRT,GDP growth,2027,4.472,%,IMF (WEO)
MRT,GDP growth,2028,5.673,%,IMF (WEO)
MRT,GDP growth,2029,4.928,%,IMF (WEO)
MRT,GDP growth,2030,3.004,%,IMF (WEO)
MRT,GDP growth,2031,2.976,%,IMF (WEO)
MRT,Inflation,2027,4.1,%,IMF (WEO)
MRT,Inflation,2028,4.0,%,IMF (WEO)
MRT,Inflation,2029,4.0,%,IMF (WEO)
MRT,Inflation,2030,4.0,%,IMF (WEO)
MRT,Inflation,2031,4.0,%,IMF (WEO)
MRT,Fiscal balance,2027,0.519,% GDP,IMF (WEO)
MRT,Fiscal balance,2028,0.596,% GDP,IMF (WEO)
MRT,Fiscal balance,2029,0.72,% GDP,IMF (WEO)
MRT,Fiscal balance,2030,0.651,% GDP,IMF (WEO)
MRT,Fiscal balance,2031,0.69,% GDP,IMF (WEO)
MRT,Fiscal balance,2027,1.199,% GDP,IMF (WEO)
MRT,Fiscal balance,2028,1.341,% GDP,IMF (WEO)
MRT,Fiscal balance,2029,1.493,% GDP,IMF (WEO)
MRT,Fiscal balance,2030,1.476,% GDP,IMF (WEO)
MRT,Fiscal balance,2031,1.602,% GDP,IMF (WEO)
MRT,Gen gov debt,2027,37.603,% GDP,IMF (WEO)
MRT,Gen gov debt,2028,37.254,% GDP,IMF (WEO)
MRT,Gen gov debt,2029,36.992,% GDP,IMF (WEO)
MRT,Gen gov debt,2030,37.933,% GDP,IMF (WEO)
MRT,Gen gov debt,2031,40.759,% GDP,IMF (WEO)
MAR,GDP growth,2027,4.5,%,IMF (WEO)
MAR,GDP growth,2028,4.499,%,IMF (WEO)
MAR,GDP growth,2029,4.401,%,IMF (WEO)
MAR,GDP growth,2030,4.101,%,IMF (WEO)
MAR,GDP growth,2031,4.004,%,IMF (WEO)
MAR,Inflation,2027,1.647,%,IMF (WEO)
MAR,Inflation,2028,1.965,%,IMF (WEO)
MAR,Inflation,2029,2.039,%,IMF (WEO)
MAR,Inflation,2030,2.016,%,IMF (WEO)
MAR,Inflation,2031,1.983,%,IMF (WEO)
MAR,Fiscal balance,2027,-3.366,% GDP,IMF (WEO)
MAR,Fiscal balance,2028,-3.278,% GDP,IMF (WEO)
MAR,Fiscal balance,2029,-3.24,% GDP,IMF (WEO)
MAR,Fiscal balance,2030,-3.148,% GDP,IMF (WEO)
MAR,Fiscal balance,2031,-3.044,% GDP,IMF (WEO)
MAR,Fiscal balance,2027,-1.229,% GDP,IMF (WEO)
MAR,Fiscal balance,2028,-1.215,% GDP,IMF (WEO)
MAR,Fiscal balance,2029,-1.137,% GDP,IMF (WEO)
MAR,Fiscal balance,2030,-1.065,% GDP,IMF (WEO)
MAR,Fiscal balance,2031,-0.999,% GDP,IMF (WEO)
MAR,Gen gov debt,2027,64.881,% GDP,IMF (WEO)
MAR,Gen gov debt,2028,63.877,% GDP,IMF (WEO)
MAR,Gen gov debt,2029,62.824,% GDP,IMF (WEO)
MAR,Gen gov debt,2030,61.893,% GDP,IMF (WEO)
MAR,Gen gov debt,2031,61.041,% GDP,IMF (WEO)
OMN,GDP growth,2027,3.416,%,IMF (WEO)
OMN,GDP growth,2028,3.717,%,IMF (WEO)
OMN,GDP growth,2029,3.476,%,IMF (WEO)
OMN,GDP growth,2030,3.27,%,IMF (WEO)
OMN,GDP growth,2031,2.676,%,IMF (WEO)
OMN,Inflation,2027,1.9,%,IMF (WEO)
OMN,Inflation,2028,2.0,%,IMF (WEO)
OMN,Inflation,2029,2.0,%,IMF (WEO)
OMN,Inflation,2030,2.0,%,IMF (WEO)
OMN,Inflation,2031,2.0,%,IMF (WEO)
OMN,Fiscal balance,2027,4.297,% GDP,IMF (WEO)
OMN,Fiscal balance,2028,4.655,% GDP,IMF (WEO)
OMN,Fiscal balance,2029,4.544,% GDP,IMF (WEO)
OMN,Fiscal balance,2030,4.737,% GDP,IMF (WEO)
OMN,Fiscal balance,2031,4.619,% GDP,IMF (WEO)
OMN,Fiscal balance,2027,4.501,% GDP,IMF (WEO)
OMN,Fiscal balance,2028,5.213,% GDP,IMF (WEO)
OMN,Fiscal balance,2029,5.216,% GDP,IMF (WEO)
OMN,Fiscal balance,2030,5.295,% GDP,IMF (WEO)
OMN,Fiscal balance,2031,5.189,% GDP,IMF (WEO)
OMN,Gen gov debt,2027,32.698,% GDP,IMF (WEO)
OMN,Gen gov debt,2028,31.889,% GDP,IMF (WEO)
OMN,Gen gov debt,2029,30.8,% GDP,IMF (WEO)
OMN,Gen gov debt,2030,29.611,% GDP,IMF (WEO)
OMN,Gen gov debt,2031,29.091,% GDP,IMF (WEO)
PAK,GDP growth,2027,3.5,%,IMF (WEO)
PAK,GDP growth,2028,4.3,%,IMF (WEO)
PAK,GDP growth,2029,4.5,%,IMF (WEO)
PAK,GDP growth,2030,4.5,%,IMF (WEO)
PAK,GDP growth,2031,4.5,%,IMF (WEO)
PAK,Inflation,2027,8.355,%,IMF (WEO)
PAK,Inflation,2028,6.553,%,IMF (WEO)
PAK,Inflation,2029,6.466,%,IMF (WEO)
PAK,Inflation,2030,6.466,%,IMF (WEO)
PAK,Inflation,2031,6.466,%,IMF (WEO)
PAK,Fiscal balance,2027,-3.228,% GDP,IMF (WEO)
PAK,Fiscal balance,2028,-3.009,% GDP,IMF (WEO)
PAK,Fiscal balance,2029,-2.806,% GDP,IMF (WEO)
PAK,Fiscal balance,2030,-3.648,% GDP,IMF (WEO)
PAK,Fiscal balance,2031,-4.594,% GDP,IMF (WEO)
PAK,Fiscal balance,2027,2.008,% GDP,IMF (WEO)
PAK,Fiscal balance,2028,2.047,% GDP,IMF (WEO)
PAK,Fiscal balance,2029,2.046,% GDP,IMF (WEO)
PAK,Fiscal balance,2030,1.052,% GDP,IMF (WEO)
PAK,Fiscal balance,2031,0.055,% GDP,IMF (WEO)
PAK,Gen gov debt,2027,67.141,% GDP,IMF (WEO)
PAK,Gen gov debt,2028,64.024,% GDP,IMF (WEO)
PAK,Gen gov debt,2029,60.836,% GDP,IMF (WEO)
PAK,Gen gov debt,2030,59.02,% GDP,IMF (WEO)
PAK,Gen gov debt,2031,58.214,% GDP,IMF (WEO)
QAT,GDP growth,2027,8.59,%,IMF (WEO)
QAT,GDP growth,2028,5.836,%,IMF (WEO)
QAT,GDP growth,2029,7.837,%,IMF (WEO)
QAT,GDP growth,2030,5.919,%,IMF (WEO)
QAT,GDP growth,2031,4.977,%,IMF (WEO)
QAT,Inflation,2027,2.477,%,IMF (WEO)
QAT,Inflation,2028,2.048,%,IMF (WEO)
QAT,Inflation,2029,1.98,%,IMF (WEO)
QAT,Inflation,2030,1.972,%,IMF (WEO)
QAT,Inflation,2031,1.967,%,IMF (WEO)
QAT,Fiscal balance,2027,-4.815,% GDP,IMF (WEO)
QAT,Fiscal balance,2028,-4.667,% GDP,IMF (WEO)
QAT,Fiscal balance,2029,-0.393,% GDP,IMF (WEO)
QAT,Fiscal balance,2030,1.844,% GDP,IMF (WEO)
QAT,Fiscal balance,2031,2.861,% GDP,IMF (WEO)
QAT,Fiscal balance,2027,-3.564,% GDP,IMF (WEO)
QAT,Fiscal balance,2028,-3.452,% GDP,IMF (WEO)
QAT,Fiscal balance,2029,0.762,% GDP,IMF (WEO)
QAT,Fiscal balance,2030,2.96,% GDP,IMF (WEO)
QAT,Fiscal balance,2031,3.948,% GDP,IMF (WEO)
QAT,Gen gov debt,2027,40.887,% GDP,IMF (WEO)
QAT,Gen gov debt,2028,39.708,% GDP,IMF (WEO)
QAT,Gen gov debt,2029,37.745,% GDP,IMF (WEO)
QAT,Gen gov debt,2030,36.453,% GDP,IMF (WEO)
QAT,Gen gov debt,2031,35.476,% GDP,IMF (WEO)
SAU,GDP growth,2027,4.454,%,IMF (WEO)
SAU,GDP growth,2028,3.645,%,IMF (WEO)
SAU,GDP growth,2029,3.543,%,IMF (WEO)
SAU,GDP growth,2030,3.52,%,IMF (WEO)
SAU,GDP growth,2031,3.55,%,IMF (WEO)
SAU,Inflation,2027,2.114,%,IMF (WEO)
SAU,Inflation,2028,2.0,%,IMF (WEO)
SAU,Inflation,2029,2.0,%,IMF (WEO)
SAU,Inflation,2030,2.0,%,IMF (WEO)
SAU,Inflation,2031,2.0,%,IMF (WEO)
SAU,Fiscal balance,2027,-3.401,% GDP,IMF (WEO)
SAU,Fiscal balance,2028,-3.562,% GDP,IMF (WEO)
SAU,Fiscal balance,2029,-3.34,% GDP,IMF (WEO)
SAU,Fiscal balance,2030,-3.211,% GDP,IMF (WEO)
SAU,Fiscal balance,2031,-3.173,% GDP,IMF (WEO)
SAU,Fiscal balance,2027,-2.829,% GDP,IMF (WEO)
SAU,Fiscal balance,2028,-2.849,% GDP,IMF (WEO)
SAU,Fiscal balance,2029,-2.5,% GDP,IMF (WEO)
SAU,Fiscal balance,2030,-2.25,% GDP,IMF (WEO)
SAU,Fiscal balance,2031,-2.096,% GDP,IMF (WEO)
SAU,Gen gov debt,2027,34.769,% GDP,IMF (WEO)
SAU,Gen gov debt,2028,37.073,% GDP,IMF (WEO)
SAU,Gen gov debt,2029,38.921,% GDP,IMF (WEO)
SAU,Gen gov debt,2030,40.63,% GDP,IMF (WEO)
SAU,Gen gov debt,2031,42.219,% GDP,IMF (WEO)
SOM,GDP growth,2027,3.1,%,IMF (WEO)
SOM,GDP growth,2028,3.6,%,IMF (WEO)
SOM,GDP growth,2029,4.0,%,IMF (WEO)
SOM,GDP growth,2030,4.1,%,IMF (WEO)
SOM,GDP growth,2031,4.2,%,IMF (WEO)
SOM,Inflation,2027,4.5,%,IMF (WEO)
SOM,Inflation,2028,4.0,%,IMF (WEO)
SOM,Inflation,2029,3.8,%,IMF (WEO)
SOM,Inflation,2030,3.5,%,IMF (WEO)
SOM,Inflation,2031,3.2,%,IMF (WEO)
SOM,Fiscal balance,2027,-0.777,% GDP,IMF (WEO)
SOM,Fiscal balance,2028,-1.218,% GDP,IMF (WEO)
SOM,Fiscal balance,2029,-1.972,% GDP,IMF (WEO)
SOM,Fiscal balance,2030,-1.99,% GDP,IMF (WEO)
SOM,Fiscal balance,2031,-2.108,% GDP,IMF (WEO)
SOM,Fiscal balance,2027,-0.7,% GDP,IMF (WEO)
SOM,Fiscal balance,2028,-1.141,% GDP,IMF (WEO)
SOM,Fiscal balance,2029,-1.87,% GDP,IMF (WEO)
SOM,Fiscal balance,2030,-1.872,% GDP,IMF (WEO)
SOM,Fiscal balance,2031,-1.987,% GDP,IMF (WEO)
SDN,GDP growth,2027,8.126,%,IMF (WEO)
SDN,GDP growth,2028,12.848,%,IMF (WEO)
SDN,GDP growth,2029,8.341,%,IMF (WEO)
SDN,GDP growth,2030,6.001,%,IMF (WEO)
SDN,GDP growth,2031,4.507,%,IMF (WEO)
SDN,Inflation,2027,44.606,%,IMF (WEO)
SDN,Inflation,2028,27.576,%,IMF (WEO)
SDN,Inflation,2029,16.415,%,IMF (WEO)
SDN,Inflation,2030,13.778,%,IMF (WEO)
SDN,Inflation,2031,12.487,%,IMF (WEO)
SDN,Fiscal balance,2027,-5.002,% GDP,IMF (WEO)
SDN,Fiscal balance,2028,-4.105,% GDP,IMF (WEO)
SDN,Fiscal balance,2029,-3.704,% GDP,IMF (WEO)
SDN,Fiscal balance,2030,-3.112,% GDP,IMF (WEO)
SDN,Fiscal balance,2031,-2.7,% GDP,IMF (WEO)
SDN,Fiscal balance,2027,-4.606,% GDP,IMF (WEO)
SDN,Fiscal balance,2028,-3.756,% GDP,IMF (WEO)
SDN,Fiscal balance,2029,-3.411,% GDP,IMF (WEO)
SDN,Fiscal balance,2030,-2.867,% GDP,IMF (WEO)
SDN,Fiscal balance,2031,-2.453,% GDP,IMF (WEO)
SDN,Gen gov debt,2027,153.017,% GDP,IMF (WEO)
SDN,Gen gov debt,2028,134.487,% GDP,IMF (WEO)
SDN,Gen gov debt,2029,128.898,% GDP,IMF (WEO)
SDN,Gen gov debt,2030,124.418,% GDP,IMF (WEO)
SDN,Gen gov debt,2031,116.263,% GDP,IMF (WEO)
TJK,GDP growth,2027,4.8,%,IMF (WEO)
TJK,GDP growth,2028,4.5,%,IMF (WEO)
TJK,GDP growth,2029,4.5,%,IMF (WEO)
TJK,GDP growth,2030,4.5,%,IMF (WEO)
TJK,GDP growth,2031,4.5,%,IMF (WEO)
TJK,Inflation,2027,4.75,%,IMF (WEO)
TJK,Inflation,2028,5.0,%,IMF (WEO)
TJK,Inflation,2029,5.0,%,IMF (WEO)
TJK,Inflation,2030,5.0,%,IMF (WEO)
TJK,Inflation,2031,5.0,%,IMF (WEO)
TJK,Fiscal balance,2027,-2.5,% GDP,IMF (WEO)
TJK,Fiscal balance,2028,-2.5,% GDP,IMF (WEO)
TJK,Fiscal balance,2029,-2.5,% GDP,IMF (WEO)
TJK,Fiscal balance,2030,-2.5,% GDP,IMF (WEO)
TJK,Fiscal balance,2031,-2.5,% GDP,IMF (WEO)
TJK,Fiscal balance,2027,-1.809,% GDP,IMF (WEO)
TJK,Fiscal balance,2028,-1.765,% GDP,IMF (WEO)
TJK,Fiscal balance,2029,-1.676,% GDP,IMF (WEO)
TJK,Fiscal balance,2030,-1.593,% GDP,IMF (WEO)
TJK,Fiscal balance,2031,-1.533,% GDP,IMF (WEO)
TJK,Gen gov debt,2027,22.305,% GDP,IMF (WEO)
TJK,Gen gov debt,2028,23.388,% GDP,IMF (WEO)
TJK,Gen gov debt,2029,24.374,% GDP,IMF (WEO)
TJK,Gen gov debt,2030,25.085,% GDP,IMF (WEO)
TJK,Gen gov debt,2031,25.654,% GDP,IMF (WEO)
TUN,GDP growth,2027,1.623,%,IMF (WEO)
TUN,GDP growth,2028,1.542,%,IMF (WEO)
TUN,GDP growth,2029,1.537,%,IMF (WEO)
TUN,GDP growth,2030,1.536,%,IMF (WEO)
TUN,GDP growth,2031,1.53,%,IMF (WEO)
TUN,Inflation,2027,7.153,%,IMF (WEO)
TUN,Inflation,2028,8.103,%,IMF (WEO)
TUN,Inflation,2029,8.4,%,IMF (WEO)
TUN,Inflation,2030,9.012,%,IMF (WEO)
TUN,Inflation,2031,9.6,%,IMF (WEO)
TUN,Fiscal balance,2027,-6.525,% GDP,IMF (WEO)
TUN,Fiscal balance,2028,-5.985,% GDP,IMF (WEO)
TUN,Fiscal balance,2029,-6.075,% GDP,IMF (WEO)
TUN,Fiscal balance,2030,-6.454,% GDP,IMF (WEO)
TUN,Fiscal balance,2031,-6.801,% GDP,IMF (WEO)
TUN,Fiscal balance,2027,-2.65,% GDP,IMF (WEO)
TUN,Fiscal balance,2028,-2.5,% GDP,IMF (WEO)
TUN,Fiscal balance,2029,-2.55,% GDP,IMF (WEO)
TUN,Fiscal balance,2030,-2.7,% GDP,IMF (WEO)
TUN,Fiscal balance,2031,-2.75,% GDP,IMF (WEO)
TUN,Gen gov debt,2027,88.73,% GDP,IMF (WEO)
TUN,Gen gov debt,2028,90.183,% GDP,IMF (WEO)
TUN,Gen gov debt,2029,90.939,% GDP,IMF (WEO)
TUN,Gen gov debt,2030,91.108,% GDP,IMF (WEO)
TUN,Gen gov debt,2031,91.054,% GDP,IMF (WEO)
TKM,GDP growth,2027,1.999,%,IMF (WEO)
TKM,GDP growth,2028,2.304,%,IMF (WEO)
TKM,GDP growth,2029,2.298,%,IMF (WEO)
TKM,GDP growth,2030,2.297,%,IMF (WEO)
TKM,GDP growth,2031,2.305,%,IMF (WEO)
TKM,Inflation,2027,4.75,%,IMF (WEO)
TKM,Inflation,2028,5.0,%,IMF (WEO)
TKM,Inflation,2029,5.0,%,IMF (WEO)
TKM,Inflation,2030,5.0,%,IMF (WEO)
TKM,Inflation,2031,5.0,%,IMF (WEO)
TKM,Fiscal balance,2027,-0.068,% GDP,IMF (WEO)
TKM,Fiscal balance,2028,-0.246,% GDP,IMF (WEO)
TKM,Fiscal balance,2029,-0.397,% GDP,IMF (WEO)
TKM,Fiscal balance,2030,-0.548,% GDP,IMF (WEO)
TKM,Fiscal balance,2031,-0.702,% GDP,IMF (WEO)
TKM,Gen gov debt,2027,3.739,% GDP,IMF (WEO)
TKM,Gen gov debt,2028,3.953,% GDP,IMF (WEO)
TKM,Gen gov debt,2029,4.272,% GDP,IMF (WEO)
TKM,Gen gov debt,2030,4.591,% GDP,IMF (WEO)
TKM,Gen gov debt,2031,4.895,% GDP,IMF (WEO)
ARE,GDP growth,2027,5.266,%,IMF (WEO)
ARE,GDP growth,2028,4.629,%,IMF (WEO)
ARE,GDP growth,2029,4.373,%,IMF (WEO)
ARE,GDP growth,2030,4.032,%,IMF (WEO)
ARE,GDP growth,2031,4.039,%,IMF (WEO)
ARE,Inflation,2027,2.0,%,IMF (WEO)
ARE,Inflation,2028,2.0,%,IMF (WEO)
ARE,Inflation,2029,2.0,%,IMF (WEO)
ARE,Inflation,2030,2.0,%,IMF (WEO)
ARE,Inflation,2031,2.0,%,IMF (WEO)
ARE,Fiscal balance,2027,4.83,% GDP,IMF (WEO)
ARE,Fiscal balance,2028,4.708,% GDP,IMF (WEO)
ARE,Fiscal balance,2029,4.694,% GDP,IMF (WEO)
ARE,Fiscal balance,2030,4.576,% GDP,IMF (WEO)
ARE,Fiscal balance,2031,4.489,% GDP,IMF (WEO)
ARE,Fiscal balance,2027,5.526,% GDP,IMF (WEO)
ARE,Fiscal balance,2028,5.361,% GDP,IMF (WEO)
ARE,Fiscal balance,2029,5.302,% GDP,IMF (WEO)
ARE,Fiscal balance,2030,5.16,% GDP,IMF (WEO)
ARE,Fiscal balance,2031,5.062,% GDP,IMF (WEO)
ARE,Gen gov debt,2027,30.121,% GDP,IMF (WEO)
ARE,Gen gov debt,2028,28.768,% GDP,IMF (WEO)
ARE,Gen gov debt,2029,27.237,% GDP,IMF (WEO)
ARE,Gen gov debt,2030,26.699,% GDP,IMF (WEO)
ARE,Gen gov debt,2031,26.007,% GDP,IMF (WEO)
UZB,GDP growth,2027,5.864,%,IMF (WEO)
UZB,GDP growth,2028,5.772,%,IMF (WEO)
UZB,GDP growth,2029,5.758,%,IMF (WEO)
UZB,GDP growth,2030,5.69,%,IMF (WEO)
UZB,GDP growth,2031,5.701,%,IMF (WEO)
UZB,Inflation,2027,5.57,%,IMF (WEO)
UZB,Inflation,2028,4.99,%,IMF (WEO)
UZB,Inflation,2029,5.027,%,IMF (WEO)
UZB,Inflation,2030,5.022,%,IMF (WEO)
UZB,Inflation,2031,5.0,%,IMF (WEO)
UZB,Fiscal balance,2027,-2.063,% GDP,IMF (WEO)
UZB,Fiscal balance,2028,-2.076,% GDP,IMF (WEO)
UZB,Fiscal balance,2029,-2.077,% GDP,IMF (WEO)
UZB,Fiscal balance,2030,-2.075,% GDP,IMF (WEO)
UZB,Fiscal balance,2031,-2.071,% GDP,IMF (WEO)
UZB,Fiscal balance,2027,-1.071,% GDP,IMF (WEO)
UZB,Fiscal balance,2028,-1.123,% GDP,IMF (WEO)
UZB,Fiscal balance,2029,-1.201,% GDP,IMF (WEO)
UZB,Fiscal balance,2030,-1.194,% GDP,IMF (WEO)
UZB,Fiscal balance,2031,-1.099,% GDP,IMF (WEO)
UZB,Gen gov debt,2027,26.982,% GDP,IMF (WEO)
UZB,Gen gov debt,2028,26.977,% GDP,IMF (WEO)
UZB,Gen gov debt,2029,26.78,% GDP,IMF (WEO)
UZB,Gen gov debt,2030,26.801,% GDP,IMF (WEO)
UZB,Gen gov debt,2031,26.768,% GDP,IMF (WEO)
YEM,GDP growth,2027,1.452,%,IMF (WEO)
YEM,GDP growth,2028,2.508,%,IMF (WEO)
YEM,GDP growth,2029,2.53,%,IMF (WEO)
YEM,GDP growth,2030,2.549,%,IMF (WEO)
YEM,GDP growth,2031,2.549,%,IMF (WEO)
YEM,Inflation,2027,18.749,%,IMF (WEO)
YEM,Inflation,2028,16.765,%,IMF (WEO)
YEM,Inflation,2029,14.029,%,IMF (WEO)
YEM,Inflation,2030,12.683,%,IMF (WEO)
YEM,Inflation,2031,10.099,%,IMF (WEO)
YEM,Fiscal balance,2027,-0.938,% GDP,IMF (WEO)
YEM,Fiscal balance,2028,0.187,% GDP,IMF (WEO)
YEM,Fiscal balance,2029,0.076,% GDP,IMF (WEO)
YEM,Fiscal balance,2030,0.057,% GDP,IMF (WEO)
YEM,Fiscal balance,2031,0.267,% GDP,IMF (WEO)
YEM,Fiscal balance,2027,1.784,% GDP,IMF (WEO)
YEM,Fiscal balance,2028,2.637,% GDP,IMF (WEO)
YEM,Fiscal balance,2029,2.308,% GDP,IMF (WEO)
YEM,Fiscal balance,2030,2.097,% GDP,IMF (WEO)
YEM,Fiscal balance,2031,2.161,% GDP,IMF (WEO)
AGO,GDP growth,2027,2.637,%,IMF (WEO)
AGO,GDP growth,2028,2.817,%,IMF (WEO)
AGO,GDP growth,2029,2.97,%,IMF (WEO)
AGO,GDP growth,2030,3.029,%,IMF (WEO)
AGO,GDP growth,2031,3.091,%,IMF (WEO)
AGO,Inflation,2027,12.79,%,IMF (WEO)
AGO,Inflation,2028,10.294,%,IMF (WEO)
AGO,Inflation,2029,10.034,%,IMF (WEO)
AGO,Inflation,2030,9.926,%,IMF (WEO)
AGO,Inflation,2031,9.766,%,IMF (WEO)
AGO,Fiscal balance,2027,-3.609,% GDP,IMF (WEO)
AGO,Fiscal balance,2028,-3.936,% GDP,IMF (WEO)
AGO,Fiscal balance,2029,-3.972,% GDP,IMF (WEO)
AGO,Fiscal balance,2030,-3.831,% GDP,IMF (WEO)
AGO,Fiscal balance,2031,-3.88,% GDP,IMF (WEO)
AGO,Fiscal balance,2027,0.174,% GDP,IMF (WEO)
AGO,Fiscal balance,2028,0.034,% GDP,IMF (WEO)
AGO,Fiscal balance,2029,0.138,% GDP,IMF (WEO)
AGO,Fiscal balance,2030,0.32,% GDP,IMF (WEO)
AGO,Fiscal balance,2031,0.315,% GDP,IMF (WEO)
AGO,Gen gov debt,2027,53.517,% GDP,IMF (WEO)
AGO,Gen gov debt,2028,55.216,% GDP,IMF (WEO)
AGO,Gen gov debt,2029,56.563,% GDP,IMF (WEO)
AGO,Gen gov debt,2030,57.113,% GDP,IMF (WEO)
AGO,Gen gov debt,2031,57.718,% GDP,IMF (WEO)
BEN,GDP growth,2027,6.698,%,IMF (WEO)
BEN,GDP growth,2028,6.587,%,IMF (WEO)
BEN,GDP growth,2029,6.482,%,IMF (WEO)
BEN,GDP growth,2030,6.042,%,IMF (WEO)
BEN,GDP growth,2031,6.026,%,IMF (WEO)
BEN,Inflation,2027,2.0,%,IMF (WEO)
BEN,Inflation,2028,2.0,%,IMF (WEO)
BEN,Inflation,2029,2.0,%,IMF (WEO)
BEN,Inflation,2030,2.0,%,IMF (WEO)
BEN,Inflation,2031,2.0,%,IMF (WEO)
BEN,Fiscal balance,2027,-2.9,% GDP,IMF (WEO)
BEN,Fiscal balance,2028,-2.9,% GDP,IMF (WEO)
BEN,Fiscal balance,2029,-2.9,% GDP,IMF (WEO)
BEN,Fiscal balance,2030,-2.9,% GDP,IMF (WEO)
BEN,Fiscal balance,2031,-2.9,% GDP,IMF (WEO)
BEN,Fiscal balance,2027,-1.245,% GDP,IMF (WEO)
BEN,Fiscal balance,2028,-1.387,% GDP,IMF (WEO)
BEN,Fiscal balance,2029,-1.369,% GDP,IMF (WEO)
BEN,Fiscal balance,2030,-1.352,% GDP,IMF (WEO)
BEN,Fiscal balance,2031,-1.343,% GDP,IMF (WEO)
BEN,Gen gov debt,2027,55.62,% GDP,IMF (WEO)
BEN,Gen gov debt,2028,53.175,% GDP,IMF (WEO)
BEN,Gen gov debt,2029,51.965,% GDP,IMF (WEO)
BEN,Gen gov debt,2030,51.104,% GDP,IMF (WEO)
BEN,Gen gov debt,2031,50.304,% GDP,IMF (WEO)
BWA,GDP growth,2027,2.227,%,IMF (WEO)
BWA,GDP growth,2028,2.96,%,IMF (WEO)
BWA,GDP growth,2029,3.932,%,IMF (WEO)
BWA,GDP growth,2030,3.949,%,IMF (WEO)
BWA,GDP growth,2031,3.96,%,IMF (WEO)
BWA,Inflation,2027,5.7,%,IMF (WEO)
BWA,Inflation,2028,4.8,%,IMF (WEO)
BWA,Inflation,2029,4.5,%,IMF (WEO)
BWA,Inflation,2030,4.5,%,IMF (WEO)
BWA,Inflation,2031,4.5,%,IMF (WEO)
BWA,Fiscal balance,2027,-7.793,% GDP,IMF (WEO)
BWA,Fiscal balance,2028,-7.592,% GDP,IMF (WEO)
BWA,Fiscal balance,2029,-7.494,% GDP,IMF (WEO)
BWA,Fiscal balance,2030,-7.083,% GDP,IMF (WEO)
BWA,Fiscal balance,2031,-7.458,% GDP,IMF (WEO)
BWA,Fiscal balance,2027,-4.482,% GDP,IMF (WEO)
BWA,Fiscal balance,2028,-3.785,% GDP,IMF (WEO)
BWA,Fiscal balance,2029,-3.325,% GDP,IMF (WEO)
BWA,Fiscal balance,2030,-2.563,% GDP,IMF (WEO)
BWA,Fiscal balance,2031,-2.62,% GDP,IMF (WEO)
BWA,Gen gov debt,2027,51.923,% GDP,IMF (WEO)
BWA,Gen gov debt,2028,55.467,% GDP,IMF (WEO)
BWA,Gen gov debt,2029,58.634,% GDP,IMF (WEO)
BWA,Gen gov debt,2030,61.228,% GDP,IMF (WEO)
BWA,Gen gov debt,2031,64.367,% GDP,IMF (WEO)
BFA,GDP growth,2027,4.8,%,IMF (WEO)
BFA,GDP growth,2028,4.782,%,IMF (WEO)
BFA,GDP growth,2029,4.806,%,IMF (WEO)
BFA,GDP growth,2030,4.83,%,IMF (WEO)
BFA,GDP growth,2031,4.854,%,IMF (WEO)
BFA,Inflation,2027,2.061,%,IMF (WEO)
BFA,Inflation,2028,2.031,%,IMF (WEO)
BFA,Inflation,2029,2.0,%,IMF (WEO)
BFA,Inflation,2030,2.0,%,IMF (WEO)
BFA,Inflation,2031,2.0,%,IMF (WEO)
BFA,Fiscal balance,2027,-3.044,% GDP,IMF (WEO)
BFA,Fiscal balance,2028,-3.0,% GDP,IMF (WEO)
BFA,Fiscal balance,2029,-3.0,% GDP,IMF (WEO)
BFA,Fiscal balance,2030,-3.0,% GDP,IMF (WEO)
BFA,Fiscal balance,2031,-3.0,% GDP,IMF (WEO)
BFA,Fiscal balance,2027,-0.824,% GDP,IMF (WEO)
BFA,Fiscal balance,2028,-0.79,% GDP,IMF (WEO)
BFA,Fiscal balance,2029,-1.036,% GDP,IMF (WEO)
BFA,Fiscal balance,2030,-1.099,% GDP,IMF (WEO)
BFA,Fiscal balance,2031,-1.115,% GDP,IMF (WEO)
BFA,Gen gov debt,2027,47.127,% GDP,IMF (WEO)
BFA,Gen gov debt,2028,46.85,% GDP,IMF (WEO)
BFA,Gen gov debt,2029,46.605,% GDP,IMF (WEO)
BFA,Gen gov debt,2030,46.45,% GDP,IMF (WEO)
BFA,Gen gov debt,2031,46.385,% GDP,IMF (WEO)
BDI,GDP growth,2027,4.168,%,IMF (WEO)
BDI,GDP growth,2028,4.028,%,IMF (WEO)
BDI,GDP growth,2029,4.063,%,IMF (WEO)
BDI,GDP growth,2030,4.11,%,IMF (WEO)
BDI,GDP growth,2031,4.175,%,IMF (WEO)
BDI,Inflation,2027,15.335,%,IMF (WEO)
BDI,Inflation,2028,13.498,%,IMF (WEO)
BDI,Inflation,2029,12.794,%,IMF (WEO)
BDI,Inflation,2030,10.655,%,IMF (WEO)
BDI,Inflation,2031,9.831,%,IMF (WEO)
BDI,Fiscal balance,2027,-2.943,% GDP,IMF (WEO)
BDI,Fiscal balance,2028,-3.46,% GDP,IMF (WEO)
BDI,Fiscal balance,2029,-3.24,% GDP,IMF (WEO)
BDI,Fiscal balance,2030,-3.906,% GDP,IMF (WEO)
BDI,Fiscal balance,2031,-3.16,% GDP,IMF (WEO)
BDI,Fiscal balance,2027,-1.857,% GDP,IMF (WEO)
BDI,Fiscal balance,2028,-2.188,% GDP,IMF (WEO)
BDI,Fiscal balance,2029,-1.986,% GDP,IMF (WEO)
BDI,Fiscal balance,2030,-2.503,% GDP,IMF (WEO)
BDI,Fiscal balance,2031,-1.619,% GDP,IMF (WEO)
BDI,Gen gov debt,2027,37.093,% GDP,IMF (WEO)
BDI,Gen gov debt,2028,35.248,% GDP,IMF (WEO)
BDI,Gen gov debt,2029,33.537,% GDP,IMF (WEO)
BDI,Gen gov debt,2030,32.764,% GDP,IMF (WEO)
BDI,Gen gov debt,2031,31.332,% GDP,IMF (WEO)
CPV,GDP growth,2027,5.037,%,IMF (WEO)
CPV,GDP growth,2028,5.003,%,IMF (WEO)
CPV,GDP growth,2029,5.061,%,IMF (WEO)
CPV,GDP growth,2030,5.067,%,IMF (WEO)
CPV,GDP growth,2031,5.064,%,IMF (WEO)
CPV,Inflation,2027,2.1,%,IMF (WEO)
CPV,Inflation,2028,2.0,%,IMF (WEO)
CPV,Inflation,2029,2.0,%,IMF (WEO)
CPV,Inflation,2030,2.0,%,IMF (WEO)
CPV,Inflation,2031,2.0,%,IMF (WEO)
CPV,Fiscal balance,2027,-0.044,% GDP,IMF (WEO)
CPV,Fiscal balance,2028,0.05,% GDP,IMF (WEO)
CPV,Fiscal balance,2029,0.111,% GDP,IMF (WEO)
CPV,Fiscal balance,2030,0.162,% GDP,IMF (WEO)
CPV,Fiscal balance,2031,0.194,% GDP,IMF (WEO)
CPV,Fiscal balance,2027,1.359,% GDP,IMF (WEO)
CPV,Fiscal balance,2028,1.273,% GDP,IMF (WEO)
CPV,Fiscal balance,2029,1.324,% GDP,IMF (WEO)
CPV,Fiscal balance,2030,1.317,% GDP,IMF (WEO)
CPV,Fiscal balance,2031,1.332,% GDP,IMF (WEO)
CPV,Gen gov debt,2027,90.737,% GDP,IMF (WEO)
CPV,Gen gov debt,2028,85.818,% GDP,IMF (WEO)
CPV,Gen gov debt,2029,81.078,% GDP,IMF (WEO)
CPV,Gen gov debt,2030,76.109,% GDP,IMF (WEO)
CPV,Gen gov debt,2031,71.406,% GDP,IMF (WEO)
CMR,GDP growth,2027,3.768,%,IMF (WEO)
CMR,GDP growth,2028,4.223,%,IMF (WEO)
CMR,GDP growth,2029,4.301,%,IMF (WEO)
CMR,GDP growth,2030,4.424,%,IMF (WEO)
CMR,GDP growth,2031,4.578,%,IMF (WEO)
CMR,Inflation,2027,3.188,%,IMF (WEO)
CMR,Inflation,2028,2.977,%,IMF (WEO)
CMR,Inflation,2029,2.908,%,IMF (WEO)
CMR,Inflation,2030,2.86,%,IMF (WEO)
CMR,Inflation,2031,2.827,%,IMF (WEO)
CMR,Fiscal balance,2027,-1.357,% GDP,IMF (WEO)
CMR,Fiscal balance,2028,-1.284,% GDP,IMF (WEO)
CMR,Fiscal balance,2029,-1.236,% GDP,IMF (WEO)
CMR,Fiscal balance,2030,-1.227,% GDP,IMF (WEO)
CMR,Fiscal balance,2031,-1.202,% GDP,IMF (WEO)
CMR,Fiscal balance,2027,-0.047,% GDP,IMF (WEO)
CMR,Fiscal balance,2028,0.032,% GDP,IMF (WEO)
CMR,Fiscal balance,2029,0.053,% GDP,IMF (WEO)
CMR,Fiscal balance,2030,0.041,% GDP,IMF (WEO)
CMR,Fiscal balance,2031,-0.247,% GDP,IMF (WEO)
CMR,Gen gov debt,2027,38.608,% GDP,IMF (WEO)
CMR,Gen gov debt,2028,36.995,% GDP,IMF (WEO)
CMR,Gen gov debt,2029,35.384,% GDP,IMF (WEO)
CMR,Gen gov debt,2030,33.366,% GDP,IMF (WEO)
CMR,Gen gov debt,2031,31.861,% GDP,IMF (WEO)
CAF,GDP growth,2027,2.987,%,IMF (WEO)
CAF,GDP growth,2028,3.227,%,IMF (WEO)
CAF,GDP growth,2029,3.531,%,IMF (WEO)
CAF,GDP growth,2030,3.488,%,IMF (WEO)
CAF,GDP growth,2031,3.497,%,IMF (WEO)
CAF,Inflation,2027,2.546,%,IMF (WEO)
CAF,Inflation,2028,2.643,%,IMF (WEO)
CAF,Inflation,2029,3.015,%,IMF (WEO)
CAF,Inflation,2030,3.0,%,IMF (WEO)
CAF,Inflation,2031,3.0,%,IMF (WEO)
CAF,Fiscal balance,2027,-6.217,% GDP,IMF (WEO)
CAF,Fiscal balance,2028,-7.08,% GDP,IMF (WEO)
CAF,Fiscal balance,2029,-7.825,% GDP,IMF (WEO)
CAF,Fiscal balance,2030,-8.719,% GDP,IMF (WEO)
CAF,Fiscal balance,2031,-9.553,% GDP,IMF (WEO)
CAF,Fiscal balance,2027,-3.648,% GDP,IMF (WEO)
CAF,Fiscal balance,2028,-3.56,% GDP,IMF (WEO)
CAF,Fiscal balance,2029,-3.323,% GDP,IMF (WEO)
CAF,Fiscal balance,2030,-3.311,% GDP,IMF (WEO)
CAF,Fiscal balance,2031,-3.27,% GDP,IMF (WEO)
CAF,Gen gov debt,2027,66.544,% GDP,IMF (WEO)
CAF,Gen gov debt,2028,69.655,% GDP,IMF (WEO)
CAF,Gen gov debt,2029,72.96,% GDP,IMF (WEO)
CAF,Gen gov debt,2030,76.98,% GDP,IMF (WEO)
CAF,Gen gov debt,2031,81.569,% GDP,IMF (WEO)
TCD,GDP growth,2027,4.934,%,IMF (WEO)
TCD,GDP growth,2028,4.83,%,IMF (WEO)
TCD,GDP growth,2029,5.052,%,IMF (WEO)
TCD,GDP growth,2030,5.167,%,IMF (WEO)
TCD,GDP growth,2031,5.28,%,IMF (WEO)
TCD,Inflation,2027,3.941,%,IMF (WEO)
TCD,Inflation,2028,2.742,%,IMF (WEO)
TCD,Inflation,2029,3.008,%,IMF (WEO)
TCD,Inflation,2030,2.976,%,IMF (WEO)
TCD,Inflation,2031,2.98,%,IMF (WEO)
TCD,Fiscal balance,2027,-1.301,% GDP,IMF (WEO)
TCD,Fiscal balance,2028,-0.256,% GDP,IMF (WEO)
TCD,Fiscal balance,2029,-0.705,% GDP,IMF (WEO)
TCD,Fiscal balance,2030,-0.929,% GDP,IMF (WEO)
TCD,Fiscal balance,2031,-1.168,% GDP,IMF (WEO)
TCD,Fiscal balance,2027,-0.315,% GDP,IMF (WEO)
TCD,Fiscal balance,2028,0.622,% GDP,IMF (WEO)
TCD,Fiscal balance,2029,0.122,% GDP,IMF (WEO)
TCD,Fiscal balance,2030,-0.118,% GDP,IMF (WEO)
TCD,Fiscal balance,2031,-0.335,% GDP,IMF (WEO)
TCD,Gen gov debt,2027,29.946,% GDP,IMF (WEO)
TCD,Gen gov debt,2028,28.643,% GDP,IMF (WEO)
TCD,Gen gov debt,2029,27.495,% GDP,IMF (WEO)
TCD,Gen gov debt,2030,26.466,% GDP,IMF (WEO)
TCD,Gen gov debt,2031,25.678,% GDP,IMF (WEO)
COM,GDP growth,2027,4.117,%,IMF (WEO)
COM,GDP growth,2028,3.846,%,IMF (WEO)
COM,GDP growth,2029,3.621,%,IMF (WEO)
COM,GDP growth,2030,3.636,%,IMF (WEO)
COM,GDP growth,2031,3.641,%,IMF (WEO)
COM,Inflation,2027,2.504,%,IMF (WEO)
COM,Inflation,2028,2.504,%,IMF (WEO)
COM,Inflation,2029,2.504,%,IMF (WEO)
COM,Inflation,2030,2.504,%,IMF (WEO)
COM,Inflation,2031,2.504,%,IMF (WEO)
COM,Fiscal balance,2027,-1.681,% GDP,IMF (WEO)
COM,Fiscal balance,2028,-1.918,% GDP,IMF (WEO)
COM,Fiscal balance,2029,-1.134,% GDP,IMF (WEO)
COM,Fiscal balance,2030,-1.167,% GDP,IMF (WEO)
COM,Fiscal balance,2031,-1.391,% GDP,IMF (WEO)
COM,Fiscal balance,2027,-1.247,% GDP,IMF (WEO)
COM,Fiscal balance,2028,-1.417,% GDP,IMF (WEO)
COM,Fiscal balance,2029,-0.661,% GDP,IMF (WEO)
COM,Fiscal balance,2030,-0.636,% GDP,IMF (WEO)
COM,Fiscal balance,2031,-0.842,% GDP,IMF (WEO)
COM,Gen gov debt,2027,33.795,% GDP,IMF (WEO)
COM,Gen gov debt,2028,32.112,% GDP,IMF (WEO)
COM,Gen gov debt,2029,30.017,% GDP,IMF (WEO)
COM,Gen gov debt,2030,28.507,% GDP,IMF (WEO)
COM,Gen gov debt,2031,26.809,% GDP,IMF (WEO)
COD,GDP growth,2027,5.365,%,IMF (WEO)
COD,GDP growth,2028,5.397,%,IMF (WEO)
COD,GDP growth,2029,5.444,%,IMF (WEO)
COD,GDP growth,2030,5.415,%,IMF (WEO)
COD,GDP growth,2031,5.401,%,IMF (WEO)
COD,Inflation,2027,6.382,%,IMF (WEO)
COD,Inflation,2028,7.001,%,IMF (WEO)
COD,Inflation,2029,6.952,%,IMF (WEO)
COD,Inflation,2030,6.952,%,IMF (WEO)
COD,Inflation,2031,6.952,%,IMF (WEO)
COD,Fiscal balance,2027,-2.388,% GDP,IMF (WEO)
COD,Fiscal balance,2028,-1.497,% GDP,IMF (WEO)
COD,Fiscal balance,2029,-1.457,% GDP,IMF (WEO)
COD,Fiscal balance,2030,-1.273,% GDP,IMF (WEO)
COD,Fiscal balance,2031,-1.151,% GDP,IMF (WEO)
COD,Fiscal balance,2027,-1.8,% GDP,IMF (WEO)
COD,Fiscal balance,2028,-0.864,% GDP,IMF (WEO)
COD,Fiscal balance,2029,-0.826,% GDP,IMF (WEO)
COD,Fiscal balance,2030,-0.592,% GDP,IMF (WEO)
COD,Fiscal balance,2031,-0.418,% GDP,IMF (WEO)
COD,Gen gov debt,2027,27.824,% GDP,IMF (WEO)
COD,Gen gov debt,2028,29.499,% GDP,IMF (WEO)
COD,Gen gov debt,2029,31.234,% GDP,IMF (WEO)
COD,Gen gov debt,2030,32.743,% GDP,IMF (WEO)
COD,Gen gov debt,2031,33.496,% GDP,IMF (WEO)
COG,GDP growth,2027,3.245,%,IMF (WEO)
COG,GDP growth,2028,3.74,%,IMF (WEO)
COG,GDP growth,2029,3.689,%,IMF (WEO)
COG,GDP growth,2030,3.583,%,IMF (WEO)
COG,GDP growth,2031,3.578,%,IMF (WEO)
COG,Inflation,2027,3.0,%,IMF (WEO)
COG,Inflation,2028,3.0,%,IMF (WEO)
COG,Inflation,2029,3.0,%,IMF (WEO)
COG,Inflation,2030,3.0,%,IMF (WEO)
COG,Inflation,2031,3.0,%,IMF (WEO)
COG,Fiscal balance,2027,2.938,% GDP,IMF (WEO)
COG,Fiscal balance,2028,3.894,% GDP,IMF (WEO)
COG,Fiscal balance,2029,4.454,% GDP,IMF (WEO)
COG,Fiscal balance,2030,4.713,% GDP,IMF (WEO)
COG,Fiscal balance,2031,4.648,% GDP,IMF (WEO)
COG,Fiscal balance,2027,6.388,% GDP,IMF (WEO)
COG,Fiscal balance,2028,6.931,% GDP,IMF (WEO)
COG,Fiscal balance,2029,7.114,% GDP,IMF (WEO)
COG,Fiscal balance,2030,7.117,% GDP,IMF (WEO)
COG,Fiscal balance,2031,6.707,% GDP,IMF (WEO)
COG,Gen gov debt,2027,85.836,% GDP,IMF (WEO)
COG,Gen gov debt,2028,79.12,% GDP,IMF (WEO)
COG,Gen gov debt,2029,72.314,% GDP,IMF (WEO)
COG,Gen gov debt,2030,66.106,% GDP,IMF (WEO)
COG,Gen gov debt,2031,60.438,% GDP,IMF (WEO)
CIV,GDP growth,2027,6.3,%,IMF (WEO)
CIV,GDP growth,2028,6.6,%,IMF (WEO)
CIV,GDP growth,2029,7.0,%,IMF (WEO)
CIV,GDP growth,2030,6.8,%,IMF (WEO)
CIV,GDP growth,2031,6.5,%,IMF (WEO)
CIV,Inflation,2027,2.0,%,IMF (WEO)
CIV,Inflation,2028,2.0,%,IMF (WEO)
CIV,Inflation,2029,2.0,%,IMF (WEO)
CIV,Inflation,2030,2.0,%,IMF (WEO)
CIV,Inflation,2031,2.0,%,IMF (WEO)
CIV,Fiscal balance,2027,-3.046,% GDP,IMF (WEO)
CIV,Fiscal balance,2028,-2.989,% GDP,IMF (WEO)
CIV,Fiscal balance,2029,-3.048,% GDP,IMF (WEO)
CIV,Fiscal balance,2030,-3.002,% GDP,IMF (WEO)
CIV,Fiscal balance,2031,-2.998,% GDP,IMF (WEO)
CIV,Fiscal balance,2027,-0.52,% GDP,IMF (WEO)
CIV,Fiscal balance,2028,-0.507,% GDP,IMF (WEO)
CIV,Fiscal balance,2029,-0.648,% GDP,IMF (WEO)
CIV,Fiscal balance,2030,-0.672,% GDP,IMF (WEO)
CIV,Fiscal balance,2031,-0.739,% GDP,IMF (WEO)
CIV,Gen gov debt,2027,53.967,% GDP,IMF (WEO)
CIV,Gen gov debt,2028,52.298,% GDP,IMF (WEO)
CIV,Gen gov debt,2029,51.162,% GDP,IMF (WEO)
CIV,Gen gov debt,2030,49.788,% GDP,IMF (WEO)
CIV,Gen gov debt,2031,48.572,% GDP,IMF (WEO)
GNQ,GDP growth,2027,-1.338,%,IMF (WEO)
GNQ,GDP growth,2028,1.105,%,IMF (WEO)
GNQ,GDP growth,2029,2.095,%,IMF (WEO)
GNQ,GDP growth,2030,2.393,%,IMF (WEO)
GNQ,GDP growth,2031,2.538,%,IMF (WEO)
GNQ,Inflation,2027,2.875,%,IMF (WEO)
GNQ,Inflation,2028,2.576,%,IMF (WEO)
GNQ,Inflation,2029,2.5,%,IMF (WEO)
GNQ,Inflation,2030,2.5,%,IMF (WEO)
GNQ,Inflation,2031,2.5,%,IMF (WEO)
GNQ,Fiscal balance,2027,-3.661,% GDP,IMF (WEO)
GNQ,Fiscal balance,2028,-3.907,% GDP,IMF (WEO)
GNQ,Fiscal balance,2029,-3.55,% GDP,IMF (WEO)
GNQ,Fiscal balance,2030,-2.52,% GDP,IMF (WEO)
GNQ,Fiscal balance,2031,-2.234,% GDP,IMF (WEO)
GNQ,Fiscal balance,2027,-2.198,% GDP,IMF (WEO)
GNQ,Fiscal balance,2028,-2.219,% GDP,IMF (WEO)
GNQ,Fiscal balance,2029,-1.705,% GDP,IMF (WEO)
GNQ,Fiscal balance,2030,-0.568,% GDP,IMF (WEO)
GNQ,Fiscal balance,2031,-0.23,% GDP,IMF (WEO)
GNQ,Gen gov debt,2027,42.297,% GDP,IMF (WEO)
GNQ,Gen gov debt,2028,44.676,% GDP,IMF (WEO)
GNQ,Gen gov debt,2029,45.412,% GDP,IMF (WEO)
GNQ,Gen gov debt,2030,44.578,% GDP,IMF (WEO)
GNQ,Gen gov debt,2031,44.694,% GDP,IMF (WEO)
SWZ,GDP growth,2027,3.458,%,IMF (WEO)
SWZ,GDP growth,2028,2.919,%,IMF (WEO)
SWZ,GDP growth,2029,2.886,%,IMF (WEO)
SWZ,GDP growth,2030,2.781,%,IMF (WEO)
SWZ,GDP growth,2031,2.731,%,IMF (WEO)
SWZ,Inflation,2027,3.8,%,IMF (WEO)
SWZ,Inflation,2028,3.4,%,IMF (WEO)
SWZ,Inflation,2029,3.2,%,IMF (WEO)
SWZ,Inflation,2030,3.0,%,IMF (WEO)
SWZ,Inflation,2031,3.0,%,IMF (WEO)
SWZ,Fiscal balance,2027,-5.067,% GDP,IMF (WEO)
SWZ,Fiscal balance,2028,-4.118,% GDP,IMF (WEO)
SWZ,Fiscal balance,2029,-3.52,% GDP,IMF (WEO)
SWZ,Fiscal balance,2030,-3.111,% GDP,IMF (WEO)
SWZ,Fiscal balance,2031,-2.659,% GDP,IMF (WEO)
SWZ,Fiscal balance,2027,-1.143,% GDP,IMF (WEO)
SWZ,Fiscal balance,2028,-0.111,% GDP,IMF (WEO)
SWZ,Fiscal balance,2029,0.352,% GDP,IMF (WEO)
SWZ,Fiscal balance,2030,0.847,% GDP,IMF (WEO)
SWZ,Fiscal balance,2031,1.327,% GDP,IMF (WEO)
SWZ,Gen gov debt,2027,52.725,% GDP,IMF (WEO)
SWZ,Gen gov debt,2028,54.004,% GDP,IMF (WEO)
SWZ,Gen gov debt,2029,55.688,% GDP,IMF (WEO)
SWZ,Gen gov debt,2030,55.886,% GDP,IMF (WEO)
SWZ,Gen gov debt,2031,55.626,% GDP,IMF (WEO)
ETH,GDP growth,2027,7.913,%,IMF (WEO)
ETH,GDP growth,2028,8.233,%,IMF (WEO)
ETH,GDP growth,2029,8.463,%,IMF (WEO)
ETH,GDP growth,2030,7.998,%,IMF (WEO)
ETH,GDP growth,2031,7.675,%,IMF (WEO)
ETH,Inflation,2027,10.704,%,IMF (WEO)
ETH,Inflation,2028,8.255,%,IMF (WEO)
ETH,Inflation,2029,7.462,%,IMF (WEO)
ETH,Inflation,2030,7.462,%,IMF (WEO)
ETH,Inflation,2031,7.462,%,IMF (WEO)
ETH,Fiscal balance,2027,-1.026,% GDP,IMF (WEO)
ETH,Fiscal balance,2028,-1.687,% GDP,IMF (WEO)
ETH,Fiscal balance,2029,-1.492,% GDP,IMF (WEO)
ETH,Fiscal balance,2030,-1.486,% GDP,IMF (WEO)
ETH,Fiscal balance,2031,-1.525,% GDP,IMF (WEO)
ETH,Fiscal balance,2027,0.096,% GDP,IMF (WEO)
ETH,Fiscal balance,2028,-0.617,% GDP,IMF (WEO)
ETH,Fiscal balance,2029,-0.399,% GDP,IMF (WEO)
ETH,Fiscal balance,2030,-0.337,% GDP,IMF (WEO)
ETH,Fiscal balance,2031,-0.286,% GDP,IMF (WEO)
ETH,Gen gov debt,2027,36.069,% GDP,IMF (WEO)
ETH,Gen gov debt,2028,33.566,% GDP,IMF (WEO)
ETH,Gen gov debt,2029,31.147,% GDP,IMF (WEO)
ETH,Gen gov debt,2030,29.07,% GDP,IMF (WEO)
ETH,Gen gov debt,2031,27.033,% GDP,IMF (WEO)
GAB,GDP growth,2027,2.809,%,IMF (WEO)
GAB,GDP growth,2028,2.848,%,IMF (WEO)
GAB,GDP growth,2029,2.849,%,IMF (WEO)
GAB,GDP growth,2030,2.845,%,IMF (WEO)
GAB,GDP growth,2031,2.87,%,IMF (WEO)
GAB,Inflation,2027,2.416,%,IMF (WEO)
GAB,Inflation,2028,2.271,%,IMF (WEO)
GAB,Inflation,2029,2.272,%,IMF (WEO)
GAB,Inflation,2030,2.275,%,IMF (WEO)
GAB,Inflation,2031,2.28,%,IMF (WEO)
GAB,Fiscal balance,2027,-11.151,% GDP,IMF (WEO)
GAB,Fiscal balance,2028,-11.955,% GDP,IMF (WEO)
GAB,Fiscal balance,2029,-10.474,% GDP,IMF (WEO)
GAB,Fiscal balance,2030,-11.127,% GDP,IMF (WEO)
GAB,Fiscal balance,2031,-11.813,% GDP,IMF (WEO)
GAB,Fiscal balance,2027,-7.195,% GDP,IMF (WEO)
GAB,Fiscal balance,2028,-7.632,% GDP,IMF (WEO)
GAB,Fiscal balance,2029,-5.739,% GDP,IMF (WEO)
GAB,Fiscal balance,2030,-6.022,% GDP,IMF (WEO)
GAB,Fiscal balance,2031,-6.353,% GDP,IMF (WEO)
GAB,Gen gov debt,2027,94.316,% GDP,IMF (WEO)
GAB,Gen gov debt,2028,102.126,% GDP,IMF (WEO)
GAB,Gen gov debt,2029,108.02,% GDP,IMF (WEO)
GAB,Gen gov debt,2030,114.311,% GDP,IMF (WEO)
GAB,Gen gov debt,2031,121.05,% GDP,IMF (WEO)
GMB,GDP growth,2027,5.024,%,IMF (WEO)
GMB,GDP growth,2028,5.019,%,IMF (WEO)
GMB,GDP growth,2029,5.019,%,IMF (WEO)
GMB,GDP growth,2030,5.019,%,IMF (WEO)
GMB,GDP growth,2031,5.019,%,IMF (WEO)
GMB,Inflation,2027,5.0,%,IMF (WEO)
GMB,Inflation,2028,5.0,%,IMF (WEO)
GMB,Inflation,2029,5.0,%,IMF (WEO)
GMB,Inflation,2030,5.0,%,IMF (WEO)
GMB,Inflation,2031,5.0,%,IMF (WEO)
GMB,Fiscal balance,2027,-0.427,% GDP,IMF (WEO)
GMB,Fiscal balance,2028,-0.608,% GDP,IMF (WEO)
GMB,Fiscal balance,2029,-0.543,% GDP,IMF (WEO)
GMB,Fiscal balance,2030,-0.465,% GDP,IMF (WEO)
GMB,Fiscal balance,2031,-0.498,% GDP,IMF (WEO)
GMB,Fiscal balance,2027,2.224,% GDP,IMF (WEO)
GMB,Fiscal balance,2028,1.539,% GDP,IMF (WEO)
GMB,Fiscal balance,2029,1.386,% GDP,IMF (WEO)
GMB,Fiscal balance,2030,1.272,% GDP,IMF (WEO)
GMB,Fiscal balance,2031,1.121,% GDP,IMF (WEO)
GMB,Gen gov debt,2027,61.566,% GDP,IMF (WEO)
GMB,Gen gov debt,2028,56.377,% GDP,IMF (WEO)
GMB,Gen gov debt,2029,51.837,% GDP,IMF (WEO)
GMB,Gen gov debt,2030,48.118,% GDP,IMF (WEO)
GMB,Gen gov debt,2031,44.289,% GDP,IMF (WEO)
GHA,GDP growth,2027,4.928,%,IMF (WEO)
GHA,GDP growth,2028,4.999,%,IMF (WEO)
GHA,GDP growth,2029,5.0,%,IMF (WEO)
GHA,GDP growth,2030,5.0,%,IMF (WEO)
GHA,GDP growth,2031,5.0,%,IMF (WEO)
GHA,Inflation,2027,7.765,%,IMF (WEO)
GHA,Inflation,2028,8.0,%,IMF (WEO)
GHA,Inflation,2029,8.0,%,IMF (WEO)
GHA,Inflation,2030,8.0,%,IMF (WEO)
GHA,Inflation,2031,8.0,%,IMF (WEO)
GHA,Fiscal balance,2027,-1.832,% GDP,IMF (WEO)
GHA,Fiscal balance,2028,-1.669,% GDP,IMF (WEO)
GHA,Fiscal balance,2029,-1.826,% GDP,IMF (WEO)
GHA,Fiscal balance,2030,-2.23,% GDP,IMF (WEO)
GHA,Fiscal balance,2031,-2.174,% GDP,IMF (WEO)
GHA,Fiscal balance,2027,1.5,% GDP,IMF (WEO)
GHA,Fiscal balance,2028,1.5,% GDP,IMF (WEO)
GHA,Fiscal balance,2029,1.5,% GDP,IMF (WEO)
GHA,Fiscal balance,2030,1.0,% GDP,IMF (WEO)
GHA,Fiscal balance,2031,1.0,% GDP,IMF (WEO)
GHA,Gen gov debt,2027,50.664,% GDP,IMF (WEO)
GHA,Gen gov debt,2028,48.118,% GDP,IMF (WEO)
GHA,Gen gov debt,2029,45.746,% GDP,IMF (WEO)
GHA,Gen gov debt,2030,44.0,% GDP,IMF (WEO)
GHA,Gen gov debt,2031,42.327,% GDP,IMF (WEO)
GIN,GDP growth,2027,9.332,%,IMF (WEO)
GIN,GDP growth,2028,9.837,%,IMF (WEO)
GIN,GDP growth,2029,10.226,%,IMF (WEO)
GIN,GDP growth,2030,8.515,%,IMF (WEO)
GIN,GDP growth,2031,7.245,%,IMF (WEO)
GIN,Inflation,2027,5.639,%,IMF (WEO)
GIN,Inflation,2028,4.586,%,IMF (WEO)
GIN,Inflation,2029,4.012,%,IMF (WEO)
GIN,Inflation,2030,3.999,%,IMF (WEO)
GIN,Inflation,2031,4.0,%,IMF (WEO)
GIN,Fiscal balance,2027,-4.173,% GDP,IMF (WEO)
GIN,Fiscal balance,2028,-3.5,% GDP,IMF (WEO)
GIN,Fiscal balance,2029,-3.0,% GDP,IMF (WEO)
GIN,Fiscal balance,2030,-2.7,% GDP,IMF (WEO)
GIN,Fiscal balance,2031,-2.5,% GDP,IMF (WEO)
GIN,Fiscal balance,2027,-2.36,% GDP,IMF (WEO)
GIN,Fiscal balance,2028,-1.225,% GDP,IMF (WEO)
GIN,Fiscal balance,2029,-0.427,% GDP,IMF (WEO)
GIN,Fiscal balance,2030,-0.116,% GDP,IMF (WEO)
GIN,Fiscal balance,2031,0.079,% GDP,IMF (WEO)
GIN,Gen gov debt,2027,41.399,% GDP,IMF (WEO)
GIN,Gen gov debt,2028,37.897,% GDP,IMF (WEO)
GIN,Gen gov debt,2029,33.045,% GDP,IMF (WEO)
GIN,Gen gov debt,2030,31.387,% GDP,IMF (WEO)
GIN,Gen gov debt,2031,28.925,% GDP,IMF (WEO)
GNB,GDP growth,2027,4.9,%,IMF (WEO)
GNB,GDP growth,2028,4.5,%,IMF (WEO)
GNB,GDP growth,2029,4.5,%,IMF (WEO)
GNB,GDP growth,2030,4.204,%,IMF (WEO)
GNB,GDP growth,2031,4.21,%,IMF (WEO)
GNB,Inflation,2027,2.1,%,IMF (WEO)
GNB,Inflation,2028,2.1,%,IMF (WEO)
GNB,Inflation,2029,2.1,%,IMF (WEO)
GNB,Inflation,2030,2.1,%,IMF (WEO)
GNB,Inflation,2031,2.1,%,IMF (WEO)
GNB,Fiscal balance,2027,-3.548,% GDP,IMF (WEO)
GNB,Fiscal balance,2028,-3.001,% GDP,IMF (WEO)
GNB,Fiscal balance,2029,-2.972,% GDP,IMF (WEO)
GNB,Fiscal balance,2030,-3.023,% GDP,IMF (WEO)
GNB,Fiscal balance,2031,-2.981,% GDP,IMF (WEO)
GNB,Fiscal balance,2027,-0.163,% GDP,IMF (WEO)
GNB,Fiscal balance,2028,0.286,% GDP,IMF (WEO)
GNB,Fiscal balance,2029,0.052,% GDP,IMF (WEO)
GNB,Fiscal balance,2030,-0.232,% GDP,IMF (WEO)
GNB,Fiscal balance,2031,-0.287,% GDP,IMF (WEO)
GNB,Gen gov debt,2027,71.811,% GDP,IMF (WEO)
GNB,Gen gov debt,2028,69.883,% GDP,IMF (WEO)
GNB,Gen gov debt,2029,68.031,% GDP,IMF (WEO)
GNB,Gen gov debt,2030,66.355,% GDP,IMF (WEO)
GNB,Gen gov debt,2031,65.237,% GDP,IMF (WEO)
KEN,GDP growth,2027,4.662,%,IMF (WEO)
KEN,GDP growth,2028,5.061,%,IMF (WEO)
KEN,GDP growth,2029,5.0,%,IMF (WEO)
KEN,GDP growth,2030,5.008,%,IMF (WEO)
KEN,GDP growth,2031,5.015,%,IMF (WEO)
KEN,Inflation,2027,5.892,%,IMF (WEO)
KEN,Inflation,2028,5.7,%,IMF (WEO)
KEN,Inflation,2029,5.724,%,IMF (WEO)
KEN,Inflation,2030,5.25,%,IMF (WEO)
KEN,Inflation,2031,5.0,%,IMF (WEO)
KEN,Fiscal balance,2027,-5.969,% GDP,IMF (WEO)
KEN,Fiscal balance,2028,-5.959,% GDP,IMF (WEO)
KEN,Fiscal balance,2029,-6.052,% GDP,IMF (WEO)
KEN,Fiscal balance,2030,-6.159,% GDP,IMF (WEO)
KEN,Fiscal balance,2031,-6.319,% GDP,IMF (WEO)
KEN,Fiscal balance,2027,-0.2,% GDP,IMF (WEO)
KEN,Fiscal balance,2028,-0.052,% GDP,IMF (WEO)
KEN,Fiscal balance,2029,-0.026,% GDP,IMF (WEO)
KEN,Fiscal balance,2030,0.013,% GDP,IMF (WEO)
KEN,Fiscal balance,2031,0.017,% GDP,IMF (WEO)
KEN,Gen gov debt,2027,72.392,% GDP,IMF (WEO)
KEN,Gen gov debt,2028,73.344,% GDP,IMF (WEO)
KEN,Gen gov debt,2029,73.55,% GDP,IMF (WEO)
KEN,Gen gov debt,2030,74.218,% GDP,IMF (WEO)
KEN,Gen gov debt,2031,75.134,% GDP,IMF (WEO)
LSO,GDP growth,2027,0.827,%,IMF (WEO)
LSO,GDP growth,2028,1.404,%,IMF (WEO)
LSO,GDP growth,2029,1.503,%,IMF (WEO)
LSO,GDP growth,2030,1.505,%,IMF (WEO)
LSO,GDP growth,2031,1.512,%,IMF (WEO)
LSO,Inflation,2027,3.916,%,IMF (WEO)
LSO,Inflation,2028,4.0,%,IMF (WEO)
LSO,Inflation,2029,4.0,%,IMF (WEO)
LSO,Inflation,2030,4.0,%,IMF (WEO)
LSO,Inflation,2031,4.0,%,IMF (WEO)
LSO,Fiscal balance,2027,4.493,% GDP,IMF (WEO)
LSO,Fiscal balance,2028,4.376,% GDP,IMF (WEO)
LSO,Fiscal balance,2029,3.962,% GDP,IMF (WEO)
LSO,Fiscal balance,2030,3.713,% GDP,IMF (WEO)
LSO,Fiscal balance,2031,3.42,% GDP,IMF (WEO)
LSO,Fiscal balance,2027,6.53,% GDP,IMF (WEO)
LSO,Fiscal balance,2028,6.499,% GDP,IMF (WEO)
LSO,Fiscal balance,2029,6.129,% GDP,IMF (WEO)
LSO,Fiscal balance,2030,5.979,% GDP,IMF (WEO)
LSO,Fiscal balance,2031,5.738,% GDP,IMF (WEO)
LSO,Gen gov debt,2027,48.565,% GDP,IMF (WEO)
LSO,Gen gov debt,2028,48.095,% GDP,IMF (WEO)
LSO,Gen gov debt,2029,47.883,% GDP,IMF (WEO)
LSO,Gen gov debt,2030,48.599,% GDP,IMF (WEO)
LSO,Gen gov debt,2031,50.01,% GDP,IMF (WEO)
LBR,GDP growth,2027,5.386,%,IMF (WEO)
LBR,GDP growth,2028,5.611,%,IMF (WEO)
LBR,GDP growth,2029,5.576,%,IMF (WEO)
LBR,GDP growth,2030,5.626,%,IMF (WEO)
LBR,GDP growth,2031,5.498,%,IMF (WEO)
LBR,Inflation,2027,6.211,%,IMF (WEO)
LBR,Inflation,2028,5.445,%,IMF (WEO)
LBR,Inflation,2029,5.07,%,IMF (WEO)
LBR,Inflation,2030,4.946,%,IMF (WEO)
LBR,Inflation,2031,4.964,%,IMF (WEO)
LBR,Fiscal balance,2027,-1.07,% GDP,IMF (WEO)
LBR,Fiscal balance,2028,-1.379,% GDP,IMF (WEO)
LBR,Fiscal balance,2029,-2.184,% GDP,IMF (WEO)
LBR,Fiscal balance,2030,-0.975,% GDP,IMF (WEO)
LBR,Fiscal balance,2031,-0.947,% GDP,IMF (WEO)
LBR,Fiscal balance,2027,0.01,% GDP,IMF (WEO)
LBR,Fiscal balance,2028,-0.426,% GDP,IMF (WEO)
LBR,Fiscal balance,2029,-1.341,% GDP,IMF (WEO)
LBR,Fiscal balance,2030,-0.189,% GDP,IMF (WEO)
LBR,Fiscal balance,2031,-0.239,% GDP,IMF (WEO)
LBR,Gen gov debt,2027,53.253,% GDP,IMF (WEO)
LBR,Gen gov debt,2028,50.494,% GDP,IMF (WEO)
LBR,Gen gov debt,2029,48.724,% GDP,IMF (WEO)
LBR,Gen gov debt,2030,45.855,% GDP,IMF (WEO)
LBR,Gen gov debt,2031,43.1,% GDP,IMF (WEO)
MDG,GDP growth,2027,4.131,%,IMF (WEO)
MDG,GDP growth,2028,4.627,%,IMF (WEO)
MDG,GDP growth,2029,4.729,%,IMF (WEO)
MDG,GDP growth,2030,4.834,%,IMF (WEO)
MDG,GDP growth,2031,4.848,%,IMF (WEO)
MDG,Inflation,2027,7.029,%,IMF (WEO)
MDG,Inflation,2028,6.0,%,IMF (WEO)
MDG,Inflation,2029,6.0,%,IMF (WEO)
MDG,Inflation,2030,6.0,%,IMF (WEO)
MDG,Inflation,2031,5.0,%,IMF (WEO)
MDG,Fiscal balance,2027,-3.944,% GDP,IMF (WEO)
MDG,Fiscal balance,2028,-3.853,% GDP,IMF (WEO)
MDG,Fiscal balance,2029,-3.917,% GDP,IMF (WEO)
MDG,Fiscal balance,2030,-3.814,% GDP,IMF (WEO)
MDG,Fiscal balance,2031,-3.596,% GDP,IMF (WEO)
MDG,Fiscal balance,2027,-3.034,% GDP,IMF (WEO)
MDG,Fiscal balance,2028,-2.984,% GDP,IMF (WEO)
MDG,Fiscal balance,2029,-2.995,% GDP,IMF (WEO)
MDG,Fiscal balance,2030,-3.038,% GDP,IMF (WEO)
MDG,Fiscal balance,2031,-2.97,% GDP,IMF (WEO)
MDG,Gen gov debt,2027,50.363,% GDP,IMF (WEO)
MDG,Gen gov debt,2028,50.628,% GDP,IMF (WEO)
MDG,Gen gov debt,2029,50.556,% GDP,IMF (WEO)
MDG,Gen gov debt,2030,48.69,% GDP,IMF (WEO)
MDG,Gen gov debt,2031,48.309,% GDP,IMF (WEO)
MWI,GDP growth,2027,2.432,%,IMF (WEO)
MWI,GDP growth,2028,2.719,%,IMF (WEO)
MWI,GDP growth,2029,2.888,%,IMF (WEO)
MWI,GDP growth,2030,3.0,%,IMF (WEO)
MWI,GDP growth,2031,3.0,%,IMF (WEO)
MWI,Inflation,2027,22.048,%,IMF (WEO)
MWI,Inflation,2028,20.933,%,IMF (WEO)
MWI,Inflation,2029,18.627,%,IMF (WEO)
MWI,Inflation,2030,17.606,%,IMF (WEO)
MWI,Inflation,2031,16.371,%,IMF (WEO)
MWI,Fiscal balance,2027,-11.973,% GDP,IMF (WEO)
MWI,Fiscal balance,2028,-11.374,% GDP,IMF (WEO)
MWI,Fiscal balance,2029,-11.467,% GDP,IMF (WEO)
MWI,Fiscal balance,2030,-11.5,% GDP,IMF (WEO)
MWI,Fiscal balance,2031,-11.288,% GDP,IMF (WEO)
MWI,Fiscal balance,2027,-3.116,% GDP,IMF (WEO)
MWI,Fiscal balance,2028,-2.512,% GDP,IMF (WEO)
MWI,Fiscal balance,2029,-2.29,% GDP,IMF (WEO)
MWI,Fiscal balance,2030,-2.527,% GDP,IMF (WEO)
MWI,Fiscal balance,2031,-2.292,% GDP,IMF (WEO)
MWI,Gen gov debt,2027,72.586,% GDP,IMF (WEO)
MWI,Gen gov debt,2028,70.242,% GDP,IMF (WEO)
MWI,Gen gov debt,2029,68.812,% GDP,IMF (WEO)
MWI,Gen gov debt,2030,67.678,% GDP,IMF (WEO)
MWI,Gen gov debt,2031,68.236,% GDP,IMF (WEO)
MLI,GDP growth,2027,5.7,%,IMF (WEO)
MLI,GDP growth,2028,5.5,%,IMF (WEO)
MLI,GDP growth,2029,5.25,%,IMF (WEO)
MLI,GDP growth,2030,5.25,%,IMF (WEO)
MLI,GDP growth,2031,5.25,%,IMF (WEO)
MLI,Inflation,2027,2.0,%,IMF (WEO)
MLI,Inflation,2028,2.0,%,IMF (WEO)
MLI,Inflation,2029,2.0,%,IMF (WEO)
MLI,Inflation,2030,2.0,%,IMF (WEO)
MLI,Inflation,2031,2.0,%,IMF (WEO)
MLI,Fiscal balance,2027,-2.269,% GDP,IMF (WEO)
MLI,Fiscal balance,2028,-2.369,% GDP,IMF (WEO)
MLI,Fiscal balance,2029,-2.364,% GDP,IMF (WEO)
MLI,Fiscal balance,2030,-2.38,% GDP,IMF (WEO)
MLI,Fiscal balance,2031,-2.38,% GDP,IMF (WEO)
MLI,Fiscal balance,2027,-0.593,% GDP,IMF (WEO)
MLI,Fiscal balance,2028,-0.452,% GDP,IMF (WEO)
MLI,Fiscal balance,2029,-0.532,% GDP,IMF (WEO)
MLI,Fiscal balance,2030,-0.64,% GDP,IMF (WEO)
MLI,Fiscal balance,2031,-0.64,% GDP,IMF (WEO)
MLI,Gen gov debt,2027,39.672,% GDP,IMF (WEO)
MLI,Gen gov debt,2028,38.937,% GDP,IMF (WEO)
MLI,Gen gov debt,2029,38.499,% GDP,IMF (WEO)
MLI,Gen gov debt,2030,38.177,% GDP,IMF (WEO)
MLI,Gen gov debt,2031,37.917,% GDP,IMF (WEO)
MUS,GDP growth,2027,3.4,%,IMF (WEO)
MUS,GDP growth,2028,3.4,%,IMF (WEO)
MUS,GDP growth,2029,3.4,%,IMF (WEO)
MUS,GDP growth,2030,3.4,%,IMF (WEO)
MUS,GDP growth,2031,3.4,%,IMF (WEO)
MUS,Inflation,2027,3.815,%,IMF (WEO)
MUS,Inflation,2028,3.584,%,IMF (WEO)
MUS,Inflation,2029,3.511,%,IMF (WEO)
MUS,Inflation,2030,3.485,%,IMF (WEO)
MUS,Inflation,2031,3.476,%,IMF (WEO)
MUS,Fiscal balance,2027,-1.85,% GDP,IMF (WEO)
MUS,Fiscal balance,2028,-1.509,% GDP,IMF (WEO)
MUS,Fiscal balance,2029,-0.788,% GDP,IMF (WEO)
MUS,Fiscal balance,2030,-0.467,% GDP,IMF (WEO)
MUS,Fiscal balance,2031,-0.027,% GDP,IMF (WEO)
MUS,Fiscal balance,2027,0.874,% GDP,IMF (WEO)
MUS,Fiscal balance,2028,1.193,% GDP,IMF (WEO)
MUS,Fiscal balance,2029,1.599,% GDP,IMF (WEO)
MUS,Fiscal balance,2030,1.722,% GDP,IMF (WEO)
MUS,Fiscal balance,2031,1.927,% GDP,IMF (WEO)
MUS,Gen gov debt,2027,85.032,% GDP,IMF (WEO)
MUS,Gen gov debt,2028,83.52,% GDP,IMF (WEO)
MUS,Gen gov debt,2029,81.561,% GDP,IMF (WEO)
MUS,Gen gov debt,2030,79.775,% GDP,IMF (WEO)
MUS,Gen gov debt,2031,78.303,% GDP,IMF (WEO)
MOZ,GDP growth,2027,2.731,%,IMF (WEO)
MOZ,GDP growth,2028,2.184,%,IMF (WEO)
MOZ,GDP growth,2029,3.072,%,IMF (WEO)
MOZ,GDP growth,2030,12.102,%,IMF (WEO)
MOZ,GDP growth,2031,13.038,%,IMF (WEO)
MOZ,Inflation,2027,5.25,%,IMF (WEO)
MOZ,Inflation,2028,5.0,%,IMF (WEO)
MOZ,Inflation,2029,5.0,%,IMF (WEO)
MOZ,Inflation,2030,5.0,%,IMF (WEO)
MOZ,Inflation,2031,5.0,%,IMF (WEO)
MOZ,Fiscal balance,2027,-7.262,% GDP,IMF (WEO)
MOZ,Fiscal balance,2028,-8.351,% GDP,IMF (WEO)
MOZ,Fiscal balance,2029,-9.421,% GDP,IMF (WEO)
MOZ,Fiscal balance,2030,-9.788,% GDP,IMF (WEO)
MOZ,Fiscal balance,2031,-10.962,% GDP,IMF (WEO)
MOZ,Fiscal balance,2027,-2.029,% GDP,IMF (WEO)
MOZ,Fiscal balance,2028,-1.978,% GDP,IMF (WEO)
MOZ,Fiscal balance,2029,-2.007,% GDP,IMF (WEO)
MOZ,Fiscal balance,2030,-1.965,% GDP,IMF (WEO)
MOZ,Fiscal balance,2031,-2.751,% GDP,IMF (WEO)
MOZ,Gen gov debt,2027,113.343,% GDP,IMF (WEO)
MOZ,Gen gov debt,2028,120.475,% GDP,IMF (WEO)
MOZ,Gen gov debt,2029,126.202,% GDP,IMF (WEO)
MOZ,Gen gov debt,2030,122.626,% GDP,IMF (WEO)
MOZ,Gen gov debt,2031,111.483,% GDP,IMF (WEO)
NAM,GDP growth,2027,2.744,%,IMF (WEO)
NAM,GDP growth,2028,3.033,%,IMF (WEO)
NAM,GDP growth,2029,3.144,%,IMF (WEO)
NAM,GDP growth,2030,2.997,%,IMF (WEO)
NAM,GDP growth,2031,3.007,%,IMF (WEO)
NAM,Inflation,2027,3.401,%,IMF (WEO)
NAM,Inflation,2028,3.001,%,IMF (WEO)
NAM,Inflation,2029,3.0,%,IMF (WEO)
NAM,Inflation,2030,3.0,%,IMF (WEO)
NAM,Inflation,2031,3.0,%,IMF (WEO)
NAM,Fiscal balance,2027,-5.387,% GDP,IMF (WEO)
NAM,Fiscal balance,2028,-5.032,% GDP,IMF (WEO)
NAM,Fiscal balance,2029,-4.978,% GDP,IMF (WEO)
NAM,Fiscal balance,2030,-5.13,% GDP,IMF (WEO)
NAM,Fiscal balance,2031,-5.258,% GDP,IMF (WEO)
NAM,Fiscal balance,2027,0.166,% GDP,IMF (WEO)
NAM,Fiscal balance,2028,0.565,% GDP,IMF (WEO)
NAM,Fiscal balance,2029,0.644,% GDP,IMF (WEO)
NAM,Fiscal balance,2030,0.625,% GDP,IMF (WEO)
NAM,Fiscal balance,2031,0.622,% GDP,IMF (WEO)
NAM,Gen gov debt,2027,71.157,% GDP,IMF (WEO)
NAM,Gen gov debt,2028,72.444,% GDP,IMF (WEO)
NAM,Gen gov debt,2029,73.293,% GDP,IMF (WEO)
NAM,Gen gov debt,2030,74.481,% GDP,IMF (WEO)
NAM,Gen gov debt,2031,75.712,% GDP,IMF (WEO)
NER,GDP growth,2027,6.549,%,IMF (WEO)
NER,GDP growth,2028,6.008,%,IMF (WEO)
NER,GDP growth,2029,6.007,%,IMF (WEO)
NER,GDP growth,2030,6.017,%,IMF (WEO)
NER,GDP growth,2031,6.0,%,IMF (WEO)
NER,Inflation,2027,2.0,%,IMF (WEO)
NER,Inflation,2028,2.0,%,IMF (WEO)
NER,Inflation,2029,2.0,%,IMF (WEO)
NER,Inflation,2030,2.0,%,IMF (WEO)
NER,Inflation,2031,2.0,%,IMF (WEO)
NER,Fiscal balance,2027,-2.985,% GDP,IMF (WEO)
NER,Fiscal balance,2028,-2.993,% GDP,IMF (WEO)
NER,Fiscal balance,2029,-3.0,% GDP,IMF (WEO)
NER,Fiscal balance,2030,-3.038,% GDP,IMF (WEO)
NER,Fiscal balance,2031,-3.045,% GDP,IMF (WEO)
NER,Fiscal balance,2027,-1.137,% GDP,IMF (WEO)
NER,Fiscal balance,2028,-1.165,% GDP,IMF (WEO)
NER,Fiscal balance,2029,-1.438,% GDP,IMF (WEO)
NER,Fiscal balance,2030,-1.525,% GDP,IMF (WEO)
NER,Fiscal balance,2031,-1.608,% GDP,IMF (WEO)
NER,Gen gov debt,2027,44.939,% GDP,IMF (WEO)
NER,Gen gov debt,2028,44.729,% GDP,IMF (WEO)
NER,Gen gov debt,2029,44.605,% GDP,IMF (WEO)
NER,Gen gov debt,2030,44.444,% GDP,IMF (WEO)
NER,Gen gov debt,2031,44.281,% GDP,IMF (WEO)
NGA,GDP growth,2027,4.324,%,IMF (WEO)
NGA,GDP growth,2028,4.133,%,IMF (WEO)
NGA,GDP growth,2029,4.236,%,IMF (WEO)
NGA,GDP growth,2030,4.186,%,IMF (WEO)
NGA,GDP growth,2031,4.181,%,IMF (WEO)
NGA,Inflation,2027,15.854,%,IMF (WEO)
NGA,Inflation,2028,12.75,%,IMF (WEO)
NGA,Inflation,2029,10.0,%,IMF (WEO)
NGA,Inflation,2030,10.0,%,IMF (WEO)
NGA,Inflation,2031,10.0,%,IMF (WEO)
NGA,Fiscal balance,2027,-2.906,% GDP,IMF (WEO)
NGA,Fiscal balance,2028,-2.345,% GDP,IMF (WEO)
NGA,Fiscal balance,2029,-2.164,% GDP,IMF (WEO)
NGA,Fiscal balance,2030,-2.092,% GDP,IMF (WEO)
NGA,Fiscal balance,2031,-1.872,% GDP,IMF (WEO)
NGA,Fiscal balance,2027,-0.599,% GDP,IMF (WEO)
NGA,Fiscal balance,2028,-0.133,% GDP,IMF (WEO)
NGA,Fiscal balance,2029,-0.082,% GDP,IMF (WEO)
NGA,Fiscal balance,2030,-0.075,% GDP,IMF (WEO)
NGA,Fiscal balance,2031,0.017,% GDP,IMF (WEO)
NGA,Gen gov debt,2027,33.091,% GDP,IMF (WEO)
NGA,Gen gov debt,2028,32.488,% GDP,IMF (WEO)
NGA,Gen gov debt,2029,31.727,% GDP,IMF (WEO)
NGA,Gen gov debt,2030,30.938,% GDP,IMF (WEO)
NGA,Gen gov debt,2031,30.105,% GDP,IMF (WEO)
RWA,GDP growth,2027,7.599,%,IMF (WEO)
RWA,GDP growth,2028,6.753,%,IMF (WEO)
RWA,GDP growth,2029,6.796,%,IMF (WEO)
RWA,GDP growth,2030,6.84,%,IMF (WEO)
RWA,GDP growth,2031,6.8,%,IMF (WEO)
RWA,Inflation,2027,5.0,%,IMF (WEO)
RWA,Inflation,2028,5.0,%,IMF (WEO)
RWA,Inflation,2029,5.0,%,IMF (WEO)
RWA,Inflation,2030,5.0,%,IMF (WEO)
RWA,Inflation,2031,5.0,%,IMF (WEO)
RWA,Fiscal balance,2027,-3.005,% GDP,IMF (WEO)
RWA,Fiscal balance,2028,-2.797,% GDP,IMF (WEO)
RWA,Fiscal balance,2029,-3.074,% GDP,IMF (WEO)
RWA,Fiscal balance,2030,-1.979,% GDP,IMF (WEO)
RWA,Fiscal balance,2031,-3.642,% GDP,IMF (WEO)
RWA,Fiscal balance,2027,-0.848,% GDP,IMF (WEO)
RWA,Fiscal balance,2028,-0.778,% GDP,IMF (WEO)
RWA,Fiscal balance,2029,-1.223,% GDP,IMF (WEO)
RWA,Fiscal balance,2030,-0.64,% GDP,IMF (WEO)
RWA,Fiscal balance,2031,-1.947,% GDP,IMF (WEO)
RWA,Gen gov debt,2027,67.399,% GDP,IMF (WEO)
RWA,Gen gov debt,2028,67.416,% GDP,IMF (WEO)
RWA,Gen gov debt,2029,67.185,% GDP,IMF (WEO)
RWA,Gen gov debt,2030,65.212,% GDP,IMF (WEO)
RWA,Gen gov debt,2031,61.598,% GDP,IMF (WEO)
STP,GDP growth,2027,3.9,%,IMF (WEO)
STP,GDP growth,2028,3.251,%,IMF (WEO)
STP,GDP growth,2029,3.251,%,IMF (WEO)
STP,GDP growth,2030,3.256,%,IMF (WEO)
STP,GDP growth,2031,3.25,%,IMF (WEO)
STP,Inflation,2027,7.85,%,IMF (WEO)
STP,Inflation,2028,5.95,%,IMF (WEO)
STP,Inflation,2029,5.0,%,IMF (WEO)
STP,Inflation,2030,5.0,%,IMF (WEO)
STP,Inflation,2031,5.0,%,IMF (WEO)
STP,Fiscal balance,2027,1.611,% GDP,IMF (WEO)
STP,Fiscal balance,2028,2.9,% GDP,IMF (WEO)
STP,Fiscal balance,2029,2.699,% GDP,IMF (WEO)
STP,Fiscal balance,2030,2.894,% GDP,IMF (WEO)
STP,Fiscal balance,2031,2.651,% GDP,IMF (WEO)
STP,Fiscal balance,2027,2.168,% GDP,IMF (WEO)
STP,Fiscal balance,2028,3.461,% GDP,IMF (WEO)
STP,Fiscal balance,2029,3.226,% GDP,IMF (WEO)
STP,Fiscal balance,2030,3.4,% GDP,IMF (WEO)
STP,Fiscal balance,2031,3.138,% GDP,IMF (WEO)
STP,Gen gov debt,2027,47.417,% GDP,IMF (WEO)
STP,Gen gov debt,2028,45.303,% GDP,IMF (WEO)
STP,Gen gov debt,2029,43.202,% GDP,IMF (WEO)
STP,Gen gov debt,2030,40.332,% GDP,IMF (WEO)
STP,Gen gov debt,2031,38.309,% GDP,IMF (WEO)
SEN,GDP growth,2027,2.284,%,IMF (WEO)
SEN,GDP growth,2028,3.015,%,IMF (WEO)
SEN,GDP growth,2029,2.901,%,IMF (WEO)
SEN,GDP growth,2030,4.269,%,IMF (WEO)
SEN,GDP growth,2031,4.589,%,IMF (WEO)
SEN,Inflation,2027,2.243,%,IMF (WEO)
SEN,Inflation,2028,2.0,%,IMF (WEO)
SEN,Inflation,2029,2.0,%,IMF (WEO)
SEN,Inflation,2030,2.0,%,IMF (WEO)
SEN,Inflation,2031,2.0,%,IMF (WEO)
SEN,Fiscal balance,2027,-5.702,% GDP,IMF (WEO)
SEN,Fiscal balance,2028,-4.0,% GDP,IMF (WEO)
SEN,Fiscal balance,2029,-3.0,% GDP,IMF (WEO)
SEN,Fiscal balance,2030,-3.0,% GDP,IMF (WEO)
SEN,Fiscal balance,2031,-3.0,% GDP,IMF (WEO)
SEN,Fiscal balance,2027,-0.318,% GDP,IMF (WEO)
SEN,Fiscal balance,2028,1.561,% GDP,IMF (WEO)
SEN,Fiscal balance,2029,2.658,% GDP,IMF (WEO)
SEN,Fiscal balance,2030,2.626,% GDP,IMF (WEO)
SEN,Fiscal balance,2031,2.468,% GDP,IMF (WEO)
SEN,Gen gov debt,2027,133.443,% GDP,IMF (WEO)
SEN,Gen gov debt,2028,131.995,% GDP,IMF (WEO)
SEN,Gen gov debt,2029,130.545,% GDP,IMF (WEO)
SEN,Gen gov debt,2030,125.985,% GDP,IMF (WEO)
SEN,Gen gov debt,2031,121.406,% GDP,IMF (WEO)
SYC,GDP growth,2027,4.013,%,IMF (WEO)
SYC,GDP growth,2028,3.291,%,IMF (WEO)
SYC,GDP growth,2029,3.291,%,IMF (WEO)
SYC,GDP growth,2030,3.291,%,IMF (WEO)
SYC,GDP growth,2031,3.291,%,IMF (WEO)
SYC,Inflation,2027,1.735,%,IMF (WEO)
SYC,Inflation,2028,2.057,%,IMF (WEO)
SYC,Inflation,2029,2.366,%,IMF (WEO)
SYC,Inflation,2030,2.503,%,IMF (WEO)
SYC,Inflation,2031,2.502,%,IMF (WEO)
SYC,Fiscal balance,2027,-1.218,% GDP,IMF (WEO)
SYC,Fiscal balance,2028,-0.774,% GDP,IMF (WEO)
SYC,Fiscal balance,2029,-0.871,% GDP,IMF (WEO)
SYC,Fiscal balance,2030,-0.807,% GDP,IMF (WEO)
SYC,Fiscal balance,2031,-0.633,% GDP,IMF (WEO)
SYC,Fiscal balance,2027,0.982,% GDP,IMF (WEO)
SYC,Fiscal balance,2028,1.345,% GDP,IMF (WEO)
SYC,Fiscal balance,2029,1.187,% GDP,IMF (WEO)
SYC,Fiscal balance,2030,1.204,% GDP,IMF (WEO)
SYC,Fiscal balance,2031,1.237,% GDP,IMF (WEO)
SYC,Gen gov debt,2027,54.047,% GDP,IMF (WEO)
SYC,Gen gov debt,2028,52.416,% GDP,IMF (WEO)
SYC,Gen gov debt,2029,50.591,% GDP,IMF (WEO)
SYC,Gen gov debt,2030,48.907,% GDP,IMF (WEO)
SYC,Gen gov debt,2031,46.601,% GDP,IMF (WEO)
SLE,GDP growth,2027,4.679,%,IMF (WEO)
SLE,GDP growth,2028,4.643,%,IMF (WEO)
SLE,GDP growth,2029,4.554,%,IMF (WEO)
SLE,GDP growth,2030,4.582,%,IMF (WEO)
SLE,GDP growth,2031,4.464,%,IMF (WEO)
SLE,Inflation,2027,9.0,%,IMF (WEO)
SLE,Inflation,2028,9.0,%,IMF (WEO)
SLE,Inflation,2029,9.0,%,IMF (WEO)
SLE,Inflation,2030,9.0,%,IMF (WEO)
SLE,Inflation,2031,9.0,%,IMF (WEO)
SLE,Fiscal balance,2027,-0.238,% GDP,IMF (WEO)
SLE,Fiscal balance,2028,-0.203,% GDP,IMF (WEO)
SLE,Fiscal balance,2029,-0.68,% GDP,IMF (WEO)
SLE,Fiscal balance,2030,-0.433,% GDP,IMF (WEO)
SLE,Fiscal balance,2031,-0.104,% GDP,IMF (WEO)
SLE,Fiscal balance,2027,2.293,% GDP,IMF (WEO)
SLE,Fiscal balance,2028,2.342,% GDP,IMF (WEO)
SLE,Fiscal balance,2029,1.748,% GDP,IMF (WEO)
SLE,Fiscal balance,2030,1.813,% GDP,IMF (WEO)
SLE,Fiscal balance,2031,1.92,% GDP,IMF (WEO)
SLE,Gen gov debt,2027,41.2,% GDP,IMF (WEO)
SLE,Gen gov debt,2028,38.375,% GDP,IMF (WEO)
SLE,Gen gov debt,2029,36.167,% GDP,IMF (WEO)
SLE,Gen gov debt,2030,34.087,% GDP,IMF (WEO)
SLE,Gen gov debt,2031,31.77,% GDP,IMF (WEO)
ZAF,GDP growth,2027,1.25,%,IMF (WEO)
ZAF,GDP growth,2028,1.549,%,IMF (WEO)
ZAF,GDP growth,2029,1.67,%,IMF (WEO)
ZAF,GDP growth,2030,1.83,%,IMF (WEO)
ZAF,GDP growth,2031,1.808,%,IMF (WEO)
ZAF,Inflation,2027,3.401,%,IMF (WEO)
ZAF,Inflation,2028,3.001,%,IMF (WEO)
ZAF,Inflation,2029,3.0,%,IMF (WEO)
ZAF,Inflation,2030,3.0,%,IMF (WEO)
ZAF,Inflation,2031,3.0,%,IMF (WEO)
ZAF,Fiscal balance,2027,-4.338,% GDP,IMF (WEO)
ZAF,Fiscal balance,2028,-4.362,% GDP,IMF (WEO)
ZAF,Fiscal balance,2029,-4.089,% GDP,IMF (WEO)
ZAF,Fiscal balance,2030,-3.932,% GDP,IMF (WEO)
ZAF,Fiscal balance,2031,-3.915,% GDP,IMF (WEO)
ZAF,Fiscal balance,2027,1.085,% GDP,IMF (WEO)
ZAF,Fiscal balance,2028,1.047,% GDP,IMF (WEO)
ZAF,Fiscal balance,2029,1.254,% GDP,IMF (WEO)
ZAF,Fiscal balance,2030,1.4,% GDP,IMF (WEO)
ZAF,Fiscal balance,2031,1.427,% GDP,IMF (WEO)
ZAF,Gen gov debt,2027,79.707,% GDP,IMF (WEO)
ZAF,Gen gov debt,2028,80.867,% GDP,IMF (WEO)
ZAF,Gen gov debt,2029,81.674,% GDP,IMF (WEO)
ZAF,Gen gov debt,2030,82.172,% GDP,IMF (WEO)
ZAF,Gen gov debt,2031,82.615,% GDP,IMF (WEO)
SSD,GDP growth,2027,3.331,%,IMF (WEO)
SSD,GDP growth,2028,3.638,%,IMF (WEO)
SSD,GDP growth,2029,3.481,%,IMF (WEO)
SSD,GDP growth,2030,3.782,%,IMF (WEO)
SSD,GDP growth,2031,3.037,%,IMF (WEO)
SSD,Inflation,2027,9.981,%,IMF (WEO)
SSD,Inflation,2028,5.761,%,IMF (WEO)
SSD,Inflation,2029,5.885,%,IMF (WEO)
SSD,Inflation,2030,4.764,%,IMF (WEO)
SSD,Inflation,2031,4.549,%,IMF (WEO)
SSD,Fiscal balance,2027,-0.223,% GDP,IMF (WEO)
SSD,Fiscal balance,2028,-1.027,% GDP,IMF (WEO)
SSD,Fiscal balance,2029,-1.104,% GDP,IMF (WEO)
SSD,Fiscal balance,2030,-1.055,% GDP,IMF (WEO)
SSD,Fiscal balance,2031,-0.935,% GDP,IMF (WEO)
SSD,Fiscal balance,2027,1.809,% GDP,IMF (WEO)
SSD,Fiscal balance,2028,1.027,% GDP,IMF (WEO)
SSD,Fiscal balance,2029,0.945,% GDP,IMF (WEO)
SSD,Fiscal balance,2030,0.973,% GDP,IMF (WEO)
SSD,Fiscal balance,2031,1.036,% GDP,IMF (WEO)
SSD,Gen gov debt,2027,49.939,% GDP,IMF (WEO)
SSD,Gen gov debt,2028,47.614,% GDP,IMF (WEO)
SSD,Gen gov debt,2029,45.843,% GDP,IMF (WEO)
SSD,Gen gov debt,2030,43.992,% GDP,IMF (WEO)
SSD,Gen gov debt,2031,42.752,% GDP,IMF (WEO)
TZA,GDP growth,2027,6.104,%,IMF (WEO)
TZA,GDP growth,2028,6.305,%,IMF (WEO)
TZA,GDP growth,2029,6.303,%,IMF (WEO)
TZA,GDP growth,2030,6.258,%,IMF (WEO)
TZA,GDP growth,2031,6.274,%,IMF (WEO)
TZA,Inflation,2027,4.274,%,IMF (WEO)
TZA,Inflation,2028,4.043,%,IMF (WEO)
TZA,Inflation,2029,4.01,%,IMF (WEO)
TZA,Inflation,2030,4.01,%,IMF (WEO)
TZA,Inflation,2031,4.01,%,IMF (WEO)
TZA,Fiscal balance,2027,-3.213,% GDP,IMF (WEO)
TZA,Fiscal balance,2028,-3.191,% GDP,IMF (WEO)
TZA,Fiscal balance,2029,-3.214,% GDP,IMF (WEO)
TZA,Fiscal balance,2030,-3.202,% GDP,IMF (WEO)
TZA,Fiscal balance,2031,-3.156,% GDP,IMF (WEO)
TZA,Fiscal balance,2027,-0.539,% GDP,IMF (WEO)
TZA,Fiscal balance,2028,-0.532,% GDP,IMF (WEO)
TZA,Fiscal balance,2029,-0.56,% GDP,IMF (WEO)
TZA,Fiscal balance,2030,-0.562,% GDP,IMF (WEO)
TZA,Fiscal balance,2031,-0.558,% GDP,IMF (WEO)
TZA,Gen gov debt,2027,47.498,% GDP,IMF (WEO)
TZA,Gen gov debt,2028,46.203,% GDP,IMF (WEO)
TZA,Gen gov debt,2029,45.057,% GDP,IMF (WEO)
TZA,Gen gov debt,2030,44.014,% GDP,IMF (WEO)
TZA,Gen gov debt,2031,42.633,% GDP,IMF (WEO)
TGO,GDP growth,2027,5.3,%,IMF (WEO)
TGO,GDP growth,2028,5.5,%,IMF (WEO)
TGO,GDP growth,2029,5.5,%,IMF (WEO)
TGO,GDP growth,2030,5.5,%,IMF (WEO)
TGO,GDP growth,2031,5.5,%,IMF (WEO)
TGO,Inflation,2027,2.3,%,IMF (WEO)
TGO,Inflation,2028,2.0,%,IMF (WEO)
TGO,Inflation,2029,2.0,%,IMF (WEO)
TGO,Inflation,2030,2.0,%,IMF (WEO)
TGO,Inflation,2031,2.0,%,IMF (WEO)
TGO,Fiscal balance,2027,-3.031,% GDP,IMF (WEO)
TGO,Fiscal balance,2028,-3.032,% GDP,IMF (WEO)
TGO,Fiscal balance,2029,-3.031,% GDP,IMF (WEO)
TGO,Fiscal balance,2030,-3.024,% GDP,IMF (WEO)
TGO,Fiscal balance,2031,-3.001,% GDP,IMF (WEO)
TGO,Fiscal balance,2027,-0.4,% GDP,IMF (WEO)
TGO,Fiscal balance,2028,-0.484,% GDP,IMF (WEO)
TGO,Fiscal balance,2029,-0.7,% GDP,IMF (WEO)
TGO,Fiscal balance,2030,-0.8,% GDP,IMF (WEO)
TGO,Fiscal balance,2031,-0.9,% GDP,IMF (WEO)
TGO,Gen gov debt,2027,63.053,% GDP,IMF (WEO)
TGO,Gen gov debt,2028,61.543,% GDP,IMF (WEO)
TGO,Gen gov debt,2029,60.212,% GDP,IMF (WEO)
TGO,Gen gov debt,2030,58.262,% GDP,IMF (WEO)
TGO,Gen gov debt,2031,56.713,% GDP,IMF (WEO)
UGA,GDP growth,2027,8.196,%,IMF (WEO)
UGA,GDP growth,2028,7.01,%,IMF (WEO)
UGA,GDP growth,2029,6.667,%,IMF (WEO)
UGA,GDP growth,2030,6.212,%,IMF (WEO)
UGA,GDP growth,2031,5.887,%,IMF (WEO)
UGA,Inflation,2027,4.869,%,IMF (WEO)
UGA,Inflation,2028,4.849,%,IMF (WEO)
UGA,Inflation,2029,5.0,%,IMF (WEO)
UGA,Inflation,2030,5.0,%,IMF (WEO)
UGA,Inflation,2031,5.0,%,IMF (WEO)
UGA,Fiscal balance,2027,-4.919,% GDP,IMF (WEO)
UGA,Fiscal balance,2028,-4.562,% GDP,IMF (WEO)
UGA,Fiscal balance,2029,-5.151,% GDP,IMF (WEO)
UGA,Fiscal balance,2030,-4.554,% GDP,IMF (WEO)
UGA,Fiscal balance,2031,-4.64,% GDP,IMF (WEO)
UGA,Fiscal balance,2027,-0.252,% GDP,IMF (WEO)
UGA,Fiscal balance,2028,0.347,% GDP,IMF (WEO)
UGA,Fiscal balance,2029,-0.053,% GDP,IMF (WEO)
UGA,Fiscal balance,2030,0.582,% GDP,IMF (WEO)
UGA,Fiscal balance,2031,0.701,% GDP,IMF (WEO)
UGA,Gen gov debt,2027,54.368,% GDP,IMF (WEO)
UGA,Gen gov debt,2028,53.937,% GDP,IMF (WEO)
UGA,Gen gov debt,2029,53.452,% GDP,IMF (WEO)
UGA,Gen gov debt,2030,53.402,% GDP,IMF (WEO)
UGA,Gen gov debt,2031,53.294,% GDP,IMF (WEO)
ZMB,GDP growth,2027,4.677,%,IMF (WEO)
ZMB,GDP growth,2028,5.06,%,IMF (WEO)
ZMB,GDP growth,2029,5.29,%,IMF (WEO)
ZMB,GDP growth,2030,5.318,%,IMF (WEO)
ZMB,GDP growth,2031,5.293,%,IMF (WEO)
ZMB,Inflation,2027,8.0,%,IMF (WEO)
ZMB,Inflation,2028,7.0,%,IMF (WEO)
ZMB,Inflation,2029,7.0,%,IMF (WEO)
ZMB,Inflation,2030,7.0,%,IMF (WEO)
ZMB,Inflation,2031,7.0,%,IMF (WEO)
ZMB,Fiscal balance,2027,-4.416,% GDP,IMF (WEO)
ZMB,Fiscal balance,2028,-3.117,% GDP,IMF (WEO)
ZMB,Fiscal balance,2029,-1.88,% GDP,IMF (WEO)
ZMB,Fiscal balance,2030,-1.511,% GDP,IMF (WEO)
ZMB,Fiscal balance,2031,-1.963,% GDP,IMF (WEO)
ZMB,Fiscal balance,2027,2.022,% GDP,IMF (WEO)
ZMB,Fiscal balance,2028,2.548,% GDP,IMF (WEO)
ZMB,Fiscal balance,2029,3.038,% GDP,IMF (WEO)
ZMB,Fiscal balance,2030,3.02,% GDP,IMF (WEO)
ZMB,Fiscal balance,2031,2.989,% GDP,IMF (WEO)
ZWE,GDP growth,2027,4.186,%,IMF (WEO)
ZWE,GDP growth,2028,4.197,%,IMF (WEO)
ZWE,GDP growth,2029,4.212,%,IMF (WEO)
ZWE,GDP growth,2030,4.229,%,IMF (WEO)
ZWE,GDP growth,2031,4.246,%,IMF (WEO)
ZWE,Inflation,2027,7.984,%,IMF (WEO)
ZWE,Inflation,2028,8.034,%,IMF (WEO)
ZWE,Inflation,2029,8.034,%,IMF (WEO)
ZWE,Inflation,2030,8.034,%,IMF (WEO)
ZWE,Inflation,2031,8.034,%,IMF (WEO)
ZWE,Fiscal balance,2027,-0.867,% GDP,IMF (WEO)
ZWE,Fiscal balance,2028,-0.901,% GDP,IMF (WEO)
ZWE,Fiscal balance,2029,-0.894,% GDP,IMF (WEO)
ZWE,Fiscal balance,2030,-0.905,% GDP,IMF (WEO)
ZWE,Fiscal balance,2031,-0.911,% GDP,IMF (WEO)
ZWE,Fiscal balance,2027,0.526,% GDP,IMF (WEO)
ZWE,Fiscal balance,2028,0.525,% GDP,IMF (WEO)
ZWE,Fiscal balance,2029,0.525,% GDP,IMF (WEO)
ZWE,Fiscal balance,2030,0.525,% GDP,IMF (WEO)
ZWE,Fiscal balance,2031,0.525,% GDP,IMF (WEO)
ZWE,Gen gov debt,2027,41.355,% GDP,IMF (WEO)
ZWE,Gen gov debt,2028,40.403,% GDP,IMF (WEO)
ZWE,Gen gov debt,2029,39.454,% GDP,IMF (WEO)
ZWE,Gen gov debt,2030,38.521,% GDP,IMF (WEO)
ZWE,Gen gov debt,2031,37.608,% GDP,IMF (WEO)
