iso3,indicator,latest_value,latest_date,change_12m_pct,change_3m_pct,trend_5y,regional_median,position_fr,position_en,trend_sens_fr,trend_sens_en
ABW,Agriculture value added,0.0395294607296221,2023-12-31,15.667980170873244,15.667980170873244,0.0172764537600826,3.86944846371998,sous la mediane regionale,below regional median,stable,stable
ABW,CO2 per capita,5.45117829529145,2024-12-31,2.7626076565751174,2.7626076565751174,0.5062591996622094,4.11421182432227,au-dessus de la mediane regionale,above regional median,en amelioration,improving
ABW,Commodity dependence,0.0602540892919389,2023-12-31,159.91746774538194,159.91746774538194,0.0005826097631256993,3.00864273328603,sous la mediane regionale,below regional median,stable,stable
ABW,Control of corruption,0.8687982,2024-12-31,0.14264131604854882,0.14264131604854882,-0.2963646000000001,-0.2654917,au-dessus de la mediane regionale,above regional median,en degradation,worsening
ABW,Current account,5.19136770255524,2023-12-31,-25.094166201147555,-25.094166201147555,5.7827341702521,-1.66760721722233,au-dessus de la mediane regionale,above regional median,en amelioration,improving
ABW,Dependency ratio,51.2895227154925,2024-12-31,1.5639046999127728,1.5639046999127728,3.1895444145268996,48.981079443401555,proche de la mediane regionale,near regional median,en degradation,worsening
ABW,Domestic credit,58.0463512184556,2023-12-31,-4.02967937398538,-4.02967937398538,2.081249390059895,45.1288088227477,au-dessus de la mediane regionale,above regional median,en amelioration,improving
ABW,Electricity access,100.0,2024-12-31,0.0,0.0,0.0,99.8,proche de la mediane regionale,near regional median,stable,stable
ABW,FDI net inflows,2.4774663008564,2024-12-31,167.525478383319,167.525478383319,4.724670282462601,3.01317166597907,sous la mediane regionale,below regional median,en amelioration,improving
ABW,Fiscal balance,5.363,2026-12-31,-3.8716615880982133,-3.8716615880982133,10.524000000000001,-0.749,au-dessus de la mediane regionale,above regional median,en amelioration,improving
ABW,GDP growth,6.81077669324554,2024-12-31,-28.430865022879857,-28.430865022879857,5.58163260428539,3.3669492581395,au-dessus de la mediane regionale,above regional median,en amelioration,improving
ABW,GDP per capita,38590.5650288641,2024-12-31,10.582231125499076,10.582231125499076,7936.079905324397,13969.7836603737,au-dessus de la mediane regionale,above regional median,en amelioration,improving
ABW,Gen gov debt,60.261,2026-12-31,-5.251489756450364,-5.251489756450364,-49.410000000000004,63.608,proche de la mediane regionale,near regional median,en amelioration,improving
ABW,Inflation,4.25746204335427,2019-12-31,17.413497470511313,17.413497470511313,3.836021124473056,3.42967284899735,au-dessus de la mediane regionale,above regional median,en degradation,worsening
ABW,Interest rate,5.8,2023-12-31,-4.918032786885243,-4.918032786885243,-0.20000000000000018,8.80431027070166,sous la mediane regionale,below regional median,en degradation,worsening
ABW,Political stability,1.3302095,2024-12-31,-0.448345955318223,-0.448345955318223,-0.004727899999999785,0.3600136,au-dessus de la mediane regionale,above regional median,stable,stable
ABW,Regulatory quality,0.9808972,2024-12-31,0.06279828163662865,0.06279828163662865,-0.0050010999999999806,-0.0738011,au-dessus de la mediane regionale,above regional median,stable,stable
ABW,Reserves,5.82381270702624,2023-12-31,-16.54377554500039,-16.54377554500039,1.2066433437025603,4.20470125653228,au-dessus de la mediane regionale,above regional median,en amelioration,improving
ABW,Rule of law,1.22006,2024-12-31,-0.0052945412296391894,-0.0052945412296391894,-0.07300250000000008,-0.2513801,au-dessus de la mediane regionale,above regional median,en degradation,worsening
AFG,Agriculture value added,34.2931004992905,2024-12-31,-1.295637806548341,-1.295637806548341,8.519129759880002,3.39457505861722,au-dessus de la mediane regionale,above regional median,en amelioration,improving
AFG,CO2 per capita,0.774601235636553,2024-12-31,-0.9995064186082666,-0.9995064186082666,-0.08222717528278001,4.671020451612931,sous la mediane regionale,below regional median,en degradation,worsening
AFG,Commodity dependence,8.0512789669382,2019-12-31,-21.1677600617734,-21.1677600617734,,10.0847170807725,sous la mediane regionale,below regional median,en degradation,worsening
AFG,Control of corruption,-1.3087183,2024-12-31,-9.173189201490242,-9.173189201490242,0.1926452999999999,-0.5708422,sous la mediane regionale,below regional median,en amelioration,improving
AFG,Current account,-15.7183027911684,2020-12-31,22.072677709707246,22.072677709707246,6.1943545443467,0.124893414067427,sous la mediane regionale,below regional median,en amelioration,improving
AFG,Debt service,2.67397501265809,2020-12-31,-10.095462120097494,-10.095462120097494,-0.6256333393779698,12.9254798325863,sous la mediane regionale,below regional median,en amelioration,improving
AFG,Dependency ratio,82.7768483158234,2024-12-31,-1.2635649885654427,-1.2635649885654427,-5.7351792963987975,51.2977156907185,au-dessus de la mediane regionale,above regional median,en amelioration,improving
AFG,Domestic credit,3.09659808966059,2020-12-31,-4.128820634282407,-4.128820634282407,-0.8848957049647601,58.6252720787942,sous la mediane regionale,below regional median,en degradation,worsening
AFG,Electricity access,87.8,2024-12-31,2.9308323563892147,2.9308323563892147,-9.900000000000006,100.0,sous la mediane regionale,below regional median,en degradation,worsening
AFG,External debt,19.8909368152618,2023-12-31,-14.76597018051075,-14.76597018051075,5.2485121495102,35.6282760521045,sous la mediane regionale,below regional median,en degradation,worsening
AFG,FDI net inflows,0.144466946606861,2021-12-31,122.27750528378422,122.27750528378422,-0.372139137916232,1.47747574805229,sous la mediane regionale,below regional median,en degradation,worsening
AFG,Fiscal balance,-0.854,2025-12-31,-55.83941605839414,-55.83941605839414,1.3519999999999999,-2.4939999999999998,au-dessus de la mediane regionale,above regional median,en amelioration,improving
AFG,GDP growth,1.87319280045979,2024-12-31,-17.369241666377825,-17.369241666377825,-2.0384106157957302,2.3991692678251,sous la mediane regionale,below regional median,en degradation,worsening
AFG,GDP per capita,416.871146273728,2024-12-31,0.7524331519142193,0.7524331519142193,-79.73135798477199,5190.16959024821,sous la mediane regionale,below regional median,en degradation,worsening
AFG,Gen gov debt,7.976,2025-12-31,-10.502692998204676,-10.502692998204676,0.6449999999999996,53.242000000000004,sous la mediane regionale,below regional median,en degradation,worsening
AFG,Inflation,-6.60118564073726,2024-12-31,-42.12270468972717,-42.12270468972717,-8.9035581559056,2.6116961151764,sous la mediane regionale,below regional median,en amelioration,improving
AFG,Interest rate,14.8366666666667,2017-12-31,-1.0888888888886683,-1.0888888888886683,-0.16333333333330025,8.0,au-dessus de la mediane regionale,above regional median,en degradation,worsening
AFG,Political stability,-2.2052112,2024-12-31,7.8197945493735075,7.8197945493735075,0.3841602000000002,-0.9248175,sous la mediane regionale,below regional median,en amelioration,improving
AFG,Regulatory quality,-1.538435,2024-12-31,-7.540693132371579,-7.540693132371579,-0.26221720000000004,-0.4676244,sous la mediane regionale,below regional median,en degradation,worsening
AFG,Reserves,16.6316336551941,2020-12-31,20.966932919073898,20.966932919073898,6.86143969476292,5.978693032108115,au-dessus de la mediane regionale,above regional median,en amelioration,improving
AFG,Rule of law,-1.9354887,2024-12-31,-2.0394136455776946,-2.0394136455776946,-0.27833379999999996,-0.6967772,sous la mediane regionale,below regional median,en degradation,worsening
AFG,Tax revenue,9.89845089688421,2017-12-31,4.165132863912502,4.165132863912502,2.1906502940064803,11.1389424540703,sous la mediane regionale,below regional median,en amelioration,improving
AFG,Unemployment,13.687,2024-12-31,-2.291547687035978,-2.291547687035978,2.5,9.103,au-dessus de la mediane regionale,above regional median,en degradation,worsening
AFG,Women in workforce,5.123,2024-12-31,-0.4275996112730681,-0.4275996112730681,-13.174999999999997,22.234,sous la mediane regionale,below regional median,en degradation,worsening
AFG,Youth unemployment,17.235,2024-12-31,-1.48050760260661,-1.48050760260661,1.7149999999999999,21.307,sous la mediane regionale,below regional median,en degradation,worsening
AGO,Agriculture value added,21.5526709882832,2024-12-31,3.0767787964227407,3.0767787964227407,9.2316201641784,20.7932870939229,proche de la mediane regionale,near regional median,en amelioration,improving
AGO,CO2 per capita,1.84562051123627,2024-12-31,-0.6655160753756076,-0.6655160753756076,-0.35383307780872997,1.52210243022339,au-dessus de la mediane regionale,above regional median,en degradation,worsening
AGO,Commodity dependence,94.1347736309318,2024-12-31,-0.03856029556871257,-0.03856029556871257,-1.1144746964121026,1.604781106301575,au-dessus de la mediane regionale,above regional median,en amelioration,improving
AGO,Control of corruption,-0.6225793,2024-12-31,0.2679207332682223,0.2679207332682223,0.3422195,-0.7934948,au-dessus de la mediane regionale,above regional median,en amelioration,improving
AGO,Current account,6.12127885547185,2024-12-31,55.105317691425306,55.105317691425306,-0.2060441747894597,-4.05918464223764,au-dessus de la mediane regionale,above regional median,en degradation,worsening
AGO,Debt service,28.9122414363047,2024-12-31,-13.577558006795437,-13.577558006795437,-1.0038208317147976,11.8141665228846,au-dessus de la mediane regionale,above regional median,en amelioration,improving
AGO,Dependency ratio,89.4060806363382,2024-12-31,-0.7208295097862318,-0.7208295097862318,-2.2409589941344024,76.3947216046137,au-dessus de la mediane regionale,above regional median,en amelioration,improving
AGO,Domestic credit,7.16892640926562,2024-12-31,-6.236253456503631,-6.236253456503631,-6.226676458320479,15.8986695709198,sous la mediane regionale,below regional median,en degradation,worsening
AGO,Electricity access,55.5,2024-12-31,8.6105675146771,8.6105675146771,9.899999999999999,57.8,proche de la mediane regionale,near regional median,en amelioration,improving
AGO,External debt,79.5726391511001,2024-12-31,6.7188605411781,6.7188605411781,-17.02208763895969,43.99766261125275,au-dessus de la mediane regionale,above regional median,en amelioration,improving
AGO,FDI net inflows,-1.07650107199669,2024-12-31,46.14409812873908,46.14409812873908,3.97127111090302,2.351663747275275,sous la mediane regionale,below regional median,en amelioration,improving
AGO,Fiscal balance,-2.445,2026-12-31,-535.064935064935,-535.064935064935,-3.7969999999999997,-2.4305,au-dessus de la mediane regionale,above regional median,en degradation,worsening
AGO,GDP growth,4.95267860425956,2024-12-31,275.15578260023005,275.15578260023005,6.00791274920293,4.366019176358015,au-dessus de la mediane regionale,above regional median,en amelioration,improving
AGO,GDP per capita,2720.81900669715,2024-12-31,-5.707631764918579,-5.707631764918579,212.95093456073027,1189.858061476885,au-dessus de la mediane regionale,above regional median,en amelioration,improving
AGO,Gen gov debt,51.579,2026-12-31,0.5223051587378938,0.5223051587378938,-23.924,53.801,proche de la mediane regionale,near regional median,en amelioration,improving
AGO,Gini,51.3,2018-12-31,20.14051522248242,20.14051522248242,8.599999999999994,38.5,au-dessus de la mediane regionale,above regional median,en degradation,worsening
AGO,Inflation,28.2404948915772,2024-12-31,106.97950919462822,106.97950919462822,11.1595407481392,4.214928221107796,au-dessus de la mediane regionale,above regional median,en degradation,worsening
AGO,Interest rate,19.3991553172159,2024-12-31,14.646380689963308,14.646380689963308,0.10378811156089895,11.7409744802492,au-dessus de la mediane regionale,above regional median,en amelioration,improving
AGO,Political stability,-0.5735964,2024-12-31,-83.16084727112255,-83.16084727112255,-0.1528925000000001,-0.5953656,au-dessus de la mediane regionale,above regional median,en degradation,worsening
AGO,Regulatory quality,-0.7730199999999999,2024-12-31,14.521276242837338,14.521276242837338,0.22306540000000008,-0.7386300499999999,au-dessus de la mediane regionale,above regional median,en amelioration,improving
AGO,Reserves,5.51374910579315,2024-12-31,8.340643657579541,8.340643657579541,-0.9113451841735003,3.5612582316005197,au-dessus de la mediane regionale,above regional median,en degradation,worsening
AGO,Rule of law,-1.1697408,2024-12-31,2.0681100616588557,2.0681100616588557,-0.11777260000000012,-0.8753552499999999,sous la mediane regionale,below regional median,en degradation,worsening
AGO,Tax revenue,7.58797309525612,2024-12-31,-15.343549149702259,-15.343549149702259,-3.6370080253179795,12.7396805065136,sous la mediane regionale,below regional median,en degradation,worsening
AGO,Unemployment,14.02,2024-12-31,-0.22062486655754454,-0.22062486655754454,-2.4770000000000003,5.487,au-dessus de la mediane regionale,above regional median,en amelioration,improving
AGO,Women in workforce,72.359,2024-12-31,0.05669404574241105,0.05669404574241105,-0.6260000000000048,57.104,au-dessus de la mediane regionale,above regional median,en degradation,worsening
AGO,Youth unemployment,26.74,2024-12-31,-0.3503018558545174,-0.3503018558545174,-5.092000000000002,8.814,au-dessus de la mediane regionale,above regional median,en amelioration,improving
ALB,Agriculture value added,15.4519031294331,2024-12-31,-5.052990252827577,-5.052990252827577,-2.708494241238201,2.6262814922641997,au-dessus de la mediane regionale,above regional median,en degradation,worsening
ALB,CO2 per capita,2.99701993329766,2024-12-31,-0.4601567468633272,-0.4601567468633272,-0.37793007256339006,6.87868940323143,sous la mediane regionale,below regional median,en degradation,worsening
ALB,Commodity dependence,3.25771222753826,2024-12-31,-48.660126716655526,-48.660126716655526,2.654970888823232,5.79530570621524,sous la mediane regionale,below regional median,en degradation,worsening
ALB,Control of corruption,-0.4207600999999999,2024-12-31,9.327620374257291,9.327620374257291,0.11773340000000004,0.5531621,sous la mediane regionale,below regional median,en amelioration,improving
ALB,Current account,-2.39633981728727,2024-12-31,-44.10934647448446,-44.10934647448446,5.42430373744809,-0.432631418354181,sous la mediane regionale,below regional median,en amelioration,improving
ALB,Debt service,8.00915421288433,2024-12-31,-6.268818102493389,-6.268818102493389,-3.590887369329071,13.953203049199,sous la mediane regionale,below regional median,en amelioration,improving
ALB,Dependency ratio,50.9742938346485,2024-12-31,1.8998410151502967,1.8998410151502967,3.9319185268549006,55.30208239407135,proche de la mediane regionale,near regional median,en degradation,worsening
ALB,Domestic credit,34.126089863133,2024-12-31,5.111481750262758,5.111481750262758,0.40049434940499395,51.23226305443685,sous la mediane regionale,below regional median,en amelioration,improving
ALB,Electricity access,100.0,2024-12-31,0.0,0.0,0.0,100.0,proche de la mediane regionale,near regional median,stable,stable
ALB,External debt,39.7190681766686,2024-12-31,-18.399084227403208,-18.399084227403208,-20.569597027286697,56.144278869823,sous la mediane regionale,below regional median,en amelioration,improving
ALB,FDI net inflows,6.32558905401363,2024-12-31,-8.329705454333505,-8.329705454333505,-1.3806255962854799,2.46510904267828,au-dessus de la mediane regionale,above regional median,en degradation,worsening
ALB,Fiscal balance,0.212,2026-12-31,-30.944625407166125,-30.944625407166125,4.7829999999999995,-2.067,au-dessus de la mediane regionale,above regional median,en amelioration,improving
ALB,GDP growth,4.04592845095348,2024-12-31,0.7598533429826084,0.7598533429826084,1.9833505491922598,2.59946721553708,au-dessus de la mediane regionale,above regional median,en amelioration,improving
ALB,GDP per capita,11374.0085781236,2024-12-31,16.767848758790514,16.767848758790514,5304.569546813329,29603.7772588256,sous la mediane regionale,below regional median,en amelioration,improving
ALB,Gen gov debt,51.54,2026-12-31,-2.013346261335762,-2.013346261335762,-23.255000000000003,46.406,au-dessus de la mediane regionale,above regional median,en amelioration,improving
ALB,Gini,29.4,2020-12-31,-2.3255813953488467,-2.3255813953488467,-3.3999999999999986,30.65,proche de la mediane regionale,near regional median,en amelioration,improving
ALB,Gov debt,49.9643490499689,2024-12-31,-5.779650040093213,-5.779650040093213,-24.8439027603426,40.04160644426225,au-dessus de la mediane regionale,above regional median,en amelioration,improving
ALB,Inflation,2.21587375089992,2024-12-31,-53.43184459982692,-53.43184459982692,0.8047829613574997,2.83581658224034,sous la mediane regionale,below regional median,en degradation,worsening
ALB,Interest rate,6.44333333333334,2024-12-31,1.4431907635793122,1.4431907635793122,0.1675000000000093,6.65405833333333,proche de la mediane regionale,near regional median,en amelioration,improving
ALB,Political stability,0.0204668,2024-12-31,-16.992947150267472,-16.992947150267472,0.0160918000000001,0.3087034999999999,sous la mediane regionale,below regional median,stable,stable
ALB,Regulatory quality,0.1357346999999999,2024-12-31,114.59590553870025,114.59590553870025,0.043997299999999906,0.6500427999999999,sous la mediane regionale,below regional median,stable,stable
ALB,Reserves,6.04107418472308,2024-12-31,-10.24989698865396,-10.24989698865396,0.09648601471682028,2.89106960627006,au-dessus de la mediane regionale,above regional median,en amelioration,improving
ALB,Rule of law,-0.1185025,2024-12-31,22.553004324522814,22.553004324522814,0.1729255999999999,0.6192042999999999,sous la mediane regionale,below regional median,en amelioration,improving
ALB,Tax revenue,18.0152934113212,2024-12-31,1.1972402829472644,1.1972402829472644,0.08429942203609997,20.82863605996785,sous la mediane regionale,below regional median,en amelioration,improving
ALB,Unemployment,10.689,2024-12-31,0.18745899334520175,0.18745899334520175,-0.7769999999999992,5.4,au-dessus de la mediane regionale,above regional median,en amelioration,improving
ALB,Women in workforce,58.154,2024-12-31,0.3295205562169013,0.3295205562169013,5.223000000000006,54.888,proche de la mediane regionale,near regional median,en amelioration,improving
ALB,Youth unemployment,25.582,2024-12-31,0.6768988587170429,0.6768988587170429,-1.3599999999999994,14.316,au-dessus de la mediane regionale,above regional median,en amelioration,improving
AND,Agriculture value added,0.49084154971042,2024-12-31,2.580902214047788,2.580902214047788,-0.03179169870535897,2.6262814922641997,sous la mediane regionale,below regional median,stable,stable
AND,Commodity dependence,0.0101475994472374,2023-12-31,81.62716477075388,81.62716477075388,-0.0034905884810078006,5.79530570621524,sous la mediane regionale,below regional median,stable,stable
AND,Current account,16.045169836446,2024-12-31,12.824735476241619,12.824735476241619,-1.9653006387821996,-0.432631418354181,au-dessus de la mediane regionale,above regional median,en degradation,worsening
AND,Dependency ratio,38.5649541718808,2024-12-31,0.8274434374884885,0.8274434374884885,0.5526461463985015,55.30208239407135,sous la mediane regionale,below regional median,en degradation,worsening
AND,Electricity access,100.0,2024-12-31,0.0,0.0,0.0,100.0,proche de la mediane regionale,near regional median,stable,stable
AND,FDI net inflows,6.63542850454759,2024-12-31,-8.928710302579827,-8.928710302579827,-6.7463826150846105,2.46510904267828,au-dessus de la mediane regionale,above regional median,en degradation,worsening
AND,Fiscal balance,2.701,2026-12-31,-32.18679387396435,-32.18679387396435,3.856,-2.067,au-dessus de la mediane regionale,above regional median,en amelioration,improving
AND,GDP growth,3.8491605039052,2024-12-31,48.986988376743454,48.986988376743454,1.8336128654221202,2.59946721553708,au-dessus de la mediane regionale,above regional median,en amelioration,improving
AND,GDP per capita,49357.437070178,2024-12-31,5.436563786609196,5.436563786609196,8099.632484023699,29603.7772588256,au-dessus de la mediane regionale,above regional median,en amelioration,improving
AND,Gen gov debt,28.046,2026-12-31,-7.383924443563836,-7.383924443563836,-20.567999999999998,46.406,sous la mediane regionale,below regional median,en amelioration,improving
AND,Gov debt,39.9838927206378,2024-12-31,-6.0611056471379845,-6.0611056471379845,1.1458836407277957,40.04160644426225,proche de la mediane regionale,near regional median,en degradation,worsening
AND,Tax revenue,15.5693338504029,2024-12-31,10.449519325008886,10.449519325008886,1.6349844883489997,20.82863605996785,sous la mediane regionale,below regional median,en amelioration,improving
ARE,Agriculture value added,0.76944375258092,2024-12-31,0.7031194390981403,0.7031194390981403,0.034843272822346005,3.39457505861722,sous la mediane regionale,below regional median,stable,stable
ARE,CO2 per capita,24.0432170683754,2024-12-31,-0.8824752636679691,-0.8824752636679691,-2.6241059757124994,4.671020451612931,au-dessus de la mediane regionale,above regional median,en degradation,worsening
ARE,Commodity dependence,68.202872587783,2023-12-31,-6.755440494341607,-6.755440494341607,-0.33530112901578946,10.0847170807725,au-dessus de la mediane regionale,above regional median,en amelioration,improving
ARE,Control of corruption,1.1702182,2024-12-31,17.98246865452576,17.98246865452576,0.0823885000000002,-0.5708422,au-dessus de la mediane regionale,above regional median,en amelioration,improving
ARE,Current account,14.4792979326645,2024-12-31,10.279980021766375,10.279980021766375,,0.124893414067427,au-dessus de la mediane regionale,above regional median,en degradation,worsening
ARE,Dependency ratio,21.769960468876,2024-12-31,-1.057607988028091,-1.057607988028091,-0.4456601712062991,51.2977156907185,sous la mediane regionale,below regional median,en amelioration,improving
ARE,Domestic credit,65.4574311816346,2022-12-31,-14.06138859507868,-14.06138859507868,-12.691461142741701,58.6252720787942,au-dessus de la mediane regionale,above regional median,en degradation,worsening
ARE,Electricity access,100.0,2024-12-31,0.0,0.0,0.0,100.0,proche de la mediane regionale,near regional median,stable,stable
ARE,FDI net inflows,8.26261604873876,2024-12-31,40.715964331570156,40.715964331570156,4.14333050426925,1.47747574805229,au-dessus de la mediane regionale,above regional median,en amelioration,improving
ARE,Fiscal balance,4.892,2026-12-31,-5.0281498738109,-5.0281498738109,0.9290000000000003,-2.4939999999999998,au-dessus de la mediane regionale,above regional median,en amelioration,improving
ARE,GDP growth,3.99181200361831,2024-12-31,-7.191691834355775,-7.191691834355775,2.72052079825547,2.3991692678251,au-dessus de la mediane regionale,above regional median,en amelioration,improving
ARE,GDP per capita,50273.5126243239,2024-12-31,0.84816895789863,0.84816895789863,4334.904167101202,5190.16959024821,au-dessus de la mediane regionale,above regional median,en amelioration,improving
ARE,Gen gov debt,31.36,2026-12-31,-8.643341975704253,-8.643341975704253,-4.307000000000002,53.242000000000004,sous la mediane regionale,below regional median,en amelioration,improving
ARE,Gini,26.4,2018-12-31,-18.769230769230774,-18.769230769230774,-6.100000000000001,33.7,sous la mediane regionale,below regional median,en amelioration,improving
ARE,Gov debt,1.80326819075483,2013-12-31,,,,53.1293715924658,sous la mediane regionale,below regional median,en degradation,worsening
ARE,Inflation,1.66336510224894,2024-12-31,2.253429732362294,2.253429732362294,3.59444625007067,2.6116961151764,sous la mediane regionale,below regional median,en degradation,worsening
ARE,Political stability,0.7886704,2024-12-31,0.7303254617171518,0.7303254617171518,-0.04088219999999998,-0.9248175,au-dessus de la mediane regionale,above regional median,stable,stable
ARE,Regulatory quality,1.1257177,2024-12-31,1.8424628534620786,1.8424628534620786,-0.019999600000000006,-0.4676244,au-dessus de la mediane regionale,above regional median,stable,stable
ARE,Reserves,5.19940206842546,2024-12-31,12.64410510422945,12.64410510422945,,5.978693032108115,sous la mediane regionale,below regional median,en degradation,worsening
ARE,Rule of law,0.4968448,2024-12-31,10.584777802063082,10.584777802063082,0.07057659999999999,-0.6967772,au-dessus de la mediane regionale,above regional median,en amelioration,improving
ARE,Tax revenue,0.647516088466425,2024-12-31,5.0019528623234635,5.0019528623234635,-0.28901559914973196,11.1389424540703,sous la mediane regionale,below regional median,en degradation,worsening
ARE,Unemployment,2.16,2024-12-31,0.4184100418410201,0.4184100418410201,-0.17099999999999982,9.103,sous la mediane regionale,below regional median,en amelioration,improving
ARE,Women in workforce,52.519,2024-12-31,0.3285766137505436,0.3285766137505436,-1.8620000000000019,22.234,au-dessus de la mediane regionale,above regional median,en degradation,worsening
ARE,Youth unemployment,6.425,2024-12-31,1.1651708392379128,1.1651708392379128,-0.9000000000000004,21.307,sous la mediane regionale,below regional median,en amelioration,improving
ARG,Agriculture value added,5.80601710916249,2024-12-31,-0.697161591076684,-0.697161591076684,0.48746111254857016,3.86944846371998,au-dessus de la mediane regionale,above regional median,en amelioration,improving
ARG,CO2 per capita,8.1920364466519,2024-12-31,-1.2238738082001381,-1.2238738082001381,-0.026187343754290993,4.11421182432227,au-dessus de la mediane regionale,above regional median,stable,stable
ARG,Commodity dependence,8.77014211533671,2024-12-31,-0.4935568906455955,-0.4935568906455955,5.172420393801881,3.00864273328603,au-dessus de la mediane regionale,above regional median,en degradation,worsening
ARG,Control of corruption,-0.3257079,2024-12-31,8.012491018938157,8.012491018938157,-0.2410025,-0.2654917,sous la mediane regionale,below regional median,en degradation,worsening
ARG,Current account,0.893118418089375,2024-12-31,127.95234747212112,127.95234747212112,1.673116865651223,-1.66760721722233,au-dessus de la mediane regionale,above regional median,en amelioration,improving
ARG,Debt service,38.2533536654791,2024-12-31,-25.522046870783672,-25.522046870783672,-12.579438036906893,19.75493011522935,au-dessus de la mediane regionale,above regional median,en amelioration,improving
ARG,Dependency ratio,51.5609570038159,2024-12-31,-1.6469062522023212,-1.6469062522023212,-4.032223191310699,48.981079443401555,proche de la mediane regionale,near regional median,en amelioration,improving
ARG,Domestic credit,15.1176778381075,2024-12-31,-1.5589191634187054,-1.5589191634187054,0.6400485933751998,45.1288088227477,sous la mediane regionale,below regional median,en amelioration,improving
ARG,Electricity access,98.4,2024-12-31,-1.5999999999999945,-1.5999999999999945,-1.5999999999999943,99.8,proche de la mediane regionale,near regional median,en degradation,worsening
ARG,External debt,39.0583452380588,2024-12-31,-2.239010986468993,-2.239010986468993,-26.1916000301376,47.6233832283027,sous la mediane regionale,below regional median,en amelioration,improving
ARG,FDI net inflows,1.82409522925391,2024-12-31,-52.14745877607484,-52.14745877607484,0.33908835354694,3.01317166597907,sous la mediane regionale,below regional median,en amelioration,improving
ARG,Fiscal balance,1.885,2026-12-31,102.25321888412016,102.25321888412016,4.411,-0.749,au-dessus de la mediane regionale,above regional median,en amelioration,improving
ARG,GDP growth,4.36733330217022,2025-12-31,425.20912895941524,425.20912895941524,14.26781811581662,3.3669492581395,au-dessus de la mediane regionale,above regional median,en amelioration,improving
ARG,GDP per capita,13969.7836603737,2024-12-31,-2.0478617902193488,-2.0478617902193488,4013.80887356942,13969.7836603737,proche de la mediane regionale,near regional median,en amelioration,improving
ARG,Gen gov debt,70.414,2026-12-31,-12.323343004071678,-12.323343004071678,-10.629000000000005,63.608,au-dessus de la mediane regionale,above regional median,en amelioration,improving
ARG,Gini,42.4,2024-12-31,0.0,0.0,-0.8999999999999986,43.0,proche de la mediane regionale,near regional median,en amelioration,improving
ARG,Inflation,219.883929014578,2024-12-31,64.72071489359676,64.72071489359676,166.33562466534408,3.42967284899735,au-dessus de la mediane regionale,above regional median,en degradation,worsening
ARG,Interest rate,46.0191666666667,2025-12-31,-25.422698789973936,-25.422698789973936,16.6316666666667,8.80431027070166,au-dessus de la mediane regionale,above regional median,en amelioration,improving
ARG,Political stability,-0.1697459999999999,2024-12-31,-717.3794126286284,-717.3794126286284,-0.2269036999999999,0.3600136,sous la mediane regionale,below regional median,en degradation,worsening
ARG,Regulatory quality,-0.2350259999999999,2024-12-31,53.59923492615791,53.59923492615791,0.2140823,-0.0738011,sous la mediane regionale,below regional median,en amelioration,improving
ARG,Reserves,3.55326074207238,2024-12-31,44.585343315931034,44.585343315931034,-2.38894047639077,4.20470125653228,sous la mediane regionale,below regional median,en degradation,worsening
ARG,Rule of law,-0.2513801,2024-12-31,-5.7223714303258415,-5.7223714303258415,0.08674549999999992,-0.2513801,au-dessus de la mediane regionale,above regional median,en amelioration,improving
ARG,Tax revenue,10.4293148817726,2024-12-31,5.040045752204733,5.040045752204733,0.0373175442604996,15.9189020036855,sous la mediane regionale,below regional median,stable,stable
ARG,Unemployment,7.15,2024-12-31,16.468480208503014,16.468480208503014,-2.6929999999999996,6.448,au-dessus de la mediane regionale,above regional median,en amelioration,improving
ARG,Women in workforce,52.281,2024-12-31,-1.2783715397107134,-1.2783715397107134,2.280999999999999,52.394,proche de la mediane regionale,near regional median,en amelioration,improving
ARG,Youth unemployment,19.228,2024-12-31,7.143653181767524,7.143653181767524,-6.613999999999997,15.674,au-dessus de la mediane regionale,above regional median,en amelioration,improving
ARM,Agriculture value added,7.80588621754673,2024-12-31,-3.6576532883626522,-3.6576532883626522,-3.71972452041207,2.6262814922641997,au-dessus de la mediane regionale,above regional median,en degradation,worsening
ARM,CO2 per capita,3.55384868963244,2024-12-31,-1.7837621603819842,-1.7837621603819842,0.32674320440036997,6.87868940323143,sous la mediane regionale,below regional median,en amelioration,improving
ARM,Commodity dependence,0.679482108248347,2024-12-31,-23.99408364958192,-23.99408364958192,-2.170691682923203,5.79530570621524,sous la mediane regionale,below regional median,en amelioration,improving
ARM,Control of corruption,0.1446809,2024-12-31,38.30265801754692,38.30265801754692,0.1970298,0.5531621,sous la mediane regionale,below regional median,en amelioration,improving
ARM,Current account,-4.60216691099963,2024-12-31,-66.1272602942733,-66.1272602942733,2.4546988190008,-0.432631418354181,sous la mediane regionale,below regional median,en amelioration,improving
ARM,Debt service,9.17206815657839,2024-12-31,-48.50067309881586,-48.50067309881586,-21.79852543954081,13.953203049199,sous la mediane regionale,below regional median,en amelioration,improving
ARM,Dependency ratio,49.1198808417762,2024-12-31,0.8353330046900636,0.8353330046900636,1.309126505495101,55.30208239407135,sous la mediane regionale,below regional median,en degradation,worsening
ARM,Domestic credit,64.3799433173924,2024-12-31,16.198880061143427,16.198880061143427,4.224705402213303,51.23226305443685,au-dessus de la mediane regionale,above regional median,en amelioration,improving
ARM,Electricity access,100.0,2024-12-31,0.0,0.0,0.0,100.0,proche de la mediane regionale,near regional median,stable,stable
ARM,External debt,65.9870950657396,2024-12-31,-2.369783212252591,-2.369783212252591,-20.087797544770808,56.144278869823,au-dessus de la mediane regionale,above regional median,en amelioration,improving
ARM,FDI net inflows,0.506878336560983,2024-12-31,-78.87648504250737,-78.87648504250737,-0.22946751991431502,2.46510904267828,sous la mediane regionale,below regional median,en degradation,worsening
ARM,Fiscal balance,-4.508,2026-12-31,-20.63152261172063,-20.63152261172063,-2.492,-2.067,sous la mediane regionale,below regional median,en degradation,worsening
ARM,GDP growth,5.90000000046228,2024-12-31,-28.91566264156753,-28.91566264156753,-1.6999999980768994,2.59946721553708,au-dessus de la mediane regionale,above regional median,en degradation,worsening
ARM,GDP per capita,8556.21406956719,2024-12-31,4.867295197140154,4.867295197140154,3958.9851955717095,29603.7772588256,sous la mediane regionale,below regional median,en amelioration,improving
ARM,Gen gov debt,50.594,2026-12-31,3.326866128867554,3.326866128867554,-12.759999999999998,46.406,proche de la mediane regionale,near regional median,en amelioration,improving
ARM,Gini,27.4,2024-12-31,0.7352941176470562,0.7352941176470562,-2.6000000000000014,30.65,sous la mediane regionale,below regional median,en amelioration,improving
ARM,Gov debt,47.8813384886388,2024-12-31,-0.36407337351008906,-0.36407337351008906,-2.147082197731507,40.04160644426225,au-dessus de la mediane regionale,above regional median,en amelioration,improving
ARM,Inflation,0.269511978259125,2024-12-31,-86.39116223780148,-86.39116223780148,-1.1739346294478552,2.83581658224034,sous la mediane regionale,below regional median,en amelioration,improving
ARM,Interest rate,13.149294481602,2024-12-31,6.169080865564269,6.169080865564269,1.0073055284338004,6.65405833333333,au-dessus de la mediane regionale,above regional median,en amelioration,improving
ARM,Political stability,-0.7232972999999999,2024-12-31,-44.013100402772274,-44.013100402772274,-0.7916671999999999,0.3087034999999999,sous la mediane regionale,below regional median,en degradation,worsening
ARM,Regulatory quality,0.137992,2024-12-31,43.084224464465876,43.084224464465876,-0.1203787,0.6500427999999999,sous la mediane regionale,below regional median,en degradation,worsening
ARM,Reserves,2.06051540228787,2024-12-31,-21.262276588142957,-21.262276588142957,-2.0491818067538605,2.89106960627006,sous la mediane regionale,below regional median,en degradation,worsening
ARM,Rule of law,-0.1423943,2024-12-31,32.44776589557258,32.44776589557258,0.1055935999999999,0.6192042999999999,sous la mediane regionale,below regional median,en amelioration,improving
ARM,Tax revenue,22.3660356767883,2024-12-31,-0.10119648995774252,-0.10119648995774252,0.0808646867110987,20.82863605996785,proche de la mediane regionale,near regional median,en amelioration,improving
ARM,Unemployment,12.405,2024-12-31,0.0,0.0,-5.898999999999999,5.4,au-dessus de la mediane regionale,above regional median,en amelioration,improving
ARM,Women in workforce,51.586,2024-12-31,0.1339363705184609,0.1339363705184609,0.786999999999999,54.888,proche de la mediane regionale,near regional median,en amelioration,improving
ARM,Youth unemployment,26.659,2024-12-31,-0.28800119688809744,-0.28800119688809744,-5.954000000000001,14.316,au-dessus de la mediane regionale,above regional median,en amelioration,improving
ASM,CO2 per capita,0.19031326847001,2024-12-31,1.6165936063298298,1.6165936063298298,0.015045886128199015,2.96182966114834,sous la mediane regionale,below regional median,stable,stable
ASM,Control of corruption,1.1762344,2024-12-31,0.24902998987908448,0.24902998987908448,-0.6262911,0.38264925,au-dessus de la mediane regionale,above regional median,en degradation,worsening
ASM,Dependency ratio,53.9689856122214,2024-12-31,-0.046277337201974376,-0.046277337201974376,-3.1649298260785983,53.5253966955507,proche de la mediane regionale,near regional median,en amelioration,improving
ASM,GDP growth,1.73501577287065,2022-12-31,321.7350157728707,321.7350157728707,8.7225934126222,3.6482536159531502,sous la mediane regionale,below regional median,en amelioration,improving
ASM,GDP per capita,18017.4589383973,2022-12-31,18.254588832347892,18.254588832347892,6153.7749931408,7488.460293591284,au-dessus de la mediane regionale,above regional median,en amelioration,improving
ASM,Political stability,1.2530285,2024-12-31,0.3374641319741652,0.3374641319741652,0.005909300000000117,0.87674265,au-dessus de la mediane regionale,above regional median,stable,stable
ASM,Regulatory quality,0.3917487,2024-12-31,0.3443866638729876,0.3443866638729876,0.46266640000000003,-0.07101989999999994,au-dessus de la mediane regionale,above regional median,en amelioration,improving
ASM,Rule of law,1.0865813,2024-12-31,-8.719695673318075,-8.719695673318075,-0.2859020000000001,0.6409370999999999,au-dessus de la mediane regionale,above regional median,en degradation,worsening
ATG,Agriculture value added,1.61106058348278,2024-12-31,-27.268712579320308,-27.268712579320308,-0.03565146287228993,3.86944846371998,sous la mediane regionale,below regional median,stable,stable
ATG,CO2 per capita,4.5525316725675,2024-12-31,2.342579030910193,2.342579030910193,0.06608186739259914,4.11421182432227,au-dessus de la mediane regionale,above regional median,en amelioration,improving
ATG,Commodity dependence,0.0,2024-12-31,,,0.0,3.00864273328603,sous la mediane regionale,below regional median,stable,stable
ATG,Control of corruption,0.2843875999999999,2024-12-31,5.856967006101186,5.856967006101186,0.06502129999999992,-0.2654917,au-dessus de la mediane regionale,above regional median,en amelioration,improving
ATG,Current account,-7.45715824054234,2024-12-31,42.21639437394627,42.21639437394627,-0.9518738952476804,-1.66760721722233,sous la mediane regionale,below regional median,en degradation,worsening
ATG,Dependency ratio,42.0142359533545,2024-12-31,0.6168196512431308,0.6168196512431308,1.4066456920352977,48.981079443401555,sous la mediane regionale,below regional median,en degradation,worsening
ATG,Domestic credit,39.3590698805664,2024-12-31,6.03818225007577,6.03818225007577,-2.590061390872897,45.1288088227477,sous la mediane regionale,below regional median,en degradation,worsening
ATG,Electricity access,100.0,2024-12-31,0.0,0.0,0.0,99.8,proche de la mediane regionale,near regional median,stable,stable
ATG,FDI net inflows,11.3643950130087,2024-12-31,-20.337577438901704,-20.337577438901704,3.6080925422970695,3.01317166597907,au-dessus de la mediane regionale,above regional median,en amelioration,improving
ATG,Fiscal balance,-0.649,2026-12-31,-113.35665774850791,-113.35665774850791,3.8709999999999996,-0.749,au-dessus de la mediane regionale,above regional median,en amelioration,improving
ATG,GDP growth,2.54044193946544,2024-12-31,-34.27911298900728,-34.27911298900728,-0.6317799979282599,3.3669492581395,sous la mediane regionale,below regional median,en degradation,worsening
ATG,GDP per capita,23059.8330702839,2024-12-31,4.759031339795125,4.759031339795125,4163.4608870591,13969.7836603737,au-dessus de la mediane regionale,above regional median,en amelioration,improving
ATG,Gen gov debt,66.482,2026-12-31,-4.677104840559762,-4.677104840559762,-26.468999999999994,63.608,proche de la mediane regionale,near regional median,en amelioration,improving
ATG,Inflation,6.19886698842116,2024-12-31,22.334662856828928,22.334662856828928,4.76751100659132,3.42967284899735,au-dessus de la mediane regionale,above regional median,en degradation,worsening
ATG,Interest rate,6.525259,2024-12-31,-2.8188827107207675,-2.8188827107207675,-2.086070083333329,8.80431027070166,sous la mediane regionale,below regional median,en degradation,worsening
ATG,Political stability,1.0731489,2024-12-31,-0.5606470870906672,-0.5606470870906672,0.15624040000000006,0.3600136,au-dessus de la mediane regionale,above regional median,en amelioration,improving
ATG,Regulatory quality,0.6346031999999999,2024-12-31,2.044267950237497,2.044267950237497,0.05583499999999997,-0.0738011,au-dessus de la mediane regionale,above regional median,en amelioration,improving
ATG,Reserves,3.01914606288011,2024-12-31,-5.494781675105384,-5.494781675105384,0.41704635340657026,4.20470125653228,sous la mediane regionale,below regional median,en amelioration,improving
ATG,Rule of law,0.6017732,2024-12-31,-2.705263365525988,-2.705263365525988,0.01226270000000007,-0.2513801,au-dessus de la mediane regionale,above regional median,stable,stable
AUS,Agriculture value added,2.03565265249391,2024-12-31,-20.844033785081628,-20.844033785081628,-0.08859645948271,9.79503060602777,sous la mediane regionale,below regional median,en degradation,worsening
AUS,CO2 per capita,21.7492012844169,2024-12-31,-1.307390455659066,-1.307390455659066,-2.137049207297501,2.96182966114834,au-dessus de la mediane regionale,above regional median,en degradation,worsening
AUS,Commodity dependence,33.1901228403116,2024-12-31,-5.126209210985853,-5.126209210985853,0.742097687979701,1.446086854730515,au-dessus de la mediane regionale,above regional median,en degradation,worsening
AUS,Control of corruption,1.8520196,2024-12-31,2.5611950755862987,2.5611950755862987,0.06557830000000009,0.38264925,au-dessus de la mediane regionale,above regional median,en amelioration,improving
AUS,Current account,-2.3075014713626,2024-12-31,-432.82258330400714,-432.82258330400714,-2.231755462990485,2.19482817825998,sous la mediane regionale,below regional median,en degradation,worsening
AUS,Dependency ratio,55.2116881607728,2024-12-31,0.6905287970086574,0.6905287970086574,2.2919297291832024,53.5253966955507,proche de la mediane regionale,near regional median,en degradation,worsening
AUS,Domestic credit,129.317349651589,2024-12-31,1.8550641222092619,1.8550641222092619,-6.349364734977996,92.64512899225335,au-dessus de la mediane regionale,above regional median,en degradation,worsening
AUS,Electricity access,100.0,2024-12-31,0.0,0.0,0.0,100.0,proche de la mediane regionale,near regional median,stable,stable
AUS,FDI net inflows,3.05761029844929,2024-12-31,50.16647779029477,50.16647779029477,0.2868346941794,2.35252841903892,au-dessus de la mediane regionale,above regional median,en amelioration,improving
AUS,Fiscal balance,-1.341,2026-12-31,21.898660454280726,21.898660454280726,4.1659999999999995,-1.435,au-dessus de la mediane regionale,above regional median,en amelioration,improving
AUS,GDP growth,1.37340773365975,2024-12-31,-61.677557818935156,-61.677557818935156,-0.8206093025674197,3.6482536159531502,sous la mediane regionale,below regional median,en degradation,worsening
AUS,GDP per capita,64609.9865116088,2024-12-31,-0.689213013859651,-0.689213013859651,9415.228001865995,7488.460293591284,au-dessus de la mediane regionale,above regional median,en amelioration,improving
AUS,Gen gov debt,50.645,2026-12-31,-0.7641814441069726,-0.7641814441069726,-4.726999999999997,43.4465,au-dessus de la mediane regionale,above regional median,en amelioration,improving
AUS,Gini,33.8,2020-12-31,-1.457725947521866,-1.457725947521866,-0.6000000000000014,34.25,proche de la mediane regionale,near regional median,en amelioration,improving
AUS,Gov debt,57.8834285733848,2022-12-31,-17.116118733026756,-17.116118733026756,4.7796309156618975,50.3420177209934,au-dessus de la mediane regionale,above regional median,en degradation,worsening
AUS,Inflation,3.16656665428797,2024-12-31,-43.42403941044874,-43.42403941044874,1.55579572516097,2.18151273615189,au-dessus de la mediane regionale,above regional median,en degradation,worsening
AUS,Interest rate,5.101,2019-12-31,-3.0381751940439696,-3.0381751940439696,-0.8490000000000002,6.01747975323522,sous la mediane regionale,below regional median,en degradation,worsening
AUS,Political stability,0.7932693,2024-12-31,-14.281606571601621,-14.281606571601621,-0.05214479999999999,0.87674265,proche de la mediane regionale,near regional median,en degradation,worsening
AUS,Regulatory quality,1.7223205,2024-12-31,-5.007521596150266,-5.007521596150266,-0.12428360000000005,-0.07101989999999994,au-dessus de la mediane regionale,above regional median,en degradation,worsening
AUS,Reserves,1.35214316804638,2024-12-31,-5.23908166968972,-5.23908166968972,-0.4301441956683001,5.704288535730781,sous la mediane regionale,below regional median,en degradation,worsening
AUS,Rule of law,1.4704014,2024-12-31,-2.1808708834627577,-2.1808708834627577,-0.1638598,0.6409370999999999,au-dessus de la mediane regionale,above regional median,en degradation,worsening
AUS,Tax revenue,23.5614929509239,2022-12-31,2.423872076703509,2.423872076703509,1.5393055222889984,16.67863628412195,au-dessus de la mediane regionale,above regional median,en amelioration,improving
AUS,Unemployment,3.942,2024-12-31,7.4700109051254096,7.4700109051254096,-1.2009999999999996,2.988,au-dessus de la mediane regionale,above regional median,en amelioration,improving
AUS,Women in workforce,62.647,2024-12-31,0.11346203017130842,0.11346203017130842,1.6159999999999997,55.596,au-dessus de la mediane regionale,above regional median,en amelioration,improving
AUS,Youth unemployment,9.408,2024-12-31,12.160228898426318,12.160228898426318,-2.0440000000000005,9.408,proche de la mediane regionale,near regional median,en amelioration,improving
AUT,Agriculture value added,1.21663375792448,2024-12-31,-2.0235736093541017,-2.0235736093541017,0.17199962138948988,2.6262814922641997,sous la mediane regionale,below regional median,en amelioration,improving
AUT,CO2 per capita,7.73589444825671,2024-12-31,-1.3324163082350537,-1.3324163082350537,-1.6261493539397094,6.87868940323143,au-dessus de la mediane regionale,above regional median,en degradation,worsening
AUT,Commodity dependence,2.77111216210029,2024-12-31,-22.233248202661933,-22.233248202661933,0.5530220792624903,5.79530570621524,sous la mediane regionale,below regional median,en degradation,worsening
AUT,Control of corruption,1.2944468999999998,2024-12-31,-1.9423929401081077,-1.9423929401081077,-0.31326410000000005,0.5531621,au-dessus de la mediane regionale,above regional median,en degradation,worsening
AUT,Current account,1.53088550116276,2024-12-31,16.61459240822214,16.61459240822214,-0.85334495173532,-0.432631418354181,au-dessus de la mediane regionale,above regional median,en degradation,worsening
AUT,Dependency ratio,53.4552149204625,2024-12-31,1.6373156299602547,1.6373156299602547,3.3881150493896044,55.30208239407135,proche de la mediane regionale,near regional median,en degradation,worsening
AUT,Domestic credit,81.7652651021229,2024-12-31,-2.778998250493296,-2.778998250493296,-4.537529262502204,51.23226305443685,au-dessus de la mediane regionale,above regional median,en degradation,worsening
AUT,Electricity access,100.0,2024-12-31,0.0,0.0,0.0,100.0,proche de la mediane regionale,near regional median,stable,stable
AUT,FDI net inflows,2.55351579610657,2024-12-31,351.06164958927894,351.06164958927894,5.40607197172488,2.46510904267828,proche de la mediane regionale,near regional median,en amelioration,improving
AUT,Fiscal balance,-2.7,2026-12-31,15.387026010654958,15.387026010654958,2.9929999999999994,-2.067,sous la mediane regionale,below regional median,en amelioration,improving
AUT,GDP growth,-0.659089573171372,2024-12-31,16.17241832695235,16.17241832695235,-2.4140657696642522,2.59946721553708,sous la mediane regionale,below regional median,en degradation,worsening
AUT,GDP per capita,58268.8787651601,2024-12-31,2.985841983437864,2.985841983437864,8382.884029639703,29603.7772588256,au-dessus de la mediane regionale,above regional median,en amelioration,improving
AUT,Gen gov debt,82.05,2026-12-31,1.9343296932652556,1.9343296932652556,-0.34900000000000375,46.406,au-dessus de la mediane regionale,above regional median,en amelioration,improving
AUT,Gini,31.2,2023-12-31,0.9708737864077693,0.9708737864077693,0.3999999999999986,30.65,proche de la mediane regionale,near regional median,en degradation,worsening
AUT,Inflation,2.93791574279376,2024-12-31,-62.40254289384545,-62.40254289384545,1.40702010126732,2.83581658224034,proche de la mediane regionale,near regional median,en degradation,worsening
AUT,Political stability,0.4915979,2024-12-31,-29.93592872703329,-29.93592872703329,-0.29621289999999995,0.3087034999999999,au-dessus de la mediane regionale,above regional median,en degradation,worsening
AUT,Regulatory quality,1.3510615,2024-12-31,-4.322357650400038,-4.322357650400038,-0.20780830000000017,0.6500427999999999,au-dessus de la mediane regionale,above regional median,en degradation,worsening
AUT,Reserves,1.25562529994616,2024-12-31,13.047776310864057,13.047776310864057,0.18942589093210982,2.89106960627006,sous la mediane regionale,below regional median,en amelioration,improving
AUT,Rule of law,1.6777399,2024-12-31,1.2074631263898983,1.2074631263898983,-0.1320747,0.6192042999999999,au-dessus de la mediane regionale,above regional median,en degradation,worsening
AUT,Tax revenue,25.7804428492832,2024-12-31,0.5189106835831518,0.5189106835831518,-0.029219189099400467,20.82863605996785,au-dessus de la mediane regionale,above regional median,stable,stable
AUT,Unemployment,5.2,2024-12-31,-1.2158054711246211,-1.2158054711246211,0.6400000000000006,5.4,proche de la mediane regionale,near regional median,en degradation,worsening
AUT,Women in workforce,55.408,2024-12-31,-0.7238586683867204,-0.7238586683867204,-0.10600000000000165,54.888,proche de la mediane regionale,near regional median,en degradation,worsening
AUT,Youth unemployment,10.428,2024-12-31,-5.0273224043715805,-5.0273224043715805,1.6610000000000014,14.316,sous la mediane regionale,below regional median,en degradation,worsening
AZE,Agriculture value added,5.58264743029397,2024-12-31,1.3076367122383494,1.3076367122383494,-0.11273281933909995,2.6262814922641997,au-dessus de la mediane regionale,above regional median,en degradation,worsening
AZE,CO2 per capita,5.71212104876784,2024-12-31,-4.904204794571436,-4.904204794571436,0.13134285246193045,6.87868940323143,sous la mediane regionale,below regional median,en amelioration,improving
AZE,Commodity dependence,87.9785269977749,2024-12-31,-3.8484689302316037,-3.8484689302316037,-2.6758469942381,5.79530570621524,au-dessus de la mediane regionale,above regional median,en amelioration,improving
AZE,Control of corruption,-0.7750777999999999,2024-12-31,12.11863315219117,12.11863315219117,-0.019989099999999982,0.5531621,sous la mediane regionale,below regional median,stable,stable
AZE,Current account,6.27617767984307,2024-12-31,-45.425157047803275,-45.425157047803275,-2.4283785220325695,-0.432631418354181,au-dessus de la mediane regionale,above regional median,en degradation,worsening
AZE,Debt service,11.3863005417684,2024-12-31,94.20668123790212,94.20668123790212,3.2772020923676486,13.953203049199,sous la mediane regionale,below regional median,en degradation,worsening
AZE,Dependency ratio,43.6108909062656,2024-12-31,0.058700135295222354,0.058700135295222354,0.3968906199600042,55.30208239407135,sous la mediane regionale,below regional median,en degradation,worsening
AZE,Domestic credit,26.3556394312275,2024-12-31,13.956544284822876,13.956544284822876,3.3537704189412025,51.23226305443685,sous la mediane regionale,below regional median,en amelioration,improving
AZE,Electricity access,100.0,2024-12-31,0.0,0.0,0.0,100.0,proche de la mediane regionale,near regional median,stable,stable
AZE,External debt,17.0427856612147,2024-12-31,-21.154604307650537,-21.154604307650537,-18.4455038824186,56.144278869823,sous la mediane regionale,below regional median,en amelioration,improving
AZE,FDI net inflows,0.310746244591944,2024-12-31,-10.982315663781298,-10.982315663781298,-2.811084316532996,2.46510904267828,sous la mediane regionale,below regional median,en degradation,worsening
AZE,Fiscal balance,1.777,2026-12-31,-30.55881203595155,-30.55881203595155,-3.1019999999999994,-2.067,au-dessus de la mediane regionale,above regional median,en degradation,worsening
AZE,GDP growth,4.15806800428062,2024-12-31,206.98686625842154,206.98686625842154,1.6782592124249702,2.59946721553708,au-dessus de la mediane regionale,above regional median,en amelioration,improving
AZE,GDP per capita,7294.64276088105,2024-12-31,2.265719015502087,2.265719015502087,2488.8890432218795,29603.7772588256,sous la mediane regionale,below regional median,en amelioration,improving
AZE,Gen gov debt,20.043,2026-12-31,-0.43713675425960435,-0.43713675425960435,-6.306000000000001,46.406,sous la mediane regionale,below regional median,en amelioration,improving
AZE,Gini,26.6,2005-12-31,0.0,0.0,,30.65,sous la mediane regionale,below regional median,en degradation,worsening
AZE,Gov debt,6.38557579182856,2010-12-31,1.438653093820129,1.438653093820129,,40.04160644426225,sous la mediane regionale,below regional median,en degradation,worsening
AZE,Inflation,2.21217188919901,2024-12-31,-74.81999442623757,-74.81999442623757,-0.39839993879314006,2.83581658224034,sous la mediane regionale,below regional median,en amelioration,improving
AZE,Interest rate,14.6710589959745,2024-12-31,5.056769647576489,5.056769647576489,-2.6101561785516996,6.65405833333333,au-dessus de la mediane regionale,above regional median,en degradation,worsening
AZE,Political stability,-0.1404058,2024-12-31,64.93486870973388,64.93486870973388,0.1969059,0.3087034999999999,sous la mediane regionale,below regional median,en amelioration,improving
AZE,Regulatory quality,0.1348932,2024-12-31,212.07579035038,212.07579035038,0.2394083,0.6500427999999999,sous la mediane regionale,below regional median,en amelioration,improving
AZE,Reserves,4.6648967080829,2024-12-31,-14.653854293601038,-14.653854293601038,0.7267546593623195,2.89106960627006,au-dessus de la mediane regionale,above regional median,en amelioration,improving
AZE,Rule of law,-0.4853711,2024-12-31,5.9464963758953635,5.9464963758953635,0.1871793,0.6192042999999999,sous la mediane regionale,below regional median,en amelioration,improving
AZE,Tax revenue,17.3014403568645,2024-12-31,-2.72472010856777,-2.72472010856777,3.1114046775534003,20.82863605996785,sous la mediane regionale,below regional median,en amelioration,improving
AZE,Unemployment,5.648,2024-12-31,0.14184397163120582,0.14184397163120582,0.6479999999999997,5.4,proche de la mediane regionale,near regional median,en degradation,worsening
AZE,Women in workforce,61.35,2024-12-31,-0.6445552892401311,-0.6445552892401311,-1.091000000000001,54.888,au-dessus de la mediane regionale,above regional median,en degradation,worsening
AZE,Youth unemployment,13.544,2024-12-31,-0.2724394374493707,-0.2724394374493707,2.069000000000001,14.316,proche de la mediane regionale,near regional median,en degradation,worsening
BDI,Agriculture value added,35.051222340227,2024-12-31,2.9790383034233923,2.9790383034233923,0.8028677404092974,20.7932870939229,au-dessus de la mediane regionale,above regional median,en amelioration,improving
BDI,CO2 per capita,0.599503722508301,2024-12-31,0.24032922233806855,0.24032922233806855,0.048119411217285024,1.52210243022339,sous la mediane regionale,below regional median,stable,stable
BDI,Commodity dependence,1.88698422568729,2023-12-31,3826.1841011110064,3826.1841011110064,1.874886540476804,1.604781106301575,au-dessus de la mediane regionale,above regional median,en degradation,worsening
BDI,Control of corruption,-1.4624885,2024-12-31,-13.190929639577895,-13.190929639577895,0.008154999999999912,-0.7934948,sous la mediane regionale,below regional median,stable,stable
BDI,Current account,-15.6376698795971,2024-12-31,14.83091182296411,14.83091182296411,-1.9484885154650993,-4.05918464223764,sous la mediane regionale,below regional median,en degradation,worsening
BDI,Debt service,10.963319888325,2023-12-31,19.167547409459647,19.167547409459647,1.898986675103549,11.8141665228846,proche de la mediane regionale,near regional median,en degradation,worsening
BDI,Dependency ratio,89.5041466801602,2024-12-31,-2.5504676444107606,-2.5504676444107606,-9.4956206320621,76.3947216046137,au-dessus de la mediane regionale,above regional median,en amelioration,improving
BDI,Domestic credit,38.2575729210921,2024-12-31,2.8983334066817767,2.8983334066817767,19.6803467992658,15.8986695709198,au-dessus de la mediane regionale,above regional median,en amelioration,improving
BDI,Electricity access,20.1,2024-12-31,73.27586206896554,73.27586206896554,10.3,57.8,sous la mediane regionale,below regional median,en amelioration,improving
BDI,External debt,47.1269669797444,2024-12-31,20.72161135924951,20.72161135924951,22.795927064375004,43.99766261125275,proche de la mediane regionale,near regional median,en degradation,worsening
BDI,FDI net inflows,1.0970222856868,2024-12-31,10.335501642704655,10.335501642704655,0.042511310603349894,2.351663747275275,sous la mediane regionale,below regional median,stable,stable
BDI,Fiscal balance,-2.539,2026-12-31,-73.54750512645249,-73.54750512645249,2.06,-2.4305,au-dessus de la mediane regionale,above regional median,en amelioration,improving
BDI,GDP growth,4.11227376394912,2024-12-31,26.346103140701903,26.346103140701903,-0.34706825963871957,4.366019176358015,proche de la mediane regionale,near regional median,en degradation,worsening
BDI,GDP per capita,216.231928531758,2024-12-31,-13.436303155183161,-13.436303155183161,-18.078687375491995,1189.858061476885,sous la mediane regionale,below regional median,en degradation,worsening
BDI,Gen gov debt,36.996,2026-12-31,-10.173359879570723,-10.173359879570723,-26.601,53.801,sous la mediane regionale,below regional median,en amelioration,improving
BDI,Gini,37.5,2020-12-31,-2.8497409326424905,-2.8497409326424905,-1.1000000000000014,38.5,proche de la mediane regionale,near regional median,en amelioration,improving
BDI,Inflation,20.2124925027847,2024-12-31,-24.97631971311948,-24.97631971311948,20.899264673582056,4.214928221107796,au-dessus de la mediane regionale,above regional median,en degradation,worsening
BDI,Interest rate,11.8569489604984,2024-12-31,5.582804634892248,5.582804634892248,-2.6763843728348995,11.7409744802492,proche de la mediane regionale,near regional median,en degradation,worsening
BDI,Political stability,-1.3763566,2024-12-31,-7.191579292338816,-7.191579292338816,0.2929396999999998,-0.5953656,sous la mediane regionale,below regional median,en amelioration,improving
BDI,Regulatory quality,-0.8138576,2024-12-31,7.801995631723475,7.801995631723475,0.11232020000000009,-0.7386300499999999,sous la mediane regionale,below regional median,en amelioration,improving
BDI,Reserves,0.734240336787315,2023-12-31,-43.2860859726836,-43.2860859726836,-0.11872003680051291,3.5612582316005197,sous la mediane regionale,below regional median,en degradation,worsening
BDI,Rule of law,-1.3028277,2024-12-31,0.384461315654112,0.384461315654112,0.027258100000000063,-0.8753552499999999,sous la mediane regionale,below regional median,stable,stable
BDI,Tax revenue,12.6719556010603,2021-12-31,-3.4183258567919954,-3.4183258567919954,-1.3311959058732992,12.7396805065136,proche de la mediane regionale,near regional median,en degradation,worsening
BDI,Unemployment,0.915,2024-12-31,0.43907793633369957,0.43907793633369957,-0.1279999999999999,5.487,sous la mediane regionale,below regional median,en amelioration,improving
BDI,Women in workforce,79.728,2024-12-31,-0.31507876969243503,-0.31507876969243503,-1.1600000000000108,57.104,au-dessus de la mediane regionale,above regional median,en degradation,worsening
BDI,Youth unemployment,1.695,2024-12-31,-0.29411764705881727,-0.29411764705881727,-0.05899999999999994,8.814,sous la mediane regionale,below regional median,en amelioration,improving
BEL,Agriculture value added,0.792093358711035,2024-12-31,2.1763593554492195,2.1763593554492195,0.07330377517390707,2.6262814922641997,sous la mediane regionale,below regional median,en amelioration,improving
BEL,CO2 per capita,9.09246530579891,2024-12-31,-0.10962766673412133,-0.10962766673412133,-1.7346577286218903,6.87868940323143,au-dessus de la mediane regionale,above regional median,en degradation,worsening
BEL,Commodity dependence,11.6008457411399,2024-12-31,-11.909212019098414,-11.909212019098414,4.223474607583779,5.79530570621524,au-dessus de la mediane regionale,above regional median,en degradation,worsening
BEL,Control of corruption,1.4687812,2024-12-31,0.12032588601623372,0.12032588601623372,-0.02860449999999992,0.5531621,au-dessus de la mediane regionale,above regional median,stable,stable
BEL,Current account,-0.379006590173966,2024-12-31,-307.7342574198006,-307.7342574198006,-0.502105140072843,-0.432631418354181,au-dessus de la mediane regionale,above regional median,en degradation,worsening
BEL,Dependency ratio,57.6148666582755,2024-12-31,0.5112529794982298,0.5112529794982298,1.5585281709583043,55.30208239407135,proche de la mediane regionale,near regional median,en degradation,worsening
BEL,Domestic credit,68.1376441872691,2024-12-31,-1.729707403413779,-1.729707403413779,-1.2223594335848986,51.23226305443685,au-dessus de la mediane regionale,above regional median,en degradation,worsening
BEL,Electricity access,100.0,2024-12-31,0.0,0.0,0.0,100.0,proche de la mediane regionale,near regional median,stable,stable
BEL,FDI net inflows,-6.1637514992582,2024-12-31,-844.2978585400691,-844.2978585400691,-4.19122152106905,2.46510904267828,sous la mediane regionale,below regional median,en degradation,worsening
BEL,Fiscal balance,-3.296,2026-12-31,6.602436950977617,6.602436950977617,0.6580000000000004,-2.067,sous la mediane regionale,below regional median,en amelioration,improving
BEL,GDP growth,1.09775383828703,2024-12-31,-29.687747340561494,-29.687747340561494,-1.34513620652857,2.59946721553708,sous la mediane regionale,below regional median,en degradation,worsening
BEL,GDP per capita,56581.9375642531,2024-12-31,2.4206060580819826,2.4206060580819826,9865.314817456703,29603.7772588256,au-dessus de la mediane regionale,above regional median,en amelioration,improving
BEL,Gen gov debt,109.199,2026-12-31,2.695306254878542,2.695306254878542,0.6580000000000013,46.406,au-dessus de la mediane regionale,above regional median,en degradation,worsening
BEL,Gini,26.8,2023-12-31,1.5151515151515234,1.5151515151515234,-0.3999999999999986,30.65,sous la mediane regionale,below regional median,en amelioration,improving
BEL,Inflation,3.14349136500041,2024-12-31,-22.363966440276574,-22.363966440276574,1.70667179503603,2.83581658224034,au-dessus de la mediane regionale,above regional median,en degradation,worsening
BEL,Political stability,0.1214526,2024-12-31,-39.09482149071824,-39.09482149071824,-0.2559507,0.3087034999999999,sous la mediane regionale,below regional median,en degradation,worsening
BEL,Regulatory quality,1.2435483,2024-12-31,-3.7061285590566997,-3.7061285590566997,-0.0454699999999999,0.6500427999999999,au-dessus de la mediane regionale,above regional median,stable,stable
BEL,Reserves,0.791428506111311,2024-12-31,1.415178327825584,1.415178327825584,0.11038975509446602,2.89106960627006,sous la mediane regionale,below regional median,en amelioration,improving
BEL,Rule of law,1.282799,2024-12-31,0.8491603404628808,0.8491603404628808,-0.16653209999999996,0.6192042999999999,au-dessus de la mediane regionale,above regional median,en degradation,worsening
BEL,Tax revenue,22.9598994570701,2024-12-31,2.1182467425997373,2.1182467425997373,0.48876669499460235,20.82863605996785,au-dessus de la mediane regionale,above regional median,en amelioration,improving
BEL,Unemployment,5.7,2024-12-31,2.7582477014602573,2.7582477014602573,0.3360000000000003,5.4,proche de la mediane regionale,near regional median,en degradation,worsening
BEL,Women in workforce,49.97,2024-12-31,0.27290604807961566,0.27290604807961566,0.8729999999999976,54.888,proche de la mediane regionale,near regional median,en amelioration,improving
BEL,Youth unemployment,17.343,2024-12-31,7.5935231714126195,7.5935231714126195,3.1069999999999993,14.316,au-dessus de la mediane regionale,above regional median,en degradation,worsening
BEN,Agriculture value added,24.2317229519649,2024-12-31,-4.606923422698118,-4.606923422698118,-2.6440786738687976,20.7932870939229,au-dessus de la mediane regionale,above regional median,en degradation,worsening
BEN,CO2 per capita,1.22847535498845,2024-12-31,-0.10857788506268565,-0.10857788506268565,-0.11814442358040012,1.52210243022339,sous la mediane regionale,below regional median,en degradation,worsening
BEN,Commodity dependence,5.14745189857092e-06,2024-12-31,-99.67568594580476,-99.67568594580476,-0.024277363868924828,1.604781106301575,sous la mediane regionale,below regional median,stable,stable
BEN,Control of corruption,-0.2407154,2024-12-31,-129.76239678295954,-129.76239678295954,-0.0008187000000000055,-0.7934948,au-dessus de la mediane regionale,above regional median,stable,stable
BEN,Current account,-8.17628006592928,2023-12-31,-43.76824189272079,-43.76824189272079,-3.62708472104538,-4.05918464223764,sous la mediane regionale,below regional median,en degradation,worsening
BEN,Debt service,26.8148132358465,2024-12-31,48.118308484513584,48.118308484513584,19.91154381816925,11.8141665228846,au-dessus de la mediane regionale,above regional median,en degradation,worsening
BEN,Dependency ratio,80.7358613009806,2024-12-31,-1.0199126878106164,-1.0199126878106164,-4.1420758009602,76.3947216046137,proche de la mediane regionale,near regional median,en amelioration,improving
BEN,Domestic credit,18.9801611697157,2024-12-31,1.998194464371894,1.998194464371894,1.3694586331963983,15.8986695709198,au-dessus de la mediane regionale,above regional median,en amelioration,improving
BEN,Electricity access,59.0,2024-12-31,3.508771929824561,3.508771929824561,19.0,57.8,proche de la mediane regionale,near regional median,en amelioration,improving
BEN,External debt,66.5543408193995,2024-12-31,3.3285993404894776,3.3285993404894776,18.1020299987901,43.99766261125275,au-dessus de la mediane regionale,above regional median,en degradation,worsening
BEN,FDI net inflows,2.5276563137227,2024-12-31,12.26140281353991,12.26140281353991,1.0114485048330801,2.351663747275275,proche de la mediane regionale,near regional median,en amelioration,improving
BEN,Fiscal balance,-1.129,2026-12-31,-9.61165048543689,-9.61165048543689,1.4,-2.4305,au-dessus de la mediane regionale,above regional median,en amelioration,improving
BEN,GDP growth,7.45311566226201,2024-12-31,17.320586100481975,17.320586100481975,0.5874290337786601,4.366019176358015,au-dessus de la mediane regionale,above regional median,en amelioration,improving
BEN,GDP per capita,1485.38018885134,2024-12-31,6.54165763822734,6.54165763822734,354.5588354533902,1189.858061476885,au-dessus de la mediane regionale,above regional median,en amelioration,improving
BEN,Gen gov debt,57.23,2026-12-31,-0.07333426456209245,-0.07333426456209245,1.6629999999999967,53.801,proche de la mediane regionale,near regional median,en degradation,worsening
BEN,Gini,34.4,2021-12-31,-9.234828496042216,-9.234828496042216,-13.200000000000003,38.5,sous la mediane regionale,below regional median,en amelioration,improving
BEN,Inflation,1.16093089640415,2024-12-31,-57.610159417166976,-57.610159417166976,0.42808152516308406,4.214928221107796,sous la mediane regionale,below regional median,en degradation,worsening
BEN,Interest rate,6.25,2021-12-31,-4.397705544933073,-4.397705544933073,0.9550000000000001,11.7409744802492,sous la mediane regionale,below regional median,en amelioration,improving
BEN,Political stability,-0.4030099,2024-12-31,-30.160772057268044,-30.160772057268044,-0.20503310000000008,-0.5953656,au-dessus de la mediane regionale,above regional median,en degradation,worsening
BEN,Regulatory quality,-0.2772623999999999,2024-12-31,-17.49990041030949,-17.49990041030949,0.21247830000000006,-0.7386300499999999,au-dessus de la mediane regionale,above regional median,en amelioration,improving
BEN,Rule of law,-0.4124793,2024-12-31,-5.515717642652919,-5.515717642652919,-0.01713550000000008,-0.8753552499999999,au-dessus de la mediane regionale,above regional median,stable,stable
BEN,Unemployment,1.637,2024-12-31,-0.24375380865326043,-0.24375380865326043,0.42300000000000004,5.487,sous la mediane regionale,below regional median,en degradation,worsening
BEN,Women in workforce,74.985,2024-12-31,0.24464586508381156,0.24464586508381156,0.6599999999999966,57.104,au-dessus de la mediane regionale,above regional median,en amelioration,improving
BEN,Youth unemployment,3.089,2024-12-31,-0.032362459546922004,-0.032362459546922004,0.7869999999999999,8.814,sous la mediane regionale,below regional median,en degradation,worsening
BFA,Agriculture value added,20.9246381216982,2024-12-31,10.066849236103993,10.066849236103993,2.7041135692561014,20.7932870939229,proche de la mediane regionale,near regional median,en amelioration,improving
BFA,CO2 per capita,1.4827816352787,2024-12-31,-1.3005923582520131,-1.3005923582520131,-0.12845666924560994,1.52210243022339,proche de la mediane regionale,near regional median,en degradation,worsening
BFA,Commodity dependence,0.0208396744836875,2024-12-31,29.546852399103024,29.546852399103024,-0.5913132018887225,1.604781106301575,sous la mediane regionale,below regional median,en amelioration,improving
BFA,Control of corruption,-0.2525569,2024-12-31,-1.848999826189975,-1.848999826189975,-0.05168179999999997,-0.7934948,au-dessus de la mediane regionale,above regional median,en degradation,worsening
BFA,Current account,-3.96877055984497,2024-12-31,21.55214962053058,21.55214962053058,-0.7014885810163403,-4.05918464223764,au-dessus de la mediane regionale,above regional median,en degradation,worsening
BFA,Debt service,13.6006276960344,2024-12-31,16.566836637886457,16.566836637886457,-35.8783693722349,11.8141665228846,au-dessus de la mediane regionale,above regional median,en amelioration,improving
BFA,Dependency ratio,80.0303169928442,2024-12-31,-2.271929470565693,-2.271929470565693,-8.8697462413339,76.3947216046137,proche de la mediane regionale,near regional median,en amelioration,improving
BFA,Domestic credit,27.143359333582,2024-12-31,-14.96612113809928,-14.96612113809928,-1.2044985541137976,15.8986695709198,au-dessus de la mediane regionale,above regional median,en degradation,worsening
BFA,Electricity access,34.0,2024-12-31,56.682027649769594,56.682027649769594,16.4,57.8,sous la mediane regionale,below regional median,en amelioration,improving
BFA,External debt,48.7617444251463,2024-12-31,-9.322009847665406,-9.322009847665406,-11.010025013409503,43.99766261125275,au-dessus de la mediane regionale,above regional median,en amelioration,improving
BFA,FDI net inflows,-0.874048616893636,2024-12-31,-260.580010874262,-260.580010874262,-1.8905273542615362,2.351663747275275,sous la mediane regionale,below regional median,en degradation,worsening
BFA,Fiscal balance,-3.5,2026-12-31,-161.38909634055264,-161.38909634055264,3.95,-2.4305,sous la mediane regionale,below regional median,en amelioration,improving
BFA,GDP growth,4.83395810163883,2024-12-31,61.117212856094326,61.117212856094326,-1.05524686904252,4.366019176358015,au-dessus de la mediane regionale,above regional median,en degradation,worsening
BFA,GDP per capita,982.493100418428,2024-12-31,12.516637810569833,12.516637810569833,217.64002264348198,1189.858061476885,sous la mediane regionale,below regional median,en amelioration,improving
BFA,Gen gov debt,48.847,2026-12-31,-6.11221096738232,-6.11221096738232,-6.631999999999998,53.801,proche de la mediane regionale,near regional median,en amelioration,improving
BFA,Gini,37.4,2021-12-31,-13.02325581395349,-13.02325581395349,2.1000000000000014,38.5,proche de la mediane regionale,near regional median,en degradation,worsening
BFA,Gov debt,64.1848911988902,2024-12-31,3.603852832592188,3.603852832592188,17.1225278271353,45.07729323099015,au-dessus de la mediane regionale,above regional median,en degradation,worsening
BFA,Inflation,4.19081721344523,2024-12-31,464.1080070653969,464.1080070653969,7.4242065532784505,4.214928221107796,proche de la mediane regionale,near regional median,en degradation,worsening
BFA,Interest rate,6.25,2021-12-31,-4.397705544933073,-4.397705544933073,0.9550000000000001,11.7409744802492,sous la mediane regionale,below regional median,en amelioration,improving
BFA,Political stability,-1.9063314,2024-12-31,6.658393709614795,6.658393709614795,-0.7106248000000002,-0.5953656,sous la mediane regionale,below regional median,en degradation,worsening
BFA,Regulatory quality,-0.5255615,2024-12-31,-8.972950086483921,-8.972950086483921,-0.05803530000000001,-0.7386300499999999,au-dessus de la mediane regionale,above regional median,en degradation,worsening
BFA,Rule of law,-0.8838585999999999,2024-12-31,-23.70158683862071,-23.70158683862071,-0.47533600000000004,-0.8753552499999999,au-dessus de la mediane regionale,above regional median,en degradation,worsening
BFA,Tax revenue,18.6826372667856,2024-12-31,0.6741432014316197,0.6741432014316197,3.0420294033941015,12.7396805065136,au-dessus de la mediane regionale,above regional median,en amelioration,improving
BFA,Unemployment,3.441,2024-12-31,-4.443210219383509,-4.443210219383509,-1.0520000000000005,5.487,sous la mediane regionale,below regional median,en amelioration,improving
BFA,Women in workforce,64.113,2024-12-31,-0.9409474367293884,-0.9409474367293884,-8.354,57.104,au-dessus de la mediane regionale,above regional median,en degradation,worsening
BFA,Youth unemployment,6.525,2024-12-31,-0.6698127568884091,-0.6698127568884091,-0.907,8.814,sous la mediane regionale,below regional median,en amelioration,improving
BGD,Agriculture value added,11.1648014276903,2024-12-31,1.4641579908522993,1.4641579908522993,-0.8105217082080998,12.6569295141747,sous la mediane regionale,below regional median,en degradation,worsening
BGD,CO2 per capita,1.27231903801449,2024-12-31,1.0781521921926753,1.0781521921926753,0.024725874453239927,2.35425835082848,sous la mediane regionale,below regional median,stable,stable
BGD,Commodity dependence,1.09687826106508,2018-12-31,60.65860491763158,60.65860491763158,-0.03861661562865004,0.59937914960686,au-dessus de la mediane regionale,above regional median,stable,stable
BGD,Control of corruption,-1.1021569,2024-12-31,8.055540562715086,8.055540562715086,-0.001511800000000063,-0.36036234999999994,sous la mediane regionale,below regional median,stable,stable
BGD,Current account,-0.669466607987832,2024-12-31,59.32836426659167,59.32836426659167,0.17001839738330404,-0.7603781635361471,au-dessus de la mediane regionale,above regional median,en amelioration,improving
BGD,Debt service,15.7658301164336,2024-12-31,25.185447215964306,25.185447215964306,2.6212775257698,14.0787539605461,au-dessus de la mediane regionale,above regional median,en degradation,worsening
BGD,Dependency ratio,52.6423780619832,2024-12-31,-0.8540055545033589,-0.8540055545033589,-1.5328098724158963,49.19395879080635,proche de la mediane regionale,near regional median,en amelioration,improving
BGD,Domestic credit,35.8111715787963,2024-12-31,-4.862225146210776,-4.862225146210776,-3.2232993562103047,44.3082311889876,sous la mediane regionale,below regional median,en degradation,worsening
BGD,Electricity access,99.5,2024-12-31,0.0,0.0,7.299999999999997,99.95,proche de la mediane regionale,near regional median,en amelioration,improving
BGD,External debt,22.2547977203389,2024-12-31,-0.13771637364869635,-0.13771637364869635,5.1691465393952996,41.08227176547265,sous la mediane regionale,below regional median,en degradation,worsening
BGD,FDI net inflows,0.283870773350074,2024-12-31,-15.44456674073342,-15.44456674073342,-0.25937336823498897,0.5027596284384255,sous la mediane regionale,below regional median,en degradation,worsening
BGD,Fiscal balance,-4.3,2026-12-31,-540.8345752608046,-540.8345752608046,-0.7449999999999997,-4.8629999999999995,au-dessus de la mediane regionale,above regional median,en degradation,worsening
BGD,GDP growth,4.22325911250161,2024-12-31,-26.871395015922104,-26.871395015922104,-3.65865603867561,4.6078376282413505,proche de la mediane regionale,near regional median,en degradation,worsening
BGD,GDP per capita,2593.41611680774,2024-12-31,1.6620181780222298,1.6620181780222298,463.61714726167975,3410.73357042214,sous la mediane regionale,below regional median,en amelioration,improving
BGD,Gen gov debt,41.797,2026-12-31,-0.5614636119239745,-0.5614636119239745,6.183,92.101,sous la mediane regionale,below regional median,en degradation,worsening
BGD,Gini,30.9,2022-12-31,-4.62962962962963,-4.62962962962963,-1.5,29.65,proche de la mediane regionale,near regional median,en amelioration,improving
BGD,Gov debt,31.2044521104432,2003-12-31,-2.0698580953924255,-2.0698580953924255,,51.9103096380514,sous la mediane regionale,below regional median,en degradation,worsening
BGD,Inflation,10.4657482763412,2024-12-31,5.891081697680846,5.891081697680846,4.87375187703491,3.72320611944934,au-dessus de la mediane regionale,above regional median,en degradation,worsening
BGD,Interest rate,9.8525,2024-12-31,30.15191545574635,30.15191545574635,0.29666666666666863,10.54,proche de la mediane regionale,near regional median,en amelioration,improving
BGD,Political stability,-1.4629508999999998,2024-12-31,-41.21904213980573,-41.21904213980573,-0.4661958999999999,-0.3824578999999999,sous la mediane regionale,below regional median,en degradation,worsening
BGD,Regulatory quality,-0.9500708,2024-12-31,-5.456664925096386,-5.456664925096386,-0.06053390000000003,-0.26728214999999994,sous la mediane regionale,below regional median,en degradation,worsening
BGD,Reserves,3.07374348965567,2024-12-31,-8.405377829997352,-8.405377829997352,-2.7855910149448,4.844242751776751,sous la mediane regionale,below regional median,en degradation,worsening
BGD,Rule of law,-0.9600594,2024-12-31,-6.433719841210718,-6.433719841210718,-0.018112200000000023,-0.1484874,sous la mediane regionale,below regional median,stable,stable
BGD,Tax revenue,7.64236301017901,2021-12-31,9.152651618501082,9.152651618501082,0.32545116262143026,11.081777030623034,sous la mediane regionale,below regional median,en amelioration,improving
BGD,Unemployment,3.635,2024-12-31,8.442720763723148,8.442720763723148,-0.8689999999999998,4.2059999999999995,sous la mediane regionale,below regional median,en amelioration,improving
BGD,Women in workforce,38.708,2024-12-31,-7.560777570807669,-7.560777570807669,-0.6219999999999999,35.561499999999995,proche de la mediane regionale,near regional median,en degradation,worsening
BGD,Youth unemployment,9.097,2024-12-31,15.079063883617955,15.079063883617955,-2.6450000000000014,16.84,sous la mediane regionale,below regional median,en amelioration,improving
BGR,Agriculture value added,2.35105689831119,2024-12-31,-6.794608448229996,-6.794608448229996,-0.8509996551439598,2.6262814922641997,sous la mediane regionale,below regional median,en degradation,worsening
BGR,CO2 per capita,7.24632033832286,2024-12-31,-5.941041206831445,-5.941041206831445,-1.4881504558433196,6.87868940323143,proche de la mediane regionale,near regional median,en degradation,worsening
BGR,Commodity dependence,7.7644781218312,2024-12-31,-1.6039827093787058,-1.6039827093787058,-1.7638706804898199,5.79530570621524,au-dessus de la mediane regionale,above regional median,en amelioration,improving
BGR,Control of corruption,-0.2400179999999999,2024-12-31,-59.87397546784603,-59.87397546784603,-0.1147257999999999,0.5531621,sous la mediane regionale,below regional median,en degradation,worsening
BGR,Current account,-0.516395583295193,2024-12-31,55.24942735947366,55.24942735947366,-2.1742404497355032,-0.432631418354181,sous la mediane regionale,below regional median,en degradation,worsening
BGR,Debt service,11.0918142755745,2024-12-31,3.2739424518276423,3.2739424518276423,-1.6069865687411014,13.953203049199,sous la mediane regionale,below regional median,en amelioration,improving
BGR,Dependency ratio,57.4922255368163,2024-12-31,0.5809648580447089,0.5809648580447089,1.5675494409152009,55.30208239407135,proche de la mediane regionale,near regional median,en degradation,worsening
BGR,Domestic credit,47.0679032225989,2024-12-31,3.8454838928326156,3.8454838928326156,-2.7645806264214983,51.23226305443685,proche de la mediane regionale,near regional median,en degradation,worsening
BGR,Electricity access,100.0,2024-12-31,0.0,0.0,0.7999999999999972,100.0,proche de la mediane regionale,near regional median,en amelioration,improving
BGR,External debt,55.1420198890214,2022-12-31,-0.5718821024670178,-0.5718821024670178,-15.875206726539105,56.144278869823,proche de la mediane regionale,near regional median,en amelioration,improving
BGR,FDI net inflows,2.69152439380972,2024-12-31,-46.79335761260674,-46.79335761260674,-0.5506445513312297,2.46510904267828,proche de la mediane regionale,near regional median,en degradation,worsening
BGR,Fiscal balance,-2.613,2026-12-31,13.160518444666,13.160518444666,0.133,-2.067,sous la mediane regionale,below regional median,en amelioration,improving
BGR,GDP growth,3.38708962009333,2024-12-31,101.43133805808917,101.43133805808917,-0.40623002579862977,2.59946721553708,au-dessus de la mediane regionale,above regional median,en degradation,worsening
BGR,GDP per capita,17596.9167621233,2024-12-31,10.99341082493767,10.99341082493767,7242.666720714498,29603.7772588256,sous la mediane regionale,below regional median,en amelioration,improving
BGR,Gen gov debt,28.213,2026-12-31,4.1454411221853125,4.1454411221853125,4.3629999999999995,46.406,sous la mediane regionale,below regional median,en degradation,worsening
BGR,Gini,39.5,2023-12-31,3.403141361256537,3.403141361256537,-1.7999999999999972,30.65,au-dessus de la mediane regionale,above regional median,en amelioration,improving
BGR,Inflation,2.44651943006079,2024-12-31,-74.09127903142235,-74.09127903142235,-0.65721001790692,2.83581658224034,sous la mediane regionale,below regional median,en amelioration,improving
BGR,Interest rate,4.53578333333333,2024-12-31,2.391737838142896,2.391737838142896,-0.013424999999999798,6.65405833333333,sous la mediane regionale,below regional median,stable,stable
BGR,Political stability,0.0399268,2024-12-31,-87.3034064450314,-87.3034064450314,-0.5388898999999999,0.3087034999999999,sous la mediane regionale,below regional median,en degradation,worsening
BGR,Regulatory quality,0.2880341999999999,2024-12-31,-18.121858867941715,-18.121858867941715,-0.1700221,0.6500427999999999,sous la mediane regionale,below regional median,en degradation,worsening
BGR,Reserves,7.54545741320184,2024-12-31,-5.352882759165594,-5.352882759165594,0.31385371167832954,2.89106960627006,au-dessus de la mediane regionale,above regional median,en amelioration,improving
BGR,Rule of law,-0.0333423,2024-12-31,-25.377158414054513,-25.377158414054513,0.10724020000000001,0.6192042999999999,sous la mediane regionale,below regional median,en amelioration,improving
BGR,Tax revenue,20.6721408609361,2024-12-31,0.765547408325765,0.765547408325765,0.07703750707440093,20.82863605996785,proche de la mediane regionale,near regional median,en amelioration,improving
BGR,Unemployment,4.2,2024-12-31,-2.7552674230145815,-2.7552674230145815,0.05200000000000049,5.4,sous la mediane regionale,below regional median,en degradation,worsening
BGR,Women in workforce,50.487,2024-12-31,-1.062141135432796,-1.062141135432796,0.10200000000000387,54.888,proche de la mediane regionale,near regional median,en amelioration,improving
BGR,Youth unemployment,12.493,2024-12-31,3.6849531081417615,3.6849531081417615,3.716000000000001,14.316,sous la mediane regionale,below regional median,en degradation,worsening
BHR,Agriculture value added,0.244977877737017,2024-12-31,-2.590503110781813,-2.590503110781813,-0.023696504167244004,3.39457505861722,sous la mediane regionale,below regional median,stable,stable
BHR,CO2 per capita,40.5510269596581,2024-12-31,-1.465031961980498,-1.465031961980498,-1.9338559995346003,4.671020451612931,au-dessus de la mediane regionale,above regional median,en degradation,worsening
BHR,Commodity dependence,0.0003718942514159,2024-12-31,-99.85296595588805,-99.85296595588805,-42.127842589568886,10.0847170807725,sous la mediane regionale,below regional median,en amelioration,improving
BHR,Control of corruption,0.2540661999999999,2024-12-31,6.73202790105243,6.73202790105243,0.33761069999999993,-0.5708422,au-dessus de la mediane regionale,above regional median,en amelioration,improving
BHR,Current account,4.83346638041053,2024-12-31,-17.291580492393713,-17.291580492393713,6.79756422365094,0.124893414067427,au-dessus de la mediane regionale,above regional median,en amelioration,improving
BHR,Dependency ratio,29.1492189691124,2024-12-31,-0.3405546645714302,-0.3405546645714302,-0.8981544570687987,51.2977156907185,sous la mediane regionale,below regional median,en amelioration,improving
BHR,Domestic credit,70.5500803025,2015-12-31,15.024554620489242,15.024554620489242,5.612412565957413,58.6252720787942,au-dessus de la mediane regionale,above regional median,en amelioration,improving
BHR,Electricity access,100.0,2024-12-31,0.0,0.0,0.0,100.0,proche de la mediane regionale,near regional median,stable,stable
BHR,FDI net inflows,5.72467195311559,2024-12-31,-63.4039667869343,-63.4039667869343,3.39629215301038,1.47747574805229,au-dessus de la mediane regionale,above regional median,en amelioration,improving
BHR,Fiscal balance,-10.627,2026-12-31,-75.07413509060956,-75.07413509060956,-4.614000000000001,-2.4939999999999998,sous la mediane regionale,below regional median,en degradation,worsening
BHR,GDP growth,2.89710543153512,2024-12-31,-25.296063329903035,-25.296063329903035,0.8442276873485701,2.3991692678251,au-dessus de la mediane regionale,above regional median,en amelioration,improving
BHR,GDP per capita,29717.1424605273,2024-12-31,1.4578769777735552,1.4578769777735552,2457.398600594599,5190.16959024821,au-dessus de la mediane regionale,above regional median,en amelioration,improving
BHR,Gen gov debt,152.36,2026-12-31,3.215841423180895,3.215841423180895,30.060000000000016,53.242000000000004,au-dessus de la mediane regionale,above regional median,en degradation,worsening
BHR,Gov debt,111.598089477141,2020-12-31,22.152277585170634,22.152277585170634,50.8396806114833,53.1293715924658,au-dessus de la mediane regionale,above regional median,en degradation,worsening
BHR,Inflation,0.919635459817651,2024-12-31,1132.4136978705617,1132.4136978705617,-0.08618458720371902,2.6116961151764,sous la mediane regionale,below regional median,en amelioration,improving
BHR,Interest rate,5.16083333333333,2015-12-31,-12.05623402442488,-12.05623402442488,-2.0866666666666696,8.0,sous la mediane regionale,below regional median,en degradation,worsening
BHR,Political stability,-0.2758672,2024-12-31,44.908492090562916,44.908492090562916,0.3274948,-0.9248175,au-dessus de la mediane regionale,above regional median,en amelioration,improving
BHR,Regulatory quality,0.9502434,2024-12-31,4.467180696771527,4.467180696771527,0.42999219999999994,-0.4676244,au-dessus de la mediane regionale,above regional median,en amelioration,improving
BHR,Reserves,1.41650733987614,2024-12-31,-7.902831700152513,-7.902831700152513,-0.1293411501497599,5.978693032108115,sous la mediane regionale,below regional median,en degradation,worsening
BHR,Rule of law,0.1679372999999999,2024-12-31,33.366449150543474,33.366449150543474,0.1605546999999999,-0.6967772,au-dessus de la mediane regionale,above regional median,en amelioration,improving
BHR,Tax revenue,2.82317547849899,2020-12-31,-1.9113840760068908,-1.9113840760068908,1.8331323343044852,11.1389424540703,sous la mediane regionale,below regional median,en amelioration,improving
BHR,Unemployment,1.084,2024-12-31,3.336510962821749,3.336510962821749,-0.133,9.103,sous la mediane regionale,below regional median,en amelioration,improving
BHR,Women in workforce,42.406,2024-12-31,0.0566278136944951,0.0566278136944951,-0.10999999999999943,22.234,au-dessus de la mediane regionale,above regional median,en degradation,worsening
BHR,Youth unemployment,5.469,2024-12-31,1.6353837576658627,1.6353837576658627,-0.18799999999999972,21.307,sous la mediane regionale,below regional median,en amelioration,improving
BHS,Agriculture value added,0.514754181193472,2024-12-31,13.27039664639572,13.27039664639572,-0.02000517709529792,3.86944846371998,sous la mediane regionale,below regional median,stable,stable
BHS,CO2 per capita,4.59501150061179,2024-12-31,2.589648080284751,2.589648080284751,0.018081114851349334,4.11421182432227,au-dessus de la mediane regionale,above regional median,stable,stable
BHS,Commodity dependence,0.0,2024-12-31,,,-14.7790875758671,3.00864273328603,sous la mediane regionale,below regional median,en amelioration,improving
BHS,Control of corruption,1.2320893,2024-12-31,0.9934759008670028,0.9934759008670028,0.019538999999999973,-0.2654917,au-dessus de la mediane regionale,above regional median,stable,stable
BHS,Current account,-6.64860795366672,2024-12-31,5.029282152220677,5.029282152220677,-4.04650716778136,-1.66760721722233,sous la mediane regionale,below regional median,en degradation,worsening
BHS,Dependency ratio,42.2242936331287,2024-12-31,-0.6559343113117878,-0.6559343113117878,-2.0219382572854983,48.981079443401555,sous la mediane regionale,below regional median,en amelioration,improving
BHS,Domestic credit,51.9421929315119,2016-12-31,-3.9594353431530664,-3.9594353431530664,-14.071738918603998,45.1288088227477,au-dessus de la mediane regionale,above regional median,en degradation,worsening
BHS,Electricity access,100.0,2024-12-31,0.0,0.0,0.0,99.8,proche de la mediane regionale,near regional median,stable,stable
BHS,FDI net inflows,1.51932088638775,2024-12-31,-28.046082851162897,-28.046082851162897,-2.11274438732619,3.01317166597907,sous la mediane regionale,below regional median,en degradation,worsening
BHS,Fiscal balance,-0.313,2026-12-31,-108.53093485963478,-108.53093485963478,7.822,-0.749,au-dessus de la mediane regionale,above regional median,en amelioration,improving
BHS,GDP growth,3.37866553336166,2024-12-31,10.839813535253356,10.839813535253356,4.2172514045548635,3.3669492581395,proche de la mediane regionale,near regional median,en amelioration,improving
BHS,GDP per capita,39455.4466548546,2024-12-31,3.200667996929635,3.200667996929635,5815.1096687268,13969.7836603737,au-dessus de la mediane regionale,above regional median,en amelioration,improving
BHS,Gen gov debt,71.887,2026-12-31,-2.5961004295218313,-2.5961004295218313,-18.775000000000006,63.608,au-dessus de la mediane regionale,above regional median,en amelioration,improving
BHS,Gov debt,71.4578214596313,2024-12-31,-3.0821774943748035,-3.0821774943748035,14.765360813401003,59.3486130705839,au-dessus de la mediane regionale,above regional median,en degradation,worsening
BHS,Inflation,0.409162489083286,2024-12-31,-86.5976490257585,-86.5976490257585,-2.082072784597174,3.42967284899735,sous la mediane regionale,below regional median,en amelioration,improving
BHS,Interest rate,4.25,2024-12-31,0.0,0.0,0.0,8.80431027070166,sous la mediane regionale,below regional median,stable,stable
BHS,Political stability,1.0493095,2024-12-31,-0.4422608292374135,-0.4422608292374135,0.3565539999999999,0.3600136,au-dessus de la mediane regionale,above regional median,en amelioration,improving
BHS,Regulatory quality,-0.1072578999999999,2024-12-31,-13.840378357380482,-13.840378357380482,-0.10327750000000001,-0.0738011,sous la mediane regionale,below regional median,en degradation,worsening
BHS,Reserves,3.95320627474854,2024-12-31,-5.274726488046412,-5.274726488046412,0.10120127799619993,4.20470125653228,proche de la mediane regionale,near regional median,en amelioration,improving
BHS,Rule of law,0.2509955,2024-12-31,-9.202771571782469,-9.202771571782469,-0.1259695,-0.2513801,au-dessus de la mediane regionale,above regional median,en degradation,worsening
BHS,Tax revenue,17.2812199989894,2024-12-31,6.6873335678400165,6.6873335678400165,0.7210181461611995,15.9189020036855,proche de la mediane regionale,near regional median,en amelioration,improving
BHS,Unemployment,9.049,2024-12-31,4.6732215153267775,4.6732215153267775,-0.2870000000000008,6.448,au-dessus de la mediane regionale,above regional median,en amelioration,improving
BHS,Women in workforce,70.973,2024-12-31,-0.05773509448840626,-0.05773509448840626,-0.27899999999999636,52.394,au-dessus de la mediane regionale,above regional median,en degradation,worsening
BHS,Youth unemployment,18.291,2024-12-31,3.3623417721518924,3.3623417721518924,-0.9439999999999991,15.674,au-dessus de la mediane regionale,above regional median,en amelioration,improving
BIH,Agriculture value added,4.4959659036757,2024-12-31,-3.379516220307542,-3.379516220307542,-0.9540756577330605,2.6262814922641997,au-dessus de la mediane regionale,above regional median,en degradation,worsening
BIH,CO2 per capita,8.73087581808408,2024-12-31,-1.3862818551724345,-1.3862818551724345,-0.40160023281723056,6.87868940323143,au-dessus de la mediane regionale,above regional median,en degradation,worsening
BIH,Commodity dependence,6.49177086548884,2024-12-31,-31.766122008097003,-31.766122008097003,-1.5998757491671896,5.79530570621524,au-dessus de la mediane regionale,above regional median,en amelioration,improving
BIH,Control of corruption,-0.5128682,2024-12-31,14.295750299582416,14.295750299582416,0.12588500000000002,0.5531621,sous la mediane regionale,below regional median,en amelioration,improving
BIH,Current account,-3.45602923849097,2024-12-31,-61.86176616699406,-61.86176616699406,-0.8591104464358201,-0.432631418354181,sous la mediane regionale,below regional median,en degradation,worsening
BIH,Debt service,10.8351325250283,2024-12-31,-19.942363048777317,-19.942363048777317,-0.5338936600738009,13.953203049199,sous la mediane regionale,below regional median,en amelioration,improving
BIH,Dependency ratio,54.4832427940866,2024-12-31,1.797837992672013,1.797837992672013,4.4912904072632,55.30208239407135,proche de la mediane regionale,near regional median,en degradation,worsening
BIH,Domestic credit,48.066449098491,2024-12-31,1.5243446998784786,1.5243446998784786,-9.102653551163804,51.23226305443685,proche de la mediane regionale,near regional median,en degradation,worsening
BIH,Electricity access,100.0,2024-12-31,0.0,0.0,0.0,100.0,proche de la mediane regionale,near regional median,stable,stable
BIH,External debt,49.1550732058777,2024-12-31,-2.7658373805318526,-2.7658373805318526,-12.939392649035,56.144278869823,sous la mediane regionale,below regional median,en amelioration,improving
BIH,FDI net inflows,3.3761353835982,2024-12-31,-17.49478589732906,-17.49478589732906,1.1895216326192202,2.46510904267828,au-dessus de la mediane regionale,above regional median,en amelioration,improving
BIH,Fiscal balance,-3.951,2026-12-31,-64.2827442827443,-64.2827442827443,-3.774,-2.067,sous la mediane regionale,below regional median,en degradation,worsening
BIH,GDP growth,3.22679979810856,2024-12-31,61.793485030078635,61.793485030078635,0.34094737726877966,2.59946721553708,au-dessus de la mediane regionale,above regional median,en amelioration,improving
BIH,GDP per capita,9397.90942855997,2024-12-31,8.483021937362578,8.483021937362578,3275.534015036439,29603.7772588256,sous la mediane regionale,below regional median,en amelioration,improving
BIH,Gen gov debt,30.753,2026-12-31,2.7428838701055778,2.7428838701055778,-4.999000000000002,46.406,sous la mediane regionale,below regional median,en amelioration,improving
BIH,Gini,30.3,2021-12-31,-7.902735562310024,-7.902735562310024,-2.599999999999998,30.65,proche de la mediane regionale,near regional median,en amelioration,improving
BIH,Gov debt,39.7426659459337,2024-12-31,-1.407717726527018,-1.407717726527018,-4.280905480663002,40.04160644426225,proche de la mediane regionale,near regional median,en amelioration,improving
BIH,Inflation,6.1059011284828,2023-12-31,-56.45125862267661,-56.45125862267661,4.68879298830246,2.83581658224034,au-dessus de la mediane regionale,above regional median,en degradation,worsening
BIH,Interest rate,4.4501687610148,2024-12-31,8.23627892490138,8.23627892490138,1.16294160291352,6.65405833333333,sous la mediane regionale,below regional median,en amelioration,improving
BIH,Political stability,-0.5010614,2024-12-31,-150.62731683063822,-150.62731683063822,-0.19186750000000008,0.3087034999999999,sous la mediane regionale,below regional median,en degradation,worsening
BIH,Regulatory quality,-0.3498488999999999,2024-12-31,-0.626512386577272,-0.626512386577272,0.02685880000000007,0.6500427999999999,sous la mediane regionale,below regional median,stable,stable
BIH,Reserves,6.48581729707099,2024-12-31,-2.5939629108060913,-2.5939629108060913,-0.7971873516469401,2.89106960627006,au-dessus de la mediane regionale,above regional median,en degradation,worsening
BIH,Rule of law,-0.319134,2024-12-31,10.07280199188234,10.07280199188234,0.07136890000000001,0.6192042999999999,sous la mediane regionale,below regional median,en amelioration,improving
BIH,Tax revenue,20.221417887462,2024-12-31,6.100802114933066,6.100802114933066,0.3948209191626013,20.82863605996785,proche de la mediane regionale,near regional median,en amelioration,improving
BIH,Unemployment,10.69,2024-12-31,0.20622422197225576,0.20622422197225576,-5.002000000000001,5.4,au-dessus de la mediane regionale,above regional median,en amelioration,improving
BIH,Women in workforce,39.399,2024-12-31,-0.33895732679027735,-0.33895732679027735,1.1899999999999977,54.888,sous la mediane regionale,below regional median,en amelioration,improving
BIH,Youth unemployment,27.334,2024-12-31,0.23469013568023492,0.23469013568023492,-7.9289999999999985,14.316,au-dessus de la mediane regionale,above regional median,en amelioration,improving
BLR,Agriculture value added,7.04092359721265,2024-12-31,-2.865049617344383,-2.865049617344383,0.2462547692199104,2.6262814922641997,au-dessus de la mediane regionale,above regional median,en amelioration,improving
BLR,CO2 per capita,9.58008915067063,2024-12-31,1.145493593834717,1.145493593834717,-0.4443934315782698,6.87868940323143,au-dessus de la mediane regionale,above regional median,en degradation,worsening
BLR,Commodity dependence,12.612946389206,2020-12-31,-39.06352966067917,-39.06352966067917,-16.5257596072911,5.79530570621524,au-dessus de la mediane regionale,above regional median,en amelioration,improving
BLR,Control of corruption,-0.5781294,2024-12-31,-8.192270400672829,-8.192270400672829,-0.5951667999999999,0.5531621,sous la mediane regionale,below regional median,en degradation,worsening
BLR,Current account,-2.07223267740223,2024-12-31,-99.90743592179648,-99.90743592179648,-0.1380660894844299,-0.432631418354181,sous la mediane regionale,below regional median,en degradation,worsening
BLR,Debt service,10.4697875188332,2024-12-31,-35.104336326881494,-35.104336326881494,0.018141838493100693,13.953203049199,sous la mediane regionale,below regional median,stable,stable
BLR,Dependency ratio,51.4320720058658,2024-12-31,1.0168118739956635,1.0168118739956635,3.622518367664597,55.30208239407135,proche de la mediane regionale,near regional median,en degradation,worsening
BLR,Domestic credit,29.1729868961267,2021-12-31,-10.259872929522881,-10.259872929522881,3.4559577541663025,51.23226305443685,sous la mediane regionale,below regional median,en amelioration,improving
BLR,Electricity access,100.0,2024-12-31,0.0,0.0,0.0,100.0,proche de la mediane regionale,near regional median,stable,stable
BLR,External debt,46.1452886653758,2024-12-31,-11.999665169943475,-11.999665169943475,-19.029477389384894,56.144278869823,sous la mediane regionale,below regional median,en amelioration,improving
BLR,FDI net inflows,2.20948690351676,2024-12-31,-19.612343473882405,-19.612343473882405,0.2326251950597602,2.46510904267828,sous la mediane regionale,below regional median,en amelioration,improving
BLR,Fiscal balance,-0.179,2026-12-31,-112.37042156185211,-112.37042156185211,0.04400000000000001,-2.067,au-dessus de la mediane regionale,above regional median,stable,stable
BLR,GDP growth,4.34999638140579,2024-12-31,5.415100931848013,5.415100931848013,2.9035408993627394,2.59946721553708,au-dessus de la mediane regionale,above regional median,en amelioration,improving
BLR,GDP per capita,8605.60954569694,2024-12-31,8.976544960722109,8.976544960722109,1767.8361492405893,29603.7772588256,sous la mediane regionale,below regional median,en amelioration,improving
BLR,Gen gov debt,33.07,2026-12-31,0.024196963281116302,0.024196963281116302,-8.112000000000002,46.406,sous la mediane regionale,below regional median,en amelioration,improving
BLR,Gini,24.4,2020-12-31,-3.5573122529644357,-3.5573122529644357,-1.2000000000000028,30.65,sous la mediane regionale,below regional median,en amelioration,improving
BLR,Gov debt,33.2442039424903,2019-12-31,-10.382683728084803,-10.382683728084803,8.695477678278703,40.04160644426225,sous la mediane regionale,below regional median,en degradation,worsening
BLR,Inflation,5.78531910428005,2024-12-31,15.692521406253634,15.692521406253634,0.18716315388156968,2.83581658224034,au-dessus de la mediane regionale,above regional median,en degradation,worsening
BLR,Interest rate,9.99166666666667,2024-12-31,0.29470426340578704,0.29470426340578704,0.9683333333333408,6.65405833333333,au-dessus de la mediane regionale,above regional median,en amelioration,improving
BLR,Political stability,-0.3773003,2024-12-31,3.8986109501498167,3.8986109501498167,-0.8031147999999999,0.3087034999999999,sous la mediane regionale,below regional median,en degradation,worsening
BLR,Regulatory quality,-1.2322689999999998,2024-12-31,-4.855752703360432,-4.855752703360432,-0.7246414999999998,0.6500427999999999,sous la mediane regionale,below regional median,en degradation,worsening
BLR,Reserves,1.95220373518424,2024-12-31,3.3353625291857965,3.3353625291857965,-0.5297759429335698,2.89106960627006,sous la mediane regionale,below regional median,en degradation,worsening
BLR,Rule of law,-1.2305997,2024-12-31,-1.239705422495705,-1.239705422495705,-0.43636260000000004,0.6192042999999999,sous la mediane regionale,below regional median,en degradation,worsening
BLR,Tax revenue,13.0394528160402,2024-12-31,2.664260952726324,2.664260952726324,-0.2620533233060005,20.82863605996785,sous la mediane regionale,below regional median,en degradation,worsening
BLR,Unemployment,3.458,2024-12-31,-0.08668015024558422,-0.08668015024558422,-0.7069999999999999,5.4,sous la mediane regionale,below regional median,en amelioration,improving
BLR,Women in workforce,57.229,2024-12-31,-0.3274291586115652,-0.3274291586115652,-1.0480000000000018,54.888,proche de la mediane regionale,near regional median,en degradation,worsening
BLR,Youth unemployment,10.538,2024-12-31,-0.5473763684409194,-0.5473763684409194,0.3309999999999995,14.316,sous la mediane regionale,below regional median,en degradation,worsening
BLZ,Agriculture value added,7.94787809260727,2024-12-31,-2.3256180827579294,-2.3256180827579294,1.3917867703707696,3.86944846371998,au-dessus de la mediane regionale,above regional median,en amelioration,improving
BLZ,CO2 per capita,2.48086661295891,2024-12-31,1.8676737701844248,1.8676737701844248,-0.08788793892806979,4.11421182432227,sous la mediane regionale,below regional median,en degradation,worsening
BLZ,Commodity dependence,0.0048416929730462,2024-12-31,-98.64905132764723,-98.64905132764723,-4.916354905190064,3.00864273328603,sous la mediane regionale,below regional median,en amelioration,improving
BLZ,Control of corruption,-0.1604129,2024-12-31,-38.30307837550072,-38.30307837550072,-0.0847609,-0.2654917,au-dessus de la mediane regionale,above regional median,en degradation,worsening
BLZ,Current account,-1.61559738392131,2024-12-31,-149.68802769085556,-149.68802769085556,6.13875533057001,-1.66760721722233,au-dessus de la mediane regionale,above regional median,en amelioration,improving
BLZ,Debt service,7.67121131772208,2024-12-31,4.395116156522503,4.395116156522503,-1.6952189287998491,19.75493011522935,sous la mediane regionale,below regional median,en amelioration,improving
BLZ,Dependency ratio,46.203569976303,2024-12-31,-1.0639680883520477,-1.0639680883520477,-4.835181095331102,48.981079443401555,proche de la mediane regionale,near regional median,en amelioration,improving
BLZ,Domestic credit,41.2775860732497,2024-12-31,-1.811811651461546,-1.811811651461546,-4.685062098754003,45.1288088227477,proche de la mediane regionale,near regional median,en degradation,worsening
BLZ,Electricity access,99.6,2024-12-31,0.0,0.0,6.8999999999999915,99.8,proche de la mediane regionale,near regional median,en amelioration,improving
BLZ,External debt,46.0428964719523,2024-12-31,-10.36871796032691,-10.36871796032691,-15.890377131564101,47.6233832283027,proche de la mediane regionale,near regional median,en amelioration,improving
BLZ,FDI net inflows,4.01045578413843,2024-12-31,624.8116122172398,624.8116122172398,0.06661566655286011,3.01317166597907,au-dessus de la mediane regionale,above regional median,en amelioration,improving
BLZ,Fiscal balance,1.106,2026-12-31,-24.401913875598083,-24.401913875598083,4.397,-0.749,au-dessus de la mediane regionale,above regional median,en amelioration,improving
BLZ,GDP growth,3.50466435023895,2024-12-31,600.7535589305273,600.7535589305273,-0.7519227500617705,3.3669492581395,proche de la mediane regionale,near regional median,en degradation,worsening
BLZ,GDP per capita,7681.24400583113,2024-12-31,3.454466600199425,3.454466600199425,1509.6295082169008,13969.7836603737,sous la mediane regionale,below regional median,en amelioration,improving
BLZ,Gen gov debt,63.196,2026-12-31,-6.905898297095048,-6.905898297095048,-19.013000000000005,63.608,proche de la mediane regionale,near regional median,en amelioration,improving
BLZ,Gini,39.9,2018-12-31,,,,43.0,proche de la mediane regionale,near regional median,en degradation,worsening
BLZ,Gov debt,61.0308317738748,2014-12-31,-0.169243680615357,-0.169243680615357,-3.9191219512969937,59.3486130705839,proche de la mediane regionale,near regional median,en amelioration,improving
BLZ,Inflation,3.28955985952768,2024-12-31,-25.064245428478767,-25.064245428478767,3.102490474346256,3.42967284899735,proche de la mediane regionale,near regional median,en degradation,worsening
BLZ,Interest rate,8.41743522598784,2024-12-31,-0.23780472903301536,-0.23780472903301536,-0.64923144067882,8.80431027070166,proche de la mediane regionale,near regional median,en degradation,worsening
BLZ,Political stability,0.7847219,2024-12-31,-0.6266035179252106,-0.6266035179252106,0.6513197,0.3600136,au-dessus de la mediane regionale,above regional median,en amelioration,improving
BLZ,Regulatory quality,-0.450078,2024-12-31,8.70863975715026,8.70863975715026,0.12484609999999996,-0.0738011,sous la mediane regionale,below regional median,en amelioration,improving
BLZ,Reserves,3.18652304107596,2024-12-31,-4.41202389490856,-4.41202389490856,0.76692937710648,4.20470125653228,sous la mediane regionale,below regional median,en amelioration,improving
BLZ,Rule of law,-0.39715,2024-12-31,0.8892887312256755,0.8892887312256755,0.16414689999999998,-0.2513801,sous la mediane regionale,below regional median,en amelioration,improving
BLZ,Tax revenue,21.346693969945,2017-12-31,3.4055878220116846,3.4055878220116846,2.983798017838602,15.9189020036855,au-dessus de la mediane regionale,above regional median,en amelioration,improving
BLZ,Unemployment,8.698,2024-12-31,5.073689296931625,5.073689296931625,-0.3550000000000004,6.448,au-dessus de la mediane regionale,above regional median,en amelioration,improving
BLZ,Women in workforce,43.833,2024-12-31,-0.5513204465015022,-0.5513204465015022,-13.262999999999998,52.394,sous la mediane regionale,below regional median,en degradation,worsening
BLZ,Youth unemployment,18.553,2024-12-31,4.037458644086819,4.037458644086819,-1.3810000000000002,15.674,au-dessus de la mediane regionale,above regional median,en amelioration,improving
BMU,Agriculture value added,0.178160876410993,2024-12-31,-7.204892419298038,-7.204892419298038,-0.04280062876212998,0.942961672907101,sous la mediane regionale,below regional median,stable,stable
BMU,CO2 per capita,4.72956247292531,2024-12-31,3.097450429016709,3.097450429016709,-0.4180813101248999,17.3898578550286,sous la mediane regionale,below regional median,en degradation,worsening
BMU,Commodity dependence,0.0004112035554912,2024-12-31,-92.38272792841407,-92.38272792841407,-0.010135687399942299,18.3113039630256,sous la mediane regionale,below regional median,stable,stable
BMU,Control of corruption,1.1762344,2024-12-31,0.24902998987908448,0.24902998987908448,-0.0022443999999999242,1.1762344,proche de la mediane regionale,near regional median,stable,stable
BMU,Current account,15.3480505045808,2023-12-31,5.059989759760391,5.059989759760391,3.0459484571786,-0.487852623579789,au-dessus de la mediane regionale,above regional median,en amelioration,improving
BMU,Dependency ratio,54.6796850695192,2024-12-31,2.4894892302197213,2.4894892302197213,5.756415155239502,54.4480426095951,proche de la mediane regionale,near regional median,en degradation,worsening
BMU,Electricity access,100.0,2024-12-31,0.0,0.0,0.0,100.0,proche de la mediane regionale,near regional median,stable,stable
BMU,FDI net inflows,1.2816357911399,2024-12-31,-26.893114967140892,-26.893114967140892,1.222501323610249,1.2816357911399,proche de la mediane regionale,near regional median,en amelioration,improving
BMU,GDP growth,1.88822861970388,2024-12-31,-56.43694849896209,-56.43694849896209,1.581122158463216,2.04626605401701,proche de la mediane regionale,near regional median,en amelioration,improving
BMU,GDP per capita,142250.433195123,2024-12-31,6.985972766288334,6.985972766288334,26452.39241954501,86169.6641581917,au-dessus de la mediane regionale,above regional median,en amelioration,improving
BMU,Political stability,0.9711697,2024-12-31,-0.7852633731835805,-0.7852633731835805,-0.006066299999999969,0.5984769,au-dessus de la mediane regionale,above regional median,stable,stable
BMU,Regulatory quality,0.6285431,2024-12-31,0.21434993407990535,0.21434993407990535,-0.24771769999999993,1.3524886,sous la mediane regionale,below regional median,en degradation,worsening
BMU,Rule of law,0.8001056,2024-12-31,-0.021180216653004024,-0.021180216653004024,-0.07280469999999994,0.9617896,sous la mediane regionale,below regional median,en degradation,worsening
BOL,Agriculture value added,8.82625884280481,2024-12-31,-5.2059101156003695,-5.2059101156003695,1.1933761977887603,3.86944846371998,au-dessus de la mediane regionale,above regional median,en amelioration,improving
BOL,CO2 per capita,5.13619448149024,2024-12-31,9.920126066700092,9.920126066700092,0.64695044483513,4.11421182432227,au-dessus de la mediane regionale,above regional median,en amelioration,improving
BOL,Commodity dependence,18.9433899156143,2024-12-31,-4.030788723544326,-4.030788723544326,-13.128100273043398,3.00864273328603,au-dessus de la mediane regionale,above regional median,en amelioration,improving
BOL,Control of corruption,-0.9975827,2024-12-31,-4.3878939753872235,-4.3878939753872235,-0.17436740000000006,-0.2654917,sous la mediane regionale,below regional median,en degradation,worsening
BOL,Current account,-2.37784777133425,2024-12-31,-6.260043444519258,-6.260043444519258,0.40688181326325035,-1.66760721722233,sous la mediane regionale,below regional median,en amelioration,improving
BOL,Debt service,17.787635656929,2024-12-31,25.212321178764125,25.212321178764125,7.422399371948302,19.75493011522935,proche de la mediane regionale,near regional median,en degradation,worsening
BOL,Dependency ratio,54.8659781441531,2024-12-31,-1.1490379935920945,-1.1490379935920945,-3.8477798886719015,48.981079443401555,au-dessus de la mediane regionale,above regional median,en amelioration,improving
BOL,Domestic credit,59.2427794669511,2024-12-31,-1.6259703171695183,-1.6259703171695183,4.356513981432201,45.1288088227477,au-dessus de la mediane regionale,above regional median,en amelioration,improving
BOL,Electricity access,96.6,2024-12-31,-3.206412825651306,-3.206412825651306,1.5,99.8,proche de la mediane regionale,near regional median,en amelioration,improving
BOL,External debt,32.5376974869568,2024-12-31,-12.49474679048383,-12.49474679048383,-3.162141534571397,47.6233832283027,sous la mediane regionale,below regional median,en amelioration,improving
BOL,FDI net inflows,0.652112801170427,2024-12-31,42.130571686544776,42.130571686544776,1.093718315288947,3.01317166597907,sous la mediane regionale,below regional median,en amelioration,improving
BOL,Fiscal balance,-5.977,2026-12-31,33.8754286978648,33.8754286978648,1.8889999999999993,-0.749,sous la mediane regionale,below regional median,en amelioration,improving
BOL,GDP growth,-1.12335595517212,2024-12-31,-144.64199560487828,-144.64199560487828,-2.63007698184075,3.3669492581395,sous la mediane regionale,below regional median,en degradation,worsening
BOL,GDP per capita,4421.16609889999,2024-12-31,3.4261494910047747,3.4261494910047747,218.01117034210984,13969.7836603737,sous la mediane regionale,below regional median,en amelioration,improving
BOL,Gen gov debt,102.702,2026-12-31,21.15228085076264,21.15228085076264,33.997,63.608,au-dessus de la mediane regionale,above regional median,en degradation,worsening
BOL,Gini,40.9,2024-12-31,-2.850356294536824,-2.850356294536824,-0.7000000000000028,43.0,proche de la mediane regionale,near regional median,en amelioration,improving
BOL,Gov debt,68.3398527645303,2001-12-31,13.692837924189776,13.692837924189776,,59.3486130705839,au-dessus de la mediane regionale,above regional median,en degradation,worsening
BOL,Inflation,5.09976568317427,2024-12-31,97.90404835184773,97.90404835184773,3.2602206334840096,3.42967284899735,au-dessus de la mediane regionale,above regional median,en degradation,worsening
BOL,Interest rate,8.80431027070166,2024-12-31,1.3619105292381415,1.3619105292381415,0.40477856115565025,8.80431027070166,proche de la mediane regionale,near regional median,en amelioration,improving
BOL,Political stability,-0.5460357,2024-12-31,-88.40257825527853,-88.40257825527853,0.20792559999999993,0.3600136,sous la mediane regionale,below regional median,en amelioration,improving
BOL,Regulatory quality,-1.2544304,2024-12-31,-8.190104657417665,-8.190104657417665,-0.2788495,-0.0738011,sous la mediane regionale,below regional median,en degradation,worsening
BOL,Reserves,1.86110946081755,2024-12-31,23.85373240246279,23.85373240246279,-4.127162887000989,4.20470125653228,sous la mediane regionale,below regional median,en degradation,worsening
BOL,Rule of law,-1.267722,2024-12-31,-5.395863635399999,-5.395863635399999,-0.022817099999999924,-0.2513801,sous la mediane regionale,below regional median,stable,stable
BOL,Tax revenue,16.9648657379261,2007-12-31,0.8842536189147552,0.8842536189147552,3.7807607618929,15.9189020036855,proche de la mediane regionale,near regional median,en amelioration,improving
BOL,Unemployment,3.274,2024-12-31,8.267195767195767,8.267195767195767,-0.4079999999999999,6.448,sous la mediane regionale,below regional median,en amelioration,improving
BOL,Women in workforce,72.389,2024-12-31,-0.0910910220136671,-0.0910910220136671,6.146000000000001,52.394,au-dessus de la mediane regionale,above regional median,en amelioration,improving
BOL,Youth unemployment,5.17,2024-12-31,4.066022544283413,4.066022544283413,-1.7569999999999997,15.674,sous la mediane regionale,below regional median,en amelioration,improving
BRA,Agriculture value added,5.75227640931944,2024-12-31,-4.495784789892953,-4.495784789892953,1.5472623146846995,3.86944846371998,au-dessus de la mediane regionale,above regional median,en amelioration,improving
BRA,CO2 per capita,6.12824974062443,2024-12-31,-0.2503588980615212,-0.2503588980615212,0.34240054781046947,4.11421182432227,au-dessus de la mediane regionale,above regional median,en amelioration,improving
BRA,Commodity dependence,16.958206628778,2024-12-31,4.424810134156764,4.424810134156764,3.249501509500101,3.00864273328603,au-dessus de la mediane regionale,above regional median,en degradation,worsening
BRA,Control of corruption,-0.4088904,2024-12-31,9.438565724804146,9.438565724804146,-0.0361264,-0.2654917,sous la mediane regionale,below regional median,stable,stable
BRA,Current account,-2.9880142706208,2024-12-31,-142.65289258769405,-142.65289258769405,0.4262767601070099,-1.66760721722233,sous la mediane regionale,below regional median,en amelioration,improving
BRA,Debt service,26.7439339145718,2024-12-31,-50.05187941739171,-50.05187941739171,-26.726343497808,19.75493011522935,au-dessus de la mediane regionale,above regional median,en amelioration,improving
BRA,Dependency ratio,44.3299763860952,2024-12-31,0.6833700051303438,0.6833700051303438,0.7902280859862998,48.981079443401555,proche de la mediane regionale,near regional median,en degradation,worsening
BRA,Domestic credit,75.6308730941359,2024-12-31,6.409142312412828,6.409142312412828,12.840368015189895,45.1288088227477,au-dessus de la mediane regionale,above regional median,en amelioration,improving
BRA,Electricity access,99.8,2024-12-31,0.0,0.0,0.0,99.8,proche de la mediane regionale,near regional median,stable,stable
BRA,External debt,28.6612661075538,2024-12-31,0.11392756103568717,0.11392756103568717,-2.5351483537559005,47.6233832283027,sous la mediane regionale,below regional median,en amelioration,improving
BRA,FDI net inflows,3.38960808548439,2024-12-31,18.359120841707824,18.359120841707824,-0.30306512767160987,3.01317166597907,au-dessus de la mediane regionale,above regional median,en degradation,worsening
BRA,Fiscal balance,-7.706,2026-12-31,-1886.0824742268044,-1886.0824742268044,-9.685,-0.749,sous la mediane regionale,below regional median,en degradation,worsening
BRA,GDP growth,3.41931516501906,2024-12-31,5.480528246049817,5.480528246049817,2.19853734141064,3.3669492581395,proche de la mediane regionale,near regional median,en amelioration,improving
BRA,GDP per capita,10310.5486973693,2024-12-31,-0.6460130583546122,-0.6460130583546122,1280.71543055857,13969.7836603737,sous la mediane regionale,below regional median,en amelioration,improving
BRA,Gen gov debt,96.54,2026-12-31,3.440516881140924,3.440516881140924,7.606000000000009,63.608,au-dessus de la mediane regionale,above regional median,en degradation,worsening
BRA,Gini,50.3,2024-12-31,-2.3300970873786464,-2.3300970873786464,-3.200000000000003,43.0,au-dessus de la mediane regionale,above regional median,en amelioration,improving
BRA,Gov debt,81.8554431191023,2024-12-31,-1.416695102026291,-1.416695102026291,-10.709810075439492,59.3486130705839,au-dessus de la mediane regionale,above regional median,en amelioration,improving
BRA,Inflation,4.36746407652337,2024-12-31,-4.922078025903107,-4.922078025903107,0.6344878643544298,3.42967284899735,au-dessus de la mediane regionale,above regional median,en degradation,worsening
BRA,Interest rate,40.225,2024-12-31,-7.740825688073394,-7.740825688073394,2.75,8.80431027070166,au-dessus de la mediane regionale,above regional median,en amelioration,improving
BRA,Political stability,-0.5205702,2024-12-31,0.19247504812833816,0.19247504812833816,0.20154609999999995,0.3600136,sous la mediane regionale,below regional median,en amelioration,improving
BRA,Regulatory quality,-0.2945386,2024-12-31,-24.811419616936355,-24.811419616936355,-0.1951176,-0.0738011,sous la mediane regionale,below regional median,en degradation,worsening
BRA,Reserves,7.95225602897552,2024-12-31,-15.667546112773998,-15.667546112773998,-4.27895101753808,4.20470125653228,au-dessus de la mediane regionale,above regional median,en degradation,worsening
BRA,Rule of law,-0.446218,2024-12-31,7.617730883210895,7.617730883210895,-0.06003950000000002,-0.2513801,sous la mediane regionale,below regional median,en degradation,worsening
BRA,Tax revenue,15.4102340832552,2024-12-31,9.744944265085637,9.744944265085637,1.6725392460614987,15.9189020036855,proche de la mediane regionale,near regional median,en amelioration,improving
BRA,Unemployment,6.801,2024-12-31,-14.420536051340127,-14.420536051340127,-5.135,6.448,proche de la mediane regionale,near regional median,en amelioration,improving
BRA,Women in workforce,53.576,2024-12-31,0.6973028850671972,0.6973028850671972,-1.7299999999999969,52.394,proche de la mediane regionale,near regional median,en degradation,worsening
BRA,Youth unemployment,15.674,2024-12-31,-12.62125097558256,-12.62125097558256,-11.424,15.674,proche de la mediane regionale,near regional median,en amelioration,improving
BRB,Agriculture value added,1.55475800099254,2024-12-31,-5.909967074972505,-5.909967074972505,-0.7051898791642501,3.86944846371998,sous la mediane regionale,below regional median,en degradation,worsening
BRB,CO2 per capita,3.2290497651053,2024-12-31,2.5623798493386705,2.5623798493386705,-0.5660193476835,4.11421182432227,sous la mediane regionale,below regional median,en degradation,worsening
BRB,Commodity dependence,8.01009522603034,2024-12-31,-6.976560421956226,-6.976560421956226,-20.68908648468256,3.00864273328603,au-dessus de la mediane regionale,above regional median,en amelioration,improving
BRB,Control of corruption,1.2257724,2024-12-31,1.391127853219932,1.391127853219932,0.08064630000000017,-0.2654917,au-dessus de la mediane regionale,above regional median,en amelioration,improving
BRB,Current account,-5.06886376225887,2017-12-31,36.368604162200825,36.368604162200825,3.105694594730071,-1.66760721722233,sous la mediane regionale,below regional median,en amelioration,improving
BRB,Dependency ratio,51.0381409176706,2024-12-31,0.9495775959077993,0.9495775959077993,2.8118634684576023,48.981079443401555,proche de la mediane regionale,near regional median,en degradation,worsening
BRB,Domestic credit,59.7307883078148,2023-12-31,-2.1740761844780634,-2.1740761844780634,-8.831831616489303,45.1288088227477,au-dessus de la mediane regionale,above regional median,en degradation,worsening
BRB,Electricity access,100.0,2024-12-31,0.0,0.0,0.0,99.8,proche de la mediane regionale,near regional median,stable,stable
BRB,FDI net inflows,3.98890634980471,2024-12-31,28.114096984215752,28.114096984215752,0.4964427499225801,3.01317166597907,au-dessus de la mediane regionale,above regional median,en amelioration,improving
BRB,Fiscal balance,4.123,2026-12-31,1434.3042071197412,1434.3042071197412,8.003,-0.749,au-dessus de la mediane regionale,above regional median,en amelioration,improving
BRB,GDP growth,3.3669492581395,2024-12-31,85.5888347196702,85.5888347196702,3.125849468990823,3.3669492581395,proche de la mediane regionale,near regional median,en amelioration,improving
BRB,GDP per capita,26897.2002039176,2024-12-31,5.133421406452357,5.133421406452357,4967.764592428601,13969.7836603737,au-dessus de la mediane regionale,above regional median,en amelioration,improving
BRB,Gen gov debt,89.519,2026-12-31,-5.008542111015608,-5.008542111015608,-19.044999999999987,63.608,au-dessus de la mediane regionale,above regional median,en amelioration,improving
BRB,Gini,34.1,2016-12-31,,,,43.0,sous la mediane regionale,below regional median,en degradation,worsening
BRB,Gov debt,125.033538406814,2016-12-31,6.643037390833349,6.643037390833349,41.1034238418428,59.3486130705839,au-dessus de la mediane regionale,above regional median,en degradation,worsening
BRB,Inflation,1.4464366430616,2024-12-31,-54.617168350378776,-54.617168350378776,-0.23018808970827997,3.42967284899735,sous la mediane regionale,below regional median,en amelioration,improving
BRB,Interest rate,8.05,2022-12-31,0.0,0.0,0.0,8.80431027070166,proche de la mediane regionale,near regional median,stable,stable
BRB,Political stability,1.2722219,2024-12-31,-0.3559538603218527,-0.3559538603218527,0.2963273999999999,0.3600136,au-dessus de la mediane regionale,above regional median,en amelioration,improving
BRB,Regulatory quality,0.4405032,2024-12-31,2.62040046126428,2.62040046126428,0.07951780000000008,-0.0738011,au-dessus de la mediane regionale,above regional median,en amelioration,improving
BRB,Reserves,1.25640510866189,2017-12-31,-25.366804468799998,-25.366804468799998,-2.4313360595591504,4.20470125653228,sous la mediane regionale,below regional median,en degradation,worsening
BRB,Rule of law,0.7277751,2024-12-31,-0.8905448550995484,-0.8905448550995484,-0.05682279999999995,-0.2513801,au-dessus de la mediane regionale,above regional median,en degradation,worsening
BRB,Tax revenue,23.3839648956214,2016-12-31,11.323964026536805,11.323964026536805,1.6560208570328,15.9189020036855,au-dessus de la mediane regionale,above regional median,en amelioration,improving
BRB,Unemployment,6.448,2024-12-31,-1.4067278287461717,-1.4067278287461717,-1.9619999999999997,6.448,proche de la mediane regionale,near regional median,en amelioration,improving
BRB,Women in workforce,61.371,2024-12-31,0.367971739770388,0.367971739770388,-0.21699999999999875,52.394,au-dessus de la mediane regionale,above regional median,en degradation,worsening
BRB,Youth unemployment,18.049,2024-12-31,-1.1771791502409104,-1.1771791502409104,-7.736000000000001,15.674,au-dessus de la mediane regionale,above regional median,en amelioration,improving
BRN,Agriculture value added,1.17447666573414,2024-12-31,0.11545634956221441,0.11545634956221441,0.1884215356156249,9.79503060602777,sous la mediane regionale,below regional median,en amelioration,improving
BRN,CO2 per capita,25.6428819958463,2024-12-31,-2.424509591817853,-2.424509591817853,2.8677396808557987,2.96182966114834,au-dessus de la mediane regionale,above regional median,en amelioration,improving
BRN,Commodity dependence,75.4723137925849,2024-12-31,-2.515509105351623,-2.515509105351623,-15.620075964156797,1.446086854730515,au-dessus de la mediane regionale,above regional median,en amelioration,improving
BRN,Control of corruption,1.1861774,2024-12-31,0.38315071156016833,0.38315071156016833,0.0030101000000000155,0.38264925,au-dessus de la mediane regionale,above regional median,stable,stable
BRN,Current account,14.5341402117213,2024-12-31,12.877844873757404,12.877844873757404,7.898585184446921,2.19482817825998,au-dessus de la mediane regionale,above regional median,en amelioration,improving
BRN,Dependency ratio,38.2994748624391,2024-12-31,0.7916806651342315,0.7916806651342315,0.8707224875183002,53.5253966955507,sous la mediane regionale,below regional median,en degradation,worsening
BRN,Domestic credit,37.7096497547376,2024-12-31,1.6875269685633225,1.6875269685633225,2.0040990095222,92.64512899225335,sous la mediane regionale,below regional median,en amelioration,improving
BRN,Electricity access,100.0,2024-12-31,0.0,0.0,0.0,100.0,proche de la mediane regionale,near regional median,stable,stable
BRN,FDI net inflows,0.189449066349964,2024-12-31,151.13272795678486,151.13272795678486,-2.581731012843276,2.35252841903892,sous la mediane regionale,below regional median,en degradation,worsening
BRN,Fiscal balance,-10.699,2026-12-31,20.21030651055262,20.21030651055262,-2.359,-1.435,sous la mediane regionale,below regional median,en degradation,worsening
BRN,GDP growth,4.05251709306727,2024-12-31,259.37906292563764,259.37906292563764,0.1836727312965203,3.6482536159531502,au-dessus de la mediane regionale,above regional median,en amelioration,improving
BRN,GDP per capita,33153.4738913513,2024-12-31,0.799392885478687,0.799392885478687,2726.9008256985,7488.460293591284,au-dessus de la mediane regionale,above regional median,en amelioration,improving
BRN,Gen gov debt,1.482,2026-12-31,-4.077669902912618,-4.077669902912618,0.04800000000000004,43.4465,sous la mediane regionale,below regional median,stable,stable
BRN,Inflation,-0.388674165036461,2024-12-31,-208.85270593510583,-208.85270593510583,0.0018479041290679898,2.18151273615189,sous la mediane regionale,below regional median,stable,stable
BRN,Interest rate,5.5,2024-12-31,0.0,0.0,0.0,6.01747975323522,proche de la mediane regionale,near regional median,stable,stable
BRN,Political stability,1.2027245,2024-12-31,-9.90067101544828,-9.90067101544828,0.10466379999999997,0.87674265,au-dessus de la mediane regionale,above regional median,en amelioration,improving
BRN,Regulatory quality,0.8869612,2024-12-31,9.78699154145204,9.78699154145204,0.08564890000000003,-0.07101989999999994,au-dessus de la mediane regionale,above regional median,en amelioration,improving
BRN,Reserves,5.50707918002426,2024-12-31,0.7344962592879528,0.7344962592879528,-1.3546330383883003,5.704288535730781,proche de la mediane regionale,near regional median,en degradation,worsening
BRN,Rule of law,0.5876078,2024-12-31,-7.9427610851831405,-7.9427610851831405,0.2990621000000001,0.6409370999999999,proche de la mediane regionale,near regional median,en amelioration,improving
BRN,Unemployment,5.18,2024-12-31,-2.190332326283998,-2.190332326283998,-1.42,2.988,au-dessus de la mediane regionale,above regional median,en amelioration,improving
BRN,Women in workforce,54.71,2024-12-31,-0.21339850803435778,-0.21339850803435778,-0.3470000000000013,55.596,proche de la mediane regionale,near regional median,en degradation,worsening
BRN,Youth unemployment,17.872,2024-12-31,-0.46226677805624294,-0.46226677805624294,-2.2689999999999984,9.408,au-dessus de la mediane regionale,above regional median,en amelioration,improving
BTN,Agriculture value added,14.1490576006591,2024-12-31,-5.629593619611326,-5.629593619611326,1.2151048157739996,12.6569295141747,au-dessus de la mediane regionale,above regional median,en amelioration,improving
BTN,CO2 per capita,3.54543892541477,2024-12-31,-0.1654316839513559,-0.1654316839513559,-0.5285702583974499,2.35425835082848,au-dessus de la mediane regionale,above regional median,en degradation,worsening
BTN,Commodity dependence,0.0001267142347006,2023-12-31,-85.08844846023716,-85.08844846023716,-0.9237266643839215,0.59937914960686,sous la mediane regionale,below regional median,en amelioration,improving
BTN,Control of corruption,1.4722389,2024-12-31,8.540692652980127,8.540692652980127,0.008209600000000039,-0.36036234999999994,au-dessus de la mediane regionale,above regional median,stable,stable
BTN,Current account,-19.4017852146799,2024-12-31,42.78006389701676,42.78006389701676,-1.0955172284483012,-0.7603781635361471,sous la mediane regionale,below regional median,en degradation,worsening
BTN,Debt service,16.5776241652416,2024-12-31,6.202798120809739,6.202798120809739,8.225497711497828,14.0787539605461,au-dessus de la mediane regionale,above regional median,en degradation,worsening
BTN,Dependency ratio,37.7478603176371,2024-12-31,-2.111662121837461,-2.111662121837461,-5.296257907010698,49.19395879080635,sous la mediane regionale,below regional median,en amelioration,improving
BTN,Domestic credit,68.3942712583345,2024-12-31,-4.2682537046722,-4.2682537046722,9.020852142429,44.3082311889876,au-dessus de la mediane regionale,above regional median,en amelioration,improving
BTN,Electricity access,100.0,2024-12-31,0.0,0.0,0.0,99.95,proche de la mediane regionale,near regional median,stable,stable
BTN,External debt,114.49950351728,2023-12-31,-0.448637565423107,-0.448637565423107,2.2772452191770043,41.08227176547265,au-dessus de la mediane regionale,above regional median,en degradation,worsening
BTN,FDI net inflows,0.0841982308924301,2024-12-31,-75.11428185662116,-75.11428185662116,-0.3914188114518159,0.5027596284384255,sous la mediane regionale,below regional median,en degradation,worsening
BTN,Fiscal balance,-1.025,2026-12-31,-27.32919254658383,-27.32919254658383,3.772,-4.8629999999999995,au-dessus de la mediane regionale,above regional median,en amelioration,improving
BTN,GDP growth,7.49856206754038,2024-12-31,61.88056707626567,61.88056707626567,1.7434135550753203,4.6078376282413505,au-dessus de la mediane regionale,above regional median,en amelioration,improving
BTN,GDP per capita,4228.05102403654,2024-12-31,10.354789310934724,10.354789310934724,651.1711530315101,3410.73357042214,au-dessus de la mediane regionale,above regional median,en amelioration,improving
BTN,Gen gov debt,120.282,2026-12-31,16.088870015056173,16.088870015056173,-4.188000000000002,92.101,au-dessus de la mediane regionale,above regional median,en amelioration,improving
BTN,Gini,28.5,2022-12-31,-23.796791443850264,-23.796791443850264,-8.899999999999999,29.65,proche de la mediane regionale,near regional median,en amelioration,improving
BTN,Gov debt,111.007884099526,2020-12-31,22.854290154693253,22.854290154693253,29.95732310618989,51.9103096380514,au-dessus de la mediane regionale,above regional median,en degradation,worsening
BTN,Inflation,2.76131569624098,2024-12-31,-34.71054692822361,-34.71054692822361,0.034885322352660175,3.72320611944934,sous la mediane regionale,below regional median,stable,stable
BTN,Interest rate,10.54,2024-12-31,-14.09942950285249,-14.09942950285249,-3.460000000000001,10.54,proche de la mediane regionale,near regional median,en degradation,worsening
BTN,Political stability,1.3541153,2024-12-31,1.6400561029356362,1.6400561029356362,0.19000400000000006,-0.3824578999999999,au-dessus de la mediane regionale,above regional median,en amelioration,improving
BTN,Regulatory quality,-0.0912943,2024-12-31,16.431598700169346,16.431598700169346,-0.021740999999999996,-0.26728214999999994,au-dessus de la mediane regionale,above regional median,stable,stable
BTN,Reserves,6.61474201389783,2024-12-31,64.82260294934039,64.82260294934039,-3.3709035593552894,4.844242751776751,au-dessus de la mediane regionale,above regional median,en degradation,worsening
BTN,Rule of law,0.7902665,2024-12-31,9.759053179355808,9.759053179355808,0.12839790000000006,-0.1484874,au-dessus de la mediane regionale,above regional median,en amelioration,improving
BTN,Tax revenue,12.2846363802964,2020-12-31,-15.264068220166399,-15.264068220166399,0.13929095742749986,11.081777030623034,au-dessus de la mediane regionale,above regional median,en amelioration,improving
BTN,Unemployment,3.282,2024-12-31,4.990403071017279,4.990403071017279,0.5619999999999998,4.2059999999999995,sous la mediane regionale,below regional median,en degradation,worsening
BTN,Women in workforce,56.636,2024-12-31,0.031792009608253,0.031792009608253,-3.9949999999999974,35.561499999999995,au-dessus de la mediane regionale,above regional median,en degradation,worsening
BTN,Youth unemployment,17.934,2024-12-31,20.048195997054698,20.048195997054698,6.3740000000000006,16.84,proche de la mediane regionale,near regional median,en degradation,worsening
BWA,Agriculture value added,1.76210010863351,2024-12-31,5.104742951965329,5.104742951965329,-0.3213293848830401,20.7932870939229,sous la mediane regionale,below regional median,en degradation,worsening
BWA,CO2 per capita,4.79850575474022,2024-12-31,-5.601615622517192,-5.601615622517192,-0.5274196089796801,1.52210243022339,au-dessus de la mediane regionale,above regional median,en degradation,worsening
BWA,Commodity dependence,0.667839081647159,2023-12-31,-3.765906602668622,-3.765906602668622,0.47803797777983403,1.604781106301575,sous la mediane regionale,below regional median,en degradation,worsening
BWA,Control of corruption,0.6311414,2024-12-31,4.030792809011439,4.030792809011439,-0.19117399999999996,-0.7934948,au-dessus de la mediane regionale,above regional median,en degradation,worsening
BWA,Current account,-4.25763140157322,2024-12-31,-386.1509916119577,-386.1509916119577,2.64742338033475,-4.05918464223764,au-dessus de la mediane regionale,above regional median,en amelioration,improving
BWA,Debt service,4.71797953358513,2024-12-31,28.677952224200208,28.677952224200208,1.7016737233317194,11.8141665228846,sous la mediane regionale,below regional median,en degradation,worsening
BWA,Dependency ratio,56.655146530662,2024-12-31,-0.36900694189571454,-0.36900694189571454,-2.366089413131597,76.3947216046137,sous la mediane regionale,below regional median,en amelioration,improving
BWA,Domestic credit,33.1256504356331,2024-12-31,10.213219186759583,10.213219186759583,-2.8115044654142025,15.8986695709198,au-dessus de la mediane regionale,above regional median,en degradation,worsening
BWA,Electricity access,80.2,2024-12-31,5.5263157894736885,5.5263157894736885,10.100000000000009,57.8,au-dessus de la mediane regionale,above regional median,en amelioration,improving
BWA,External debt,11.9275332021357,2024-12-31,6.141647666316873,6.141647666316873,2.60413871756926,43.99766261125275,sous la mediane regionale,below regional median,en degradation,worsening
BWA,FDI net inflows,2.42279666305462,2024-12-31,-36.5702124604306,-36.5702124604306,1.8631431650128571,2.351663747275275,proche de la mediane regionale,near regional median,en amelioration,improving
BWA,Fiscal balance,-10.688,2026-12-31,-98.88351321176036,-98.88351321176036,-8.355,-2.4305,sous la mediane regionale,below regional median,en degradation,worsening
BWA,GDP growth,-2.77988981666252,2024-12-31,-186.65307938404052,-186.65307938404052,-5.81166321120922,4.366019176358015,sous la mediane regionale,below regional median,en degradation,worsening
BWA,GDP per capita,7649.81663744354,2024-12-31,-2.2674949960231205,-2.2674949960231205,477.7270726432598,1189.858061476885,au-dessus de la mediane regionale,above regional median,en amelioration,improving
BWA,Gen gov debt,47.015,2026-12-31,21.674430641821946,21.674430641821946,24.733,53.801,sous la mediane regionale,below regional median,en degradation,worsening
BWA,Gini,54.9,2015-12-31,-3.5149384885764503,-3.5149384885764503,-2.0,38.5,au-dessus de la mediane regionale,above regional median,en amelioration,improving
BWA,Gov debt,19.7464546226653,2023-12-31,7.7095982020487615,7.7095982020487615,4.5157394784044005,45.07729323099015,sous la mediane regionale,below regional median,en degradation,worsening
BWA,Inflation,2.81835131676251,2024-12-31,-44.38505998705317,-44.38505998705317,0.045486888129299796,4.214928221107796,sous la mediane regionale,below regional median,stable,stable
BWA,Interest rate,6.26,2024-12-31,-7.102359094149119,-7.102359094149119,-0.13583333333333059,11.7409744802492,sous la mediane regionale,below regional median,en degradation,worsening
BWA,Political stability,1.0322942,2024-12-31,1.9323814127139132,1.9323814127139132,-0.1216161,-0.5953656,au-dessus de la mediane regionale,above regional median,en degradation,worsening
BWA,Regulatory quality,0.4019336,2024-12-31,-9.990952820301512,-9.990952820301512,-0.027754999999999974,-0.7386300499999999,au-dessus de la mediane regionale,above regional median,stable,stable
BWA,Reserves,4.75676435737337,2024-12-31,-33.74816638061378,-33.74816638061378,-3.59568448859497,3.5612582316005197,au-dessus de la mediane regionale,above regional median,en degradation,worsening
BWA,Rule of law,0.3120842,2024-12-31,-6.0748934899774065,-6.0748934899774065,-0.13983060000000003,-0.8753552499999999,au-dessus de la mediane regionale,above regional median,en degradation,worsening
BWA,Tax revenue,22.4198951581769,2023-12-31,14.098890529720354,14.098890529720354,0.6794005890198989,12.7396805065136,au-dessus de la mediane regionale,above regional median,en amelioration,improving
BWA,Unemployment,23.81,2024-12-31,1.834823146999694,1.834823146999694,3.7159999999999975,5.487,au-dessus de la mediane regionale,above regional median,en degradation,worsening
BWA,Women in workforce,63.45,2024-12-31,0.037839371866428446,0.037839371866428446,5.406000000000006,57.104,au-dessus de la mediane regionale,above regional median,en amelioration,improving
BWA,Youth unemployment,45.296,2024-12-31,2.10770722030613,2.10770722030613,10.707999999999998,8.814,au-dessus de la mediane regionale,above regional median,en degradation,worsening
CAF,Agriculture value added,27.8986367879887,2024-12-31,-2.49001207027738,-2.49001207027738,-0.4431956769550993,20.7932870939229,au-dessus de la mediane regionale,above regional median,en degradation,worsening
CAF,CO2 per capita,2.522056244126,2024-12-31,1.6982364229549036,1.6982364229549036,0.03970290561405987,1.52210243022339,au-dessus de la mediane regionale,above regional median,stable,stable
CAF,Commodity dependence,0.0317291209436773,2024-12-31,400.40693240910707,400.40693240910707,0.020385225098629403,1.604781106301575,sous la mediane regionale,below regional median,stable,stable
CAF,Control of corruption,-1.3099708,2024-12-31,5.186857708067723,5.186857708067723,-0.10854600000000025,-0.7934948,sous la mediane regionale,below regional median,en degradation,worsening
CAF,Debt service,13.3966251157824,2024-12-31,32.80122927203944,32.80122927203944,4.5453943260355505,11.8141665228846,au-dessus de la mediane regionale,above regional median,en degradation,worsening
CAF,Dependency ratio,104.726849849797,2024-12-31,-0.42852542777236086,-0.42852542777236086,-0.227626384417988,76.3947216046137,au-dessus de la mediane regionale,above regional median,en amelioration,improving
CAF,Domestic credit,13.0385826544527,2022-12-31,10.546220195125192,10.546220195125192,1.8235649202431006,15.8986695709198,sous la mediane regionale,below regional median,en amelioration,improving
CAF,Electricity access,18.2,2024-12-31,3.409090909090897,3.409090909090897,3.8999999999999986,57.8,sous la mediane regionale,below regional median,en amelioration,improving
CAF,External debt,35.8540712601052,2024-12-31,-10.437756364667578,-10.437756364667578,-0.5131227250064967,43.99766261125275,sous la mediane regionale,below regional median,en amelioration,improving
CAF,FDI net inflows,1.46851186564355,2024-12-31,-3.1354379815492566,-3.1354379815492566,0.31598206668525,2.351663747275275,sous la mediane regionale,below regional median,en amelioration,improving
CAF,Fiscal balance,-4.984,2026-12-31,-11.673762043468516,-11.673762043468516,0.4660000000000002,-2.4305,sous la mediane regionale,below regional median,en amelioration,improving
CAF,GDP growth,1.49999999847535,2024-12-31,114.29538774115345,114.29538774115345,-1.6000000015246398,4.366019176358015,sous la mediane regionale,below regional median,en degradation,worsening
CAF,GDP per capita,516.160999996036,2024-12-31,4.069145445026175,4.069145445026175,66.932532393597,1189.858061476885,sous la mediane regionale,below regional median,en amelioration,improving
CAF,Gen gov debt,63.962,2026-12-31,3.4682454948396995,3.4682454948396995,17.686,53.801,au-dessus de la mediane regionale,above regional median,en degradation,worsening
CAF,Gini,43.0,2021-12-31,-23.48754448398577,-23.48754448398577,-13.200000000000003,38.5,au-dessus de la mediane regionale,above regional median,en amelioration,improving
CAF,Inflation,1.47733600718744,2024-12-31,-50.41063065042809,-50.41063065042809,-1.20803754548043,4.214928221107796,sous la mediane regionale,below regional median,en amelioration,improving
CAF,Political stability,-1.8329469,2024-12-31,2.199632925860906,2.199632925860906,0.019906800000000002,-0.5953656,sous la mediane regionale,below regional median,stable,stable
CAF,Regulatory quality,-1.268058,2024-12-31,4.538404069549479,4.538404069549479,0.0993244000000002,-0.7386300499999999,sous la mediane regionale,below regional median,en amelioration,improving
CAF,Rule of law,-1.7147975,2024-12-31,0.5828215932710202,0.5828215932710202,-0.13080219999999998,-0.8753552499999999,sous la mediane regionale,below regional median,en degradation,worsening
CAF,Tax revenue,8.20629229709995,2021-12-31,-5.779254376230276,-5.779254376230276,1.3987033600893097,12.7396805065136,sous la mediane regionale,below regional median,en amelioration,improving
CAF,Unemployment,6.253,2024-12-31,1.1648600550072814,1.1648600550072814,0.33699999999999974,5.487,au-dessus de la mediane regionale,above regional median,en degradation,worsening
CAF,Women in workforce,65.544,2024-12-31,-0.09754907938057426,-0.09754907938057426,0.18500000000000227,57.104,au-dessus de la mediane regionale,above regional median,en amelioration,improving
CAF,Youth unemployment,9.991,2024-12-31,1.3183247135178886,1.3183247135178886,0.3539999999999992,8.814,au-dessus de la mediane regionale,above regional median,en degradation,worsening
CAN,Agriculture value added,1.93275289413659,2022-12-31,20.94911195743519,20.94911195743519,0.04276267623040986,0.942961672907101,au-dessus de la mediane regionale,above regional median,stable,stable
CAN,CO2 per capita,18.6140462405794,2024-12-31,-1.2927987294842624,-1.2927987294842624,-2.7982829873708006,17.3898578550286,proche de la mediane regionale,near regional median,en degradation,worsening
CAN,Commodity dependence,27.6974112165315,2024-12-31,9.911474821867932,9.911474821867932,5.5565604340314,18.3113039630256,au-dessus de la mediane regionale,above regional median,en degradation,worsening
CAN,Control of corruption,1.6319089,2024-12-31,0.3412839383988187,0.3412839383988187,-0.16359839999999992,1.1762344,au-dessus de la mediane regionale,above regional median,en degradation,worsening
CAN,Current account,-0.487852623579789,2024-12-31,29.67838715213173,29.67838715213173,1.4638459066561809,-0.487852623579789,au-dessus de la mediane regionale,above regional median,en amelioration,improving
CAN,Dependency ratio,53.6355811837047,2024-12-31,1.100316517312348,1.100316517312348,3.225008264824403,54.4480426095951,proche de la mediane regionale,near regional median,en degradation,worsening
CAN,Domestic credit,124.097472125061,2008-12-31,0.4564133520369673,0.4564133520369673,10.856672248752005,159.986273901468,sous la mediane regionale,below regional median,en amelioration,improving
CAN,Electricity access,100.0,2024-12-31,0.0,0.0,0.0,100.0,proche de la mediane regionale,near regional median,stable,stable
CAN,FDI net inflows,2.77756440541293,2024-12-31,38.98830096902498,38.98830096902498,-0.029196398879930197,1.2816357911399,au-dessus de la mediane regionale,above regional median,stable,stable
CAN,Fiscal balance,-2.431,2026-12-31,-16.09360076408788,-16.09360076408788,1.2690000000000001,-4.9665,au-dessus de la mediane regionale,above regional median,en amelioration,improving
CAN,GDP growth,2.04626605401701,2024-12-31,4.770939673538022,4.770939673538022,0.13783411514450017,2.04626605401701,proche de la mediane regionale,near regional median,en amelioration,improving
CAN,GDP per capita,55015.7066917734,2024-12-31,0.3066130033763504,0.3066130033763504,8662.737170880697,86169.6641581917,sous la mediane regionale,below regional median,en amelioration,improving
CAN,Gen gov debt,110.733,2026-12-31,-2.443042658537871,-2.443042658537871,-1.8729999999999905,118.257,proche de la mediane regionale,near regional median,en amelioration,improving
CAN,Gini,31.5,2022-12-31,1.2861736334405098,1.2861736334405098,-1.7999999999999972,36.65,sous la mediane regionale,below regional median,en amelioration,improving
CAN,Gov debt,64.1314232901439,2024-12-31,6.080561496085048,6.080561496085048,10.776388988148,89.94988795422995,sous la mediane regionale,below regional median,en degradation,worsening
CAN,Inflation,2.38158383281173,2024-12-31,-38.60317474190454,-38.60317474190454,0.43231480869579975,2.6655545188319,sous la mediane regionale,below regional median,en degradation,worsening
CAN,Interest rate,2.7,2017-12-31,0.0,0.0,-0.2999999999999998,2.975,proche de la mediane regionale,near regional median,en degradation,worsening
CAN,Political stability,0.5984769,2024-12-31,-4.515681172493772,-4.515681172493772,-0.3057044,0.5984769,proche de la mediane regionale,near regional median,en degradation,worsening
CAN,Regulatory quality,1.3622118,2024-12-31,-13.37043453044155,-13.37043453044155,-0.3204365,1.3524886,proche de la mediane regionale,near regional median,en degradation,worsening
CAN,Reserves,1.5422071135267,2024-12-31,-0.9596175186238987,-0.9596175186238987,0.09444832043501994,1.741263847087085,sous la mediane regionale,below regional median,en amelioration,improving
CAN,Rule of law,1.4608299,2024-12-31,1.717194526183952,1.717194526183952,-0.22143409999999997,0.9617896,au-dessus de la mediane regionale,above regional median,en degradation,worsening
CAN,Tax revenue,13.7145570395982,2024-12-31,-0.16909597235449847,-0.16909597235449847,0.9728956749872992,12.24201570317055,au-dessus de la mediane regionale,above regional median,en amelioration,improving
CAN,Unemployment,6.351,2024-12-31,17.285318559556785,17.285318559556785,0.6609999999999996,5.1865000000000006,au-dessus de la mediane regionale,above regional median,en degradation,worsening
CAN,Women in workforce,60.415,2024-12-31,-1.176104949782447,-1.176104949782447,-0.838000000000001,58.488,proche de la mediane regionale,near regional median,en degradation,worsening
CAN,Youth unemployment,13.276,2024-12-31,22.85767166389044,22.85767166389044,2.532,11.097999999999999,au-dessus de la mediane regionale,above regional median,en degradation,worsening
CHE,Agriculture value added,0.609491823525514,2024-12-31,0.01628193554274303,0.01628193554274303,-0.033448468328701964,2.6262814922641997,sous la mediane regionale,below regional median,stable,stable
CHE,CO2 per capita,4.77397240955665,2024-12-31,-1.026029258470158,-1.026029258470158,-0.77166575036349,6.87868940323143,sous la mediane regionale,below regional median,en degradation,worsening
CHE,Commodity dependence,1.20770479250597,2024-12-31,-17.402766934481857,-17.402766934481857,0.3948540288014981,5.79530570621524,sous la mediane regionale,below regional median,en degradation,worsening
CHE,Control of corruption,2.0072184,2024-12-31,-4.292562252773742,-4.292562252773742,-0.29375149999999994,0.5531621,au-dessus de la mediane regionale,above regional median,en degradation,worsening
CHE,Current account,8.88762829753527,2024-12-31,51.57613652162456,51.57613652162456,4.86350700660941,-0.432631418354181,au-dessus de la mediane regionale,above regional median,en amelioration,improving
CHE,Dependency ratio,53.7748649242138,2024-12-31,1.5433936304409759,1.5433936304409759,3.142087388650701,55.30208239407135,proche de la mediane regionale,near regional median,en degradation,worsening
CHE,Domestic credit,167.772890998961,2016-12-31,2.3480091953315765,2.3480091953315765,13.890419337005994,51.23226305443685,au-dessus de la mediane regionale,above regional median,en amelioration,improving
CHE,Electricity access,100.0,2024-12-31,0.0,0.0,0.0,100.0,proche de la mediane regionale,near regional median,stable,stable
CHE,FDI net inflows,-11.1757250603926,2024-12-31,10.132838313488524,10.132838313488524,-14.211518147823389,2.46510904267828,sous la mediane regionale,below regional median,en degradation,worsening
CHE,Fiscal balance,0.218,2026-12-31,-62.28373702422145,-62.28373702422145,0.369,-2.067,au-dessus de la mediane regionale,above regional median,en amelioration,improving
CHE,GDP growth,1.39033363875791,2024-12-31,68.41078366094655,68.41078366094655,0.27501176678316996,2.59946721553708,sous la mediane regionale,below regional median,en amelioration,improving
CHE,GDP per capita,107702.065940312,2024-12-31,3.113756884933839,3.113756884933839,21829.095709966597,29603.7772588256,au-dessus de la mediane regionale,above regional median,en amelioration,improving
CHE,Gen gov debt,38.501,2026-12-31,-2.326348368765543,-2.326348368765543,-1.2409999999999997,46.406,sous la mediane regionale,below regional median,en amelioration,improving
CHE,Gini,33.8,2022-12-31,0.0,0.0,1.0999999999999943,30.65,au-dessus de la mediane regionale,above regional median,en degradation,worsening
CHE,Gov debt,22.2786942016816,2024-12-31,16.31371634176347,16.31371634176347,3.7109314713065977,40.04160644426225,sous la mediane regionale,below regional median,en degradation,worsening
CHE,Inflation,1.06234041976595,2024-12-31,-50.25100768505695,-50.25100768505695,0.6994542398252761,2.83581658224034,sous la mediane regionale,below regional median,en degradation,worsening
CHE,Interest rate,2.97616142777778,2024-12-31,3.910901015808882,3.910901015808882,0.34323824777778,6.65405833333333,sous la mediane regionale,below regional median,en amelioration,improving
CHE,Political stability,0.9806678,2024-12-31,-1.0198010298437121,-1.0198010298437121,-0.21946390000000005,0.3087034999999999,au-dessus de la mediane regionale,above regional median,en degradation,worsening
CHE,Regulatory quality,1.7710562,2024-12-31,-1.9049444210276778,-1.9049444210276778,0.003935200000000139,0.6500427999999999,au-dessus de la mediane regionale,above regional median,stable,stable
CHE,Reserves,13.1903467469865,2024-12-31,1.9080966747746084,1.9080966747746084,-3.3571466172349,2.89106960627006,au-dessus de la mediane regionale,above regional median,en degradation,worsening
CHE,Rule of law,1.7636516,2024-12-31,-1.5869175364236665,-1.5869175364236665,-0.15047100000000002,0.6192042999999999,au-dessus de la mediane regionale,above regional median,en degradation,worsening
CHE,Tax revenue,9.45066745280502,2024-12-31,8.957245080302645,8.957245080302645,-0.2544842472829014,20.82863605996785,sous la mediane regionale,below regional median,en degradation,worsening
CHE,Unemployment,4.343,2024-12-31,7.420232500618348,7.420232500618348,-0.051000000000000156,5.4,sous la mediane regionale,below regional median,en amelioration,improving
CHE,Women in workforce,62.53,2024-12-31,0.24849699398797778,0.24849699398797778,-0.5489999999999995,54.888,au-dessus de la mediane regionale,above regional median,en degradation,worsening
CHE,Youth unemployment,8.238,2024-12-31,4.742530197075643,4.742530197075643,0.24499999999999922,14.316,sous la mediane regionale,below regional median,en degradation,worsening
CHI,Agriculture value added,0.59887341153067,2023-12-31,-7.9198936196880165,-7.9198936196880165,-0.16861375467133,2.6262814922641997,sous la mediane regionale,below regional median,en degradation,worsening
CHI,Dependency ratio,52.05480690965,2024-12-31,0.7757584429517939,0.7757584429517939,1.2801705609088998,55.30208239407135,proche de la mediane regionale,near regional median,en degradation,worsening
CHI,Electricity access,100.0,2024-12-31,0.0,0.0,0.0,100.0,proche de la mediane regionale,near regional median,stable,stable
CHI,GDP growth,3.71500590367266,2023-12-31,-30.456144796203095,-30.456144796203095,2.5927623378208597,2.59946721553708,au-dessus de la mediane regionale,above regional median,en amelioration,improving
CHI,GDP per capita,74585.5224096294,2023-12-31,10.289331319260784,10.289331319260784,13800.709869913197,29603.7772588256,au-dessus de la mediane regionale,above regional median,en amelioration,improving
CHI,Unemployment,6.031,2024-12-31,1.7375168690958125,1.7375168690958125,-0.15399999999999991,5.4,au-dessus de la mediane regionale,above regional median,en amelioration,improving
CHI,Women in workforce,49.628,2024-12-31,-0.7459850802983892,-0.7459850802983892,-1.6820000000000022,54.888,proche de la mediane regionale,near regional median,en degradation,worsening
CHI,Youth unemployment,13.699,2024-12-31,2.368853684053207,2.368853684053207,-0.051000000000000156,14.316,proche de la mediane regionale,near regional median,en amelioration,improving
CHL,Agriculture value added,3.8252849419574,2024-12-31,12.812592307848758,12.812592307848758,-0.16219231430518022,3.86944846371998,proche de la mediane regionale,near regional median,en degradation,worsening
CHL,CO2 per capita,5.97633536963317,2024-12-31,0.556663308394806,0.556663308394806,-0.9670690220495199,4.11421182432227,au-dessus de la mediane regionale,above regional median,en degradation,worsening
CHL,Commodity dependence,1.32012360616343,2024-12-31,-26.880406018319526,-26.880406018319526,0.3239282179186761,3.00864273328603,sous la mediane regionale,below regional median,en degradation,worsening
CHL,Control of corruption,1.1057968,2024-12-31,7.168080605205822,7.168080605205822,-0.051239899999999894,-0.2654917,au-dessus de la mediane regionale,above regional median,en degradation,worsening
CHL,Current account,-1.16817210444884,2024-12-31,62.36908973828908,62.36908973828908,4.04383980201717,-1.66760721722233,au-dessus de la mediane regionale,above regional median,en amelioration,improving
CHL,Dependency ratio,45.1405085154006,2024-12-31,0.11016377477544673,0.11016377477544673,0.15204589317399808,48.981079443401555,proche de la mediane regionale,near regional median,en degradation,worsening
CHL,Domestic credit,104.567816282613,2024-12-31,-4.508713988942794,-4.508713988942794,-18.670913501458003,45.1288088227477,au-dessus de la mediane regionale,above regional median,en degradation,worsening
CHL,Electricity access,99.0,2024-12-31,-1.0,-1.0,-1.0,99.8,proche de la mediane regionale,near regional median,en degradation,worsening
CHL,FDI net inflows,3.97989457086765,2024-12-31,-30.46283903870196,-30.46283903870196,-0.8992571536525897,3.01317166597907,au-dessus de la mediane regionale,above regional median,en degradation,worsening
CHL,Fiscal balance,-2.465,2026-12-31,-23.6828901154039,-23.6828901154039,5.0600000000000005,-0.749,sous la mediane regionale,below regional median,en amelioration,improving
CHL,GDP growth,2.45925474781374,2025-12-31,-12.32998366205223,-12.32998366205223,8.59895168900234,3.3669492581395,sous la mediane regionale,below regional median,en amelioration,improving
CHL,GDP per capita,16658.9652720351,2024-12-31,-2.473742674035813,-2.473742674035813,2162.0307079988997,13969.7836603737,au-dessus de la mediane regionale,above regional median,en amelioration,improving
CHL,Gen gov debt,42.465,2026-12-31,1.6541389380954719,1.6541389380954719,6.017000000000003,63.608,sous la mediane regionale,below regional median,en degradation,worsening
CHL,Gini,43.0,2024-12-31,-0.4629629629629695,-0.4629629629629695,-2.299999999999997,43.0,proche de la mediane regionale,near regional median,en amelioration,improving
CHL,Gov debt,13.1456400046218,2000-12-31,,,,59.3486130705839,sous la mediane regionale,below regional median,en degradation,worsening
CHL,Inflation,4.21293601694293,2025-12-31,-1.9709170650046595,-1.9709170650046595,1.1674451688996696,3.42967284899735,au-dessus de la mediane regionale,above regional median,en degradation,worsening
CHL,Interest rate,4.17801925025561,2018-12-31,-8.23298396588623,-8.23298396588623,-5.083857531665401,8.80431027070166,sous la mediane regionale,below regional median,en degradation,worsening
CHL,Political stability,0.1213566,2024-12-31,38.42952911424748,38.42952911424748,-0.0443672999999999,0.3600136,sous la mediane regionale,below regional median,stable,stable
CHL,Regulatory quality,0.7807061,2024-12-31,-7.880231785543736,-7.880231785543736,-0.29654709999999995,-0.0738011,au-dessus de la mediane regionale,above regional median,en degradation,worsening
CHL,Reserves,4.18812833070743,2024-12-31,-4.698566388924436,-4.698566388924436,-0.5091523487396996,4.20470125653228,proche de la mediane regionale,near regional median,en degradation,worsening
CHL,Rule of law,0.6910552999999999,2024-12-31,3.95243360851697,3.95243360851697,-0.2231892000000001,-0.2513801,au-dessus de la mediane regionale,above regional median,en degradation,worsening
CHL,Tax revenue,18.2645857950519,2024-12-31,3.1642287914878406,3.1642287914878406,0.5472215318625011,15.9189020036855,au-dessus de la mediane regionale,above regional median,en amelioration,improving
CHL,Unemployment,8.718,2024-12-31,-3.273050038832796,-3.273050038832796,1.2249999999999996,6.448,au-dessus de la mediane regionale,above regional median,en degradation,worsening
CHL,Women in workforce,52.784,2024-12-31,1.5799703635278908,1.5799703635278908,0.13299999999999557,52.394,proche de la mediane regionale,near regional median,en amelioration,improving
CHL,Youth unemployment,20.988,2024-12-31,-4.48277431393073,-4.48277431393073,2.035,15.674,au-dessus de la mediane regionale,above regional median,en degradation,worsening
CHN,Agriculture value added,6.7975741844132,2024-12-31,-1.334566620762213,-1.334566620762213,-0.20864157347021006,9.79503060602777,sous la mediane regionale,below regional median,en degradation,worsening
CHN,CO2 per capita,11.0265417768236,2024-12-31,0.9309068669028437,0.9309068669028437,1.0440078662076893,2.96182966114834,au-dessus de la mediane regionale,above regional median,en amelioration,improving
CHN,Commodity dependence,1.49786393169736,2024-12-31,-17.133575033970963,-17.133575033970963,-0.37678911284801986,1.446086854730515,proche de la mediane regionale,near regional median,en amelioration,improving
CHN,Control of corruption,0.0886811,2024-12-31,-22.088251444134503,-22.088251444134503,0.1382968999999999,0.38264925,sous la mediane regionale,below regional median,en amelioration,improving
CHN,Current account,2.46818591485776,2024-12-31,75.44544740869249,75.44544740869249,1.8482248341417007,2.19482817825998,au-dessus de la mediane regionale,above regional median,en amelioration,improving
CHN,Debt service,8.59286077464029,2024-12-31,-27.368236861747658,-27.368236861747658,-0.902307947755391,9.284516256809514,proche de la mediane regionale,near regional median,en amelioration,improving
CHN,Dependency ratio,44.2441142865473,2024-12-31,-1.085631385347061,-1.085631385347061,0.856750919058598,53.5253966955507,sous la mediane regionale,below regional median,en degradation,worsening
CHN,Domestic credit,194.312528264561,2024-12-31,2.4818843701982902,2.4818843701982902,32.104962031802984,92.64512899225335,au-dessus de la mediane regionale,above regional median,en amelioration,improving
CHN,Electricity access,100.0,2024-12-31,0.0,0.0,0.0,100.0,proche de la mediane regionale,near regional median,stable,stable
CHN,External debt,13.0007522555005,2024-12-31,-3.746268019228073,-3.746268019228073,-1.5594338401398016,36.46641372051265,sous la mediane regionale,below regional median,en amelioration,improving
CHN,FDI net inflows,0.227695125306895,2024-12-31,-18.967140823499506,-18.967140823499506,-1.0577971431730249,2.35252841903892,sous la mediane regionale,below regional median,en degradation,worsening
CHN,Fiscal balance,-8.153,2026-12-31,-3.6222674123030014,-3.6222674123030014,-3.1420000000000003,-1.435,sous la mediane regionale,below regional median,en degradation,worsening
CHN,GDP growth,4.95830378788091,2024-12-31,-8.450872865083019,-8.450872865083019,-1.1090742754558098,3.6482536159531502,au-dessus de la mediane regionale,above regional median,en degradation,worsening
CHN,GDP per capita,13293.1162269366,2024-12-31,2.6402075618419247,2.6402075618419247,2950.2152745031,7488.460293591284,au-dessus de la mediane regionale,above regional median,en amelioration,improving
CHN,Gen gov debt,106.895,2026-12-31,7.715794352969625,7.715794352969625,34.763999999999996,43.4465,au-dessus de la mediane regionale,above regional median,en degradation,worsening
CHN,Gini,36.0,2022-12-31,0.8403361344537735,0.8403361344537735,-3.1000000000000014,34.25,proche de la mediane regionale,near regional median,en amelioration,improving
CHN,Inflation,0.218128938439177,2024-12-31,-7.11468066258171,-7.11468066258171,-2.6811052251430927,2.18151273615189,sous la mediane regionale,below regional median,en amelioration,improving
CHN,Interest rate,4.35,2024-12-31,0.0,0.0,0.0,6.01747975323522,sous la mediane regionale,below regional median,stable,stable
CHN,Political stability,-0.1533363999999999,2024-12-31,12.103707907355345,12.103707907355345,-0.014747700000000002,0.87674265,sous la mediane regionale,below regional median,stable,stable
CHN,Regulatory quality,-0.0712903,2024-12-31,12.93734177292483,12.93734177292483,-0.009366900000000102,-0.07101989999999994,au-dessus de la mediane regionale,above regional median,stable,stable
CHN,Reserves,11.0155252612111,2024-12-31,-3.7298087263440265,-3.7298087263440265,-2.6178103363283007,5.704288535730781,au-dessus de la mediane regionale,above regional median,en degradation,worsening
CHN,Rule of law,-0.5793197999999999,2024-12-31,-4.8996968279654896,-4.8996968279654896,-0.027762399999999965,0.6409370999999999,sous la mediane regionale,below regional median,stable,stable
CHN,Tax revenue,7.01806095279297,2024-12-31,-8.119313123502684,-8.119313123502684,-1.3113645488909391,16.67863628412195,sous la mediane regionale,below regional median,en degradation,worsening
CHN,Unemployment,4.59,2024-12-31,-1.713062098501072,-1.713062098501072,0.03000000000000025,2.988,au-dessus de la mediane regionale,above regional median,stable,stable
CHN,Women in workforce,59.448,2024-12-31,-1.2754085292945407,-1.2754085292945407,-1.8569999999999993,55.596,proche de la mediane regionale,near regional median,en degradation,worsening
CHN,Youth unemployment,15.044,2024-12-31,-3.328620999871475,-3.328620999871475,4.363000000000001,9.408,au-dessus de la mediane regionale,above regional median,en degradation,worsening
CIV,Agriculture value added,15.8594343780948,2024-12-31,-0.532000088035215,-0.532000088035215,0.17138630053869974,20.7932870939229,sous la mediane regionale,below regional median,en amelioration,improving
CIV,CO2 per capita,1.19078180372597,2024-12-31,1.041944426225784,1.041944426225784,0.1334061968867002,1.52210243022339,sous la mediane regionale,below regional median,en amelioration,improving
CIV,Commodity dependence,15.1221609102397,2024-12-31,-4.110779460017627,-4.110779460017627,-1.6724623189628005,1.604781106301575,au-dessus de la mediane regionale,above regional median,en amelioration,improving
CIV,Control of corruption,-0.2850472,2024-12-31,21.187161662050656,21.187161662050656,0.24505320000000003,-0.7934948,au-dessus de la mediane regionale,above regional median,en amelioration,improving
CIV,Current account,-4.46811097764034,2024-12-31,44.49576954395158,44.49576954395158,-2.23432038739186,-4.05918464223764,sous la mediane regionale,below regional median,en degradation,worsening
CIV,Debt service,24.7283736134001,2024-12-31,23.332244659151872,23.332244659151872,3.542623549095403,11.8141665228846,au-dessus de la mediane regionale,above regional median,en degradation,worsening
CIV,Dependency ratio,76.9295481519821,2024-12-31,-1.4702400437380474,-1.4702400437380474,-4.1848449547136966,76.3947216046137,proche de la mediane regionale,near regional median,en amelioration,improving
CIV,Domestic credit,22.5184329531641,2024-12-31,2.8068571644947937,2.8068571644947937,3.4707607542753998,15.8986695709198,au-dessus de la mediane regionale,above regional median,en amelioration,improving
CIV,Electricity access,72.9,2024-12-31,0.6906077348066298,0.6906077348066298,4.300000000000011,57.8,au-dessus de la mediane regionale,above regional median,en amelioration,improving
CIV,External debt,48.8304044647452,2024-12-31,2.838433793357657,2.838433793357657,15.052442367477298,43.99766261125275,au-dessus de la mediane regionale,above regional median,en degradation,worsening
CIV,FDI net inflows,3.58346670744132,2024-12-31,16.481927199900753,16.481927199900753,2.17763622565084,2.351663747275275,au-dessus de la mediane regionale,above regional median,en amelioration,improving
CIV,Fiscal balance,-0.29,2026-12-31,90.34299034299033,90.34299034299033,2.648,-2.4305,au-dessus de la mediane regionale,above regional median,en amelioration,improving
CIV,GDP growth,6.0195346193922,2024-12-31,-8.794936256642092,-8.794936256642092,-0.7018370564575802,4.366019176358015,au-dessus de la mediane regionale,above regional median,en degradation,worsening
CIV,GDP per capita,2727.8935220697,2024-12-31,5.244190018296713,5.244190018296713,586.12516036855,1189.858061476885,au-dessus de la mediane regionale,above regional median,en amelioration,improving
CIV,Gen gov debt,55.066,2026-12-31,-2.2300344447995455,-2.2300344447995455,4.901000000000003,53.801,proche de la mediane regionale,near regional median,en degradation,worsening
CIV,Gini,35.3,2021-12-31,-5.107526881720445,-5.107526881720445,-6.200000000000003,38.5,proche de la mediane regionale,near regional median,en amelioration,improving
CIV,Inflation,3.45053028131019,2024-12-31,-21.03548353758352,-21.03548353758352,2.659674769256529,4.214928221107796,sous la mediane regionale,below regional median,en degradation,worsening
CIV,Interest rate,5.295,2016-12-31,2.7324171382375972,2.7324171382375972,0.039083333333329584,11.7409744802492,sous la mediane regionale,below regional median,stable,stable
CIV,Political stability,-0.8438331,2024-12-31,-7.160363040700164,-7.160363040700164,0.1696284,-0.5953656,sous la mediane regionale,below regional median,en amelioration,improving
CIV,Regulatory quality,-0.1669572,2024-12-31,11.60537725325092,11.60537725325092,0.1491041,-0.7386300499999999,au-dessus de la mediane regionale,above regional median,en amelioration,improving
CIV,Rule of law,-0.5781440999999999,2024-12-31,4.009780592493922,4.009780592493922,0.02175539999999998,-0.8753552499999999,au-dessus de la mediane regionale,above regional median,stable,stable
CIV,Tax revenue,13.0371915910548,2023-12-31,10.312641926326247,10.312641926326247,1.3711988444935006,12.7396805065136,proche de la mediane regionale,near regional median,en amelioration,improving
CIV,Unemployment,2.273,2024-12-31,0.44189129474150385,0.44189129474150385,-0.12799999999999967,5.487,sous la mediane regionale,below regional median,en amelioration,improving
CIV,Women in workforce,59.465,2024-12-31,0.349319923048366,0.349319923048366,3.2890000000000015,57.104,proche de la mediane regionale,near regional median,en amelioration,improving
CIV,Youth unemployment,4.249,2024-12-31,0.14140938015553475,0.14140938015553475,0.20599999999999952,8.814,sous la mediane regionale,below regional median,en degradation,worsening
CMR,Agriculture value added,18.4616384352121,2024-12-31,7.96508800607722,7.96508800607722,1.6593548707720025,20.7932870939229,sous la mediane regionale,below regional median,en amelioration,improving
CMR,CO2 per capita,1.39480349779204,2024-12-31,-1.9418130993638785,-1.9418130993638785,-0.1300045921958599,1.52210243022339,proche de la mediane regionale,near regional median,en degradation,worsening
CMR,Commodity dependence,54.0712041809673,2023-12-31,-12.953232325844027,-12.953232325844027,3.8019293995566983,1.604781106301575,au-dessus de la mediane regionale,above regional median,en degradation,worsening
CMR,Control of corruption,-1.2242854,2024-12-31,-8.687591667132011,-8.687591667132011,-0.09059130000000004,-0.7934948,sous la mediane regionale,below regional median,en degradation,worsening
CMR,Current account,-3.28354247246706,2024-12-31,20.606855562200952,20.606855562200952,0.98962750006437,-4.05918464223764,au-dessus de la mediane regionale,above regional median,en amelioration,improving
CMR,Debt service,20.1497415591014,2023-12-31,-2.1053672091547,-2.1053672091547,6.085199687092,11.8141665228846,au-dessus de la mediane regionale,above regional median,en degradation,worsening
CMR,Dependency ratio,79.3304617054918,2024-12-31,-1.20144065565309,-1.20144065565309,-4.250179641112496,76.3947216046137,proche de la mediane regionale,near regional median,en amelioration,improving
CMR,Domestic credit,14.0910928751244,2019-12-31,-4.025212022435435,-4.025212022435435,0.3632564478611986,15.8986695709198,sous la mediane regionale,below regional median,en amelioration,improving
CMR,Electricity access,72.0,2024-12-31,0.0,0.0,8.799999999999997,57.8,au-dessus de la mediane regionale,above regional median,en amelioration,improving
CMR,External debt,31.2876251648885,2024-12-31,-1.8631746720019593,-1.8631746720019593,-2.0121306346001013,43.99766261125275,sous la mediane regionale,below regional median,en amelioration,improving
CMR,FDI net inflows,1.66655391243674,2024-12-31,-0.9769865741420183,-0.9769865741420183,-0.9168521124548001,2.351663747275275,sous la mediane regionale,below regional median,en degradation,worsening
CMR,Fiscal balance,-1.669,2026-12-31,-74.39916405433648,-74.39916405433648,1.2119999999999997,-2.4305,au-dessus de la mediane regionale,above regional median,en amelioration,improving
CMR,GDP growth,3.52472308052245,2024-12-31,5.292213407647329,5.292213407647329,0.04966309857264006,4.366019176358015,sous la mediane regionale,below regional median,stable,stable
CMR,GDP per capita,1830.00833684727,2024-12-31,6.3664528015455994,6.3664528015455994,274.78173208249996,1189.858061476885,au-dessus de la mediane regionale,above regional median,en amelioration,improving
CMR,Gen gov debt,39.302,2026-12-31,-2.618994524145797,-2.618994524145797,-7.852000000000004,53.801,sous la mediane regionale,below regional median,en amelioration,improving
CMR,Gini,42.2,2021-12-31,-9.442060085836907,-9.442060085836907,-4.399999999999999,38.5,proche de la mediane regionale,near regional median,en amelioration,improving
CMR,Inflation,4.53331349711606,2024-12-31,-38.59639977877708,-38.59639977877708,2.08051135648874,4.214928221107796,proche de la mediane regionale,near regional median,en degradation,worsening
CMR,Political stability,-1.556804,2024-12-31,3.329323820536017,3.329323820536017,0.06046909999999994,-0.5953656,sous la mediane regionale,below regional median,en amelioration,improving
CMR,Regulatory quality,-0.7286714999999999,2024-12-31,1.4498275203092712,1.4498275203092712,0.044540400000000036,-0.7386300499999999,au-dessus de la mediane regionale,above regional median,stable,stable
CMR,Reserves,5.27511403162855,2024-12-31,3.331463454421958,3.331463454421958,0.8813853308607502,3.5612582316005197,au-dessus de la mediane regionale,above regional median,en amelioration,improving
CMR,Rule of law,-1.2537215,2024-12-31,-1.1006940644822212,-1.1006940644822212,-0.06447879999999984,-0.8753552499999999,sous la mediane regionale,below regional median,en degradation,worsening
CMR,Tax revenue,11.3415157249134,2021-12-31,4.332177256658096,4.332177256658096,-0.3105156629614001,12.7396805065136,sous la mediane regionale,below regional median,en degradation,worsening
CMR,Unemployment,3.603,2024-12-31,-0.11089548100914896,-0.11089548100914896,-0.028999999999999915,5.487,sous la mediane regionale,below regional median,stable,stable
CMR,Women in workforce,57.104,2024-12-31,0.015763201681408778,0.015763201681408778,-2.9309999999999974,57.104,proche de la mediane regionale,near regional median,en degradation,worsening
CMR,Youth unemployment,6.618,2024-12-31,-0.04531037607612315,-0.04531037607612315,0.03300000000000036,8.814,sous la mediane regionale,below regional median,stable,stable
COD,Agriculture value added,10.0830175169735,2024-12-31,-2.836719986364047,-2.836719986364047,-3.0681981871352004,20.7932870939229,sous la mediane regionale,below regional median,en degradation,worsening
COD,CO2 per capita,0.535264451068125,2024-12-31,-1.0061322488075426,-1.0061322488075426,0.031833705765849984,1.52210243022339,sous la mediane regionale,below regional median,stable,stable
COD,Commodity dependence,0.0004863373530622,2023-12-31,-95.59733896706253,-95.59733896706253,-0.0007478393177892,1.604781106301575,sous la mediane regionale,below regional median,stable,stable
COD,Control of corruption,-1.5153396,2024-12-31,-1.762289021524045,-1.762289021524045,0.041687699999999994,-0.7934948,sous la mediane regionale,below regional median,stable,stable
COD,Current account,-3.59163215084982,2024-12-31,35.3924564158776,35.3924564158776,0.022840083267710032,-4.05918464223764,au-dessus de la mediane regionale,above regional median,stable,stable
COD,Debt service,1.32142230470742,2024-12-31,-18.967540455184402,-18.967540455184402,-0.9566350510280699,11.8141665228846,sous la mediane regionale,below regional median,en amelioration,improving
COD,Dependency ratio,96.4966566644987,2024-12-31,-0.1922554619477446,-0.1922554619477446,0.14485934653309585,76.3947216046137,au-dessus de la mediane regionale,above regional median,en degradation,worsening
COD,Domestic credit,11.2863136949009,2023-12-31,32.15107359040979,32.15107359040979,5.36892804624128,15.8986695709198,sous la mediane regionale,below regional median,en amelioration,improving
COD,Electricity access,22.5,2024-12-31,1.8099547511312153,1.8099547511312153,3.3999999999999986,57.8,sous la mediane regionale,below regional median,en amelioration,improving
COD,External debt,18.2538680171709,2024-12-31,-1.3253152227620046,-1.3253152227620046,3.5169897162686983,43.99766261125275,sous la mediane regionale,below regional median,en degradation,worsening
COD,FDI net inflows,3.84997694352814,2024-12-31,13.20722324843727,13.20722324843727,0.9660656170071298,2.351663747275275,au-dessus de la mediane regionale,above regional median,en amelioration,improving
COD,Fiscal balance,-3.124,2026-12-31,-25.663716814159287,-25.663716814159287,-1.6150000000000002,-2.4305,sous la mediane regionale,below regional median,en degradation,worsening
COD,GDP growth,6.1025294442863,2024-12-31,-28.487294594141225,-28.487294594141225,5.5471451497054804,4.366019176358015,au-dessus de la mediane regionale,above regional median,en amelioration,improving
COD,GDP per capita,692.887665085098,2024-12-31,4.9492602531023335,4.9492602531023335,188.88347366223798,1189.858061476885,sous la mediane regionale,below regional median,en amelioration,improving
COD,Gen gov debt,24.613,2026-12-31,21.810353360388003,21.810353360388003,10.645999999999999,53.801,sous la mediane regionale,below regional median,en degradation,worsening
COD,Gini,44.7,2020-12-31,6.17577197149644,6.17577197149644,2.6000000000000014,38.5,au-dessus de la mediane regionale,above regional median,en degradation,worsening
COD,Gov debt,14.9405246182608,2022-12-31,,,,45.07729323099015,sous la mediane regionale,below regional median,en degradation,worsening
COD,Inflation,2.88585107289988,2016-12-31,287.7794908534235,287.7794908534235,-12.43066484104912,4.214928221107796,sous la mediane regionale,below regional median,en amelioration,improving
COD,Interest rate,23.2857241932595,2021-12-31,-10.296319774407534,-10.296319774407534,4.239890859926202,11.7409744802492,au-dessus de la mediane regionale,above regional median,en amelioration,improving
COD,Political stability,-2.1191762,2024-12-31,-6.9627246970529,-6.9627246970529,-0.47237790000000013,-0.5953656,sous la mediane regionale,below regional median,en degradation,worsening
COD,Regulatory quality,-1.2848458,2024-12-31,-2.132009183286249,-2.132009183286249,0.07934979999999991,-0.7386300499999999,sous la mediane regionale,below regional median,en amelioration,improving
COD,Reserves,1.69039445082268,2023-12-31,10.354162175675107,10.354162175675107,1.282165168266735,3.5612582316005197,sous la mediane regionale,below regional median,en amelioration,improving
COD,Rule of law,-1.6266053,2024-12-31,-1.3118111523100453,-1.3118111523100453,0.022629699999999975,-0.8753552499999999,sous la mediane regionale,below regional median,stable,stable
COD,Tax revenue,10.6622824647321,2022-12-31,35.524903247175956,35.524903247175956,3.9869943409562296,12.7396805065136,sous la mediane regionale,below regional median,en amelioration,improving
COD,Unemployment,4.421,2024-12-31,-1.0740657865294259,-1.0740657865294259,-0.18400000000000016,5.487,sous la mediane regionale,below regional median,en amelioration,improving
COD,Women in workforce,61.886,2024-12-31,0.27058118245597235,0.27058118245597235,0.8480000000000061,57.104,proche de la mediane regionale,near regional median,en amelioration,improving
COD,Youth unemployment,7.951,2024-12-31,-0.7489701660217153,-0.7489701660217153,-0.25700000000000056,8.814,proche de la mediane regionale,near regional median,en amelioration,improving
COG,Agriculture value added,9.44033974046224,2024-12-31,5.453725922476449,5.453725922476449,2.093348032250341,20.7932870939229,sous la mediane regionale,below regional median,en amelioration,improving
COG,CO2 per capita,3.88807068289225,2024-12-31,-1.5444660427977879,-1.5444660427977879,-0.7888539169723296,1.52210243022339,au-dessus de la mediane regionale,above regional median,en degradation,worsening
COG,Commodity dependence,85.8630872035881,2023-12-31,-1.8207771694231278,-1.8207771694231278,3.6456789584511,1.604781106301575,au-dessus de la mediane regionale,above regional median,en degradation,worsening
COG,Control of corruption,-1.423569,2024-12-31,-1.3651915773346992,-1.3651915773346992,0.07114789999999993,-0.7934948,sous la mediane regionale,below regional median,en amelioration,improving
COG,Current account,11.5738751772006,2021-12-31,-7.86178850778674,-7.86178850778674,44.4702635574873,-4.05918464223764,au-dessus de la mediane regionale,above regional median,en amelioration,improving
COG,Debt service,13.5644191652699,2024-12-31,2.0658102323337286,2.0658102323337286,7.18502979209104,11.8141665228846,au-dessus de la mediane regionale,above regional median,en degradation,worsening
COG,Dependency ratio,76.7764848143794,2024-12-31,-1.480933999347997,-1.480933999347997,-3.956859974349001,76.3947216046137,proche de la mediane regionale,near regional median,en amelioration,improving
COG,Domestic credit,13.7900478506587,2023-12-31,8.018069020365951,8.018069020365951,0.7864697389099007,15.8986695709198,sous la mediane regionale,below regional median,en amelioration,improving
COG,Electricity access,53.0,2024-12-31,3.3138401559454254,3.3138401559454254,5.299999999999997,57.8,proche de la mediane regionale,near regional median,en amelioration,improving
COG,External debt,44.8962409480798,2024-12-31,-4.938577276715673,-4.938577276715673,-21.916325802519204,43.99766261125275,proche de la mediane regionale,near regional median,en amelioration,improving
COG,FDI net inflows,3.83980276481754,2024-12-31,-6.093693050226379,-6.093693050226379,14.05455741134854,2.351663747275275,au-dessus de la mediane regionale,above regional median,en amelioration,improving
COG,Fiscal balance,4.387,2026-12-31,17.017871432381952,17.017871432381952,2.7579999999999996,-2.4305,au-dessus de la mediane regionale,above regional median,en amelioration,improving
COG,GDP growth,2.09998918002519,2024-12-31,10.127879590467652,10.127879590467652,0.9755152602599002,4.366019176358015,sous la mediane regionale,below regional median,en amelioration,improving
COG,GDP per capita,2482.2489948456,2024-12-31,0.1723396499896827,0.1723396499896827,-6.175672403559929,1189.858061476885,au-dessus de la mediane regionale,above regional median,en degradation,worsening
COG,Gen gov debt,91.279,2026-12-31,-5.742461792647673,-5.742461792647673,-6.484999999999999,53.801,au-dessus de la mediane regionale,above regional median,en amelioration,improving
COG,Gini,48.9,2011-12-31,3.3826638477801296,3.3826638477801296,1.6000000000000014,38.5,au-dessus de la mediane regionale,above regional median,en degradation,worsening
COG,Gov debt,25.4826844740907,2010-12-31,-57.6888951243401,-57.6888951243401,,45.07729323099015,sous la mediane regionale,below regional median,en degradation,worsening
COG,Inflation,3.09143630919166,2024-12-31,-28.135306667485544,-28.135306667485544,0.8853632513764103,4.214928221107796,sous la mediane regionale,below regional median,en degradation,worsening
COG,Political stability,-0.2584147,2024-12-31,-29.556894501364745,-29.556894501364745,0.337967,-0.5953656,au-dessus de la mediane regionale,above regional median,en amelioration,improving
COG,Regulatory quality,-1.1515624,2024-12-31,2.945951198660014,2.945951198660014,0.06377119999999992,-0.7386300499999999,sous la mediane regionale,below regional median,en amelioration,improving
COG,Reserves,1.60424664602081,2021-12-31,-60.51815324804251,-60.51815324804251,0.49033238109806,3.5612582316005197,sous la mediane regionale,below regional median,en amelioration,improving
COG,Rule of law,-1.1785603,2024-12-31,0.3686046214767157,0.3686046214767157,0.04384639999999984,-0.8753552499999999,sous la mediane regionale,below regional median,stable,stable
COG,Tax revenue,6.50908825817085,2021-12-31,-21.807915478754833,-21.807915478754833,-6.58037596867015,12.7396805065136,sous la mediane regionale,below regional median,en degradation,worsening
COG,Unemployment,19.895,2024-12-31,-0.12048797630403588,-0.12048797630403588,-0.5990000000000002,5.487,au-dessus de la mediane regionale,above regional median,en amelioration,improving
COG,Women in workforce,65.604,2024-12-31,-0.057889765698785386,-0.057889765698785386,-0.909000000000006,57.104,au-dessus de la mediane regionale,above regional median,en degradation,worsening
COG,Youth unemployment,40.581,2024-12-31,-0.3340128201979411,-0.3340128201979411,-1.4639999999999986,8.814,au-dessus de la mediane regionale,above regional median,en amelioration,improving
COL,Agriculture value added,9.49567972282988,2024-12-31,7.956154776772016,7.956154776772016,3.0849589011467407,3.86944846371998,au-dessus de la mediane regionale,above regional median,en amelioration,improving
COL,CO2 per capita,4.11421182432227,2024-12-31,-0.10038109912490432,-0.10038109912490432,0.08493073833974041,4.11421182432227,proche de la mediane regionale,near regional median,en amelioration,improving
COL,Commodity dependence,45.3036922636334,2024-12-31,-10.684024294500443,-10.684024294500443,-9.391193382167096,3.00864273328603,au-dessus de la mediane regionale,above regional median,en amelioration,improving
COL,Control of corruption,-0.2937197,2024-12-31,4.946588225623589,4.946588225623589,-0.021444699999999983,-0.2654917,sous la mediane regionale,below regional median,stable,stable
COL,Current account,-1.66760721722233,2024-12-31,26.46013672533412,26.46013672533412,2.91666795543827,-1.66760721722233,au-dessus de la mediane regionale,above regional median,en amelioration,improving
COL,Debt service,42.9975933296769,2024-12-31,17.101452010350556,17.101452010350556,10.0326582425904,19.75493011522935,au-dessus de la mediane regionale,above regional median,en degradation,worsening
COL,Dependency ratio,42.9603769785689,2024-12-31,0.36856886983094833,0.36856886983094833,-0.5385487055958009,48.981079443401555,sous la mediane regionale,below regional median,en amelioration,improving
COL,Domestic credit,39.3740826684054,2024-12-31,-5.325008942859862,-5.325008942859862,-6.667495438365499,45.1288088227477,sous la mediane regionale,below regional median,en degradation,worsening
COL,Electricity access,98.9,2024-12-31,0.20263424518743955,0.20263424518743955,-0.5,99.8,proche de la mediane regionale,near regional median,en degradation,worsening
COL,External debt,49.2038699846531,2024-12-31,-10.489292168349753,-10.489292168349753,5.1893883633209015,47.6233832283027,proche de la mediane regionale,near regional median,en degradation,worsening
COL,FDI net inflows,3.25416050189283,2024-12-31,-28.904491388473392,-28.904491388473392,-1.0764219074222297,3.01317166597907,proche de la mediane regionale,near regional median,en degradation,worsening
COL,Fiscal balance,-5.15,2026-12-31,-49.05933429811867,-49.05933429811867,-0.6070000000000002,-0.749,sous la mediane regionale,below regional median,en degradation,worsening
COL,GDP growth,1.49330728771066,2024-12-31,77.39042500344561,77.39042500344561,-1.69354810474467,3.3669492581395,sous la mediane regionale,below regional median,en degradation,worsening
COL,GDP per capita,7951.08624019412,2024-12-31,13.384608354982305,13.384608354982305,1478.5407909470705,13969.7836603737,sous la mediane regionale,below regional median,en amelioration,improving
COL,Gen gov debt,60.877,2026-12-31,1.685374490545868,1.685374490545868,-3.539999999999999,63.608,proche de la mediane regionale,near regional median,en amelioration,improving
COL,Gini,54.4,2024-12-31,-0.3663003663003715,-0.3663003663003715,1.8999999999999986,43.0,au-dessus de la mediane regionale,above regional median,en degradation,worsening
COL,Gov debt,71.1965371181288,2024-12-31,-0.022720924506510736,-0.022720924506510736,-1.5073414589533911,59.3486130705839,au-dessus de la mediane regionale,above regional median,en amelioration,improving
COL,Inflation,5.14222911946201,2025-12-31,-22.194549015403723,-22.194549015403723,2.6155941186149496,3.42967284899735,au-dessus de la mediane regionale,above regional median,en degradation,worsening
COL,Interest rate,14.3114389316572,2025-12-31,-12.598817997791812,-12.598817997791812,4.460914680367059,8.80431027070166,au-dessus de la mediane regionale,above regional median,en amelioration,improving
COL,Political stability,-0.9708732,2024-12-31,-21.458062409574794,-21.458062409574794,-0.06557639999999998,0.3600136,sous la mediane regionale,below regional median,en degradation,worsening
COL,Regulatory quality,0.0133922,2024-12-31,-90.19414454487877,-90.19414454487877,-0.2189429,-0.0738011,au-dessus de la mediane regionale,above regional median,en degradation,worsening
COL,Reserves,7.34464091398545,2024-12-31,2.4905539454498697,2.4905539454498697,-0.3451407704553997,4.20470125653228,au-dessus de la mediane regionale,above regional median,en degradation,worsening
COL,Rule of law,-0.5597434,2024-12-31,0.909378500188447,0.909378500188447,-0.10698630000000009,-0.2513801,sous la mediane regionale,below regional median,en degradation,worsening
COL,Tax revenue,15.2199717362872,2024-12-31,-13.192646012961415,-13.192646012961415,0.3194471130271985,15.9189020036855,proche de la mediane regionale,near regional median,en amelioration,improving
COL,Unemployment,9.619,2024-12-31,0.2919403607548793,0.2919403607548793,-0.6609999999999996,6.448,au-dessus de la mediane regionale,above regional median,en amelioration,improving
COL,Women in workforce,51.719,2024-12-31,-0.21993710570485445,-0.21993710570485445,-0.679000000000002,52.394,proche de la mediane regionale,near regional median,en degradation,worsening
COL,Youth unemployment,19.411,2024-12-31,0.23754195713918372,0.23754195713918372,-1.2469999999999999,15.674,au-dessus de la mediane regionale,above regional median,en amelioration,improving
COM,Agriculture value added,36.0674263241968,2024-12-31,5.598905394345333,5.598905394345333,0.44732833631870506,20.7932870939229,au-dessus de la mediane regionale,above regional median,en amelioration,improving
COM,CO2 per capita,1.09551041508006,2024-12-31,-0.5648612073128408,-0.5648612073128408,0.21549597277427512,1.52210243022339,sous la mediane regionale,below regional median,en amelioration,improving
COM,Commodity dependence,0.0048545734533416,2023-12-31,-62.71524085472203,-62.71524085472203,0.004813236499645342,1.604781106301575,sous la mediane regionale,below regional median,stable,stable
COM,Control of corruption,-1.1407826,2024-12-31,1.0455948397196972,1.0455948397196972,0.12896869999999994,-0.7934948,sous la mediane regionale,below regional median,en amelioration,improving
COM,Current account,-1.67952222045728,2023-12-31,-309.4903598243693,-309.4903598243693,1.1527279044691299,-4.05918464223764,au-dessus de la mediane regionale,above regional median,en amelioration,improving
COM,Debt service,17.3446983217314,2024-12-31,50.25957191930417,50.25957191930417,11.287801230335731,11.8141665228846,au-dessus de la mediane regionale,above regional median,en degradation,worsening
COM,Dependency ratio,71.2139890865842,2024-12-31,-1.147878027812788,-1.147878027812788,-4.289767191543291,76.3947216046137,proche de la mediane regionale,near regional median,en amelioration,improving
COM,Domestic credit,15.3194009591458,2024-12-31,-7.683649117117379,-7.683649117117379,-0.16820185260930032,15.8986695709198,proche de la mediane regionale,near regional median,en degradation,worsening
COM,Electricity access,91.7,2024-12-31,2.115812917594661,2.115812917594661,8.400000000000006,57.8,au-dessus de la mediane regionale,above regional median,en amelioration,improving
COM,External debt,24.8117198831103,2024-12-31,-6.538934232342972,-6.538934232342972,2.2632829517669,43.99766261125275,sous la mediane regionale,below regional median,en degradation,worsening
COM,FDI net inflows,0.440971140907408,2024-12-31,20.77030702101745,20.77030702101745,0.081077109763033,2.351663747275275,sous la mediane regionale,below regional median,en amelioration,improving
COM,Fiscal balance,-1.11,2026-12-31,44.49999999999999,44.49999999999999,1.3999999999999997,-2.4305,au-dessus de la mediane regionale,above regional median,en amelioration,improving
COM,GDP growth,3.30071498500033,2024-12-31,3.5806606731899095,3.5806606731899095,1.5399347493546498,4.366019176358015,sous la mediane regionale,below regional median,en amelioration,improving
COM,GDP per capita,1857.87060684189,2024-12-31,7.771695889134117,7.771695889134117,338.6067424812102,1189.858061476885,au-dessus de la mediane regionale,above regional median,en amelioration,improving
COM,Gen gov debt,32.379,2026-12-31,9.871055310485236,9.871055310485236,4.493999999999996,53.801,sous la mediane regionale,below regional median,en degradation,worsening
COM,Gini,30.3,2024-12-31,-11.403508771929829,-11.403508771929829,-14.999999999999996,38.5,sous la mediane regionale,below regional median,en amelioration,improving
COM,Inflation,5.05192609588218,2024-12-31,-39.66941456974295,-39.66941456974295,1.4697906511900705,4.214928221107796,au-dessus de la mediane regionale,above regional median,en degradation,worsening
COM,Interest rate,8.03375,2022-12-31,2.0158730158730096,2.0158730158730096,-2.4662500000000005,11.7409744802492,sous la mediane regionale,below regional median,en degradation,worsening
COM,Political stability,-0.2212742999999999,2024-12-31,40.89103293230025,40.89103293230025,0.2337595000000001,-0.5953656,au-dessus de la mediane regionale,above regional median,en amelioration,improving
COM,Regulatory quality,-1.2486088,2024-12-31,2.8224864348587593,2.8224864348587593,-0.03498109999999999,-0.7386300499999999,sous la mediane regionale,below regional median,stable,stable
COM,Reserves,7.61057543164725,2023-12-31,8.482155543839799,8.482155543839799,0.9361799141524099,3.5612582316005197,au-dessus de la mediane regionale,above regional median,en amelioration,improving
COM,Rule of law,-1.1308597,2024-12-31,0.30083613101618695,0.30083613101618695,-0.14933570000000007,-0.8753552499999999,sous la mediane regionale,below regional median,en degradation,worsening
COM,Unemployment,3.815,2024-12-31,-0.469606052700241,-0.469606052700241,-0.11100000000000021,5.487,sous la mediane regionale,below regional median,en amelioration,improving
COM,Women in workforce,47.126,2024-12-31,0.14450252879424932,0.14450252879424932,3.808,57.104,sous la mediane regionale,below regional median,en amelioration,improving
COM,Youth unemployment,8.814,2024-12-31,-0.16989466530751576,-0.16989466530751576,-0.2789999999999999,8.814,proche de la mediane regionale,near regional median,en amelioration,improving
CPV,Agriculture value added,4.94662582763129,2024-12-31,1.8906395701486298,1.8906395701486298,0.5092649606782897,20.7932870939229,sous la mediane regionale,below regional median,en amelioration,improving
CPV,CO2 per capita,1.73869306523243,2024-12-31,2.8508819315878666,2.8508819315878666,-0.30544586385584993,1.52210243022339,au-dessus de la mediane regionale,above regional median,en degradation,worsening
CPV,Commodity dependence,0.0,2023-12-31,,,0.0,1.604781106301575,sous la mediane regionale,below regional median,stable,stable
CPV,Control of corruption,0.9407675,2024-12-31,9.146586446723134,9.146586446723134,0.05133830000000006,-0.7934948,au-dessus de la mediane regionale,above regional median,en amelioration,improving
CPV,Current account,3.94169322459825,2024-12-31,242.32472584517066,242.32472584517066,4.910391791250227,-4.05918464223764,au-dessus de la mediane regionale,above regional median,en amelioration,improving
CPV,Debt service,12.623937653653,2024-12-31,-16.760447356373618,-16.760447356373618,5.87168227091384,11.8141665228846,proche de la mediane regionale,near regional median,en degradation,worsening
CPV,Dependency ratio,47.9410239354206,2024-12-31,-2.4463811301671363,-2.4463811301671363,-4.011046953319195,76.3947216046137,sous la mediane regionale,below regional median,en amelioration,improving
CPV,Domestic credit,54.6131421681783,2024-12-31,-3.045926316932259,-3.045926316932259,2.9745830513477003,15.8986695709198,au-dessus de la mediane regionale,above regional median,en amelioration,improving
CPV,Electricity access,98.4,2024-12-31,-0.20283975659228054,-0.20283975659228054,7.0,57.8,au-dessus de la mediane regionale,above regional median,en amelioration,improving
CPV,External debt,86.8866144784781,2024-12-31,-11.465704875670166,-11.465704875670166,-10.556680044998004,43.99766261125275,au-dessus de la mediane regionale,above regional median,en amelioration,improving
CPV,FDI net inflows,4.0509951845415,2024-12-31,-36.083638186764546,-36.083638186764546,-1.4068923721319102,2.351663747275275,au-dessus de la mediane regionale,above regional median,en degradation,worsening
CPV,Fiscal balance,-0.875,2026-12-31,-182.7814569536424,-182.7814569536424,4.447,-2.4305,au-dessus de la mediane regionale,above regional median,en amelioration,improving
CPV,GDP growth,6.98888280991075,2024-12-31,45.760805175265276,45.760805175265276,0.04105646939216001,4.366019176358015,au-dessus de la mediane regionale,above regional median,stable,stable
CPV,GDP per capita,5170.20531932535,2024-12-31,7.827150260671041,7.827150260671041,789.4241460140693,1189.858061476885,au-dessus de la mediane regionale,above regional median,en amelioration,improving
CPV,Gen gov debt,95.921,2026-12-31,-5.024011089657901,-5.024011089657901,-53.600999999999985,53.801,au-dessus de la mediane regionale,above regional median,en amelioration,improving
CPV,Gini,42.4,2015-12-31,-10.169491525423737,-10.169491525423737,-4.800000000000004,38.5,au-dessus de la mediane regionale,above regional median,en amelioration,improving
CPV,Inflation,1.04817001091965,2024-12-31,-71.85648702953957,-71.85648702953957,-0.05849673204098016,4.214928221107796,sous la mediane regionale,below regional median,en amelioration,improving
CPV,Interest rate,7.79052487582662,2024-12-31,3.480232344178173,3.480232344178173,-1.350309883325611,11.7409744802492,sous la mediane regionale,below regional median,en degradation,worsening
CPV,Political stability,0.7695825,2024-12-31,-11.45991945844821,-11.45991945844821,-0.06975500000000001,-0.5953656,au-dessus de la mediane regionale,above regional median,en degradation,worsening
CPV,Regulatory quality,0.0451434,2024-12-31,-53.30622664323534,-53.30622664323534,0.0992594,-0.7386300499999999,au-dessus de la mediane regionale,above regional median,en amelioration,improving
CPV,Reserves,5.99591137593407,2024-12-31,-10.594506658932055,-10.594506658932055,-0.5002419382548897,3.5612582316005197,au-dessus de la mediane regionale,above regional median,en degradation,worsening
CPV,Rule of law,0.424201,2024-12-31,0.406405923064561,0.406405923064561,-0.34412839999999995,-0.8753552499999999,au-dessus de la mediane regionale,above regional median,en degradation,worsening
CPV,Tax revenue,18.3857032934311,2020-12-31,0.8871255562038515,0.8871255562038515,1.2501065144981993,12.7396805065136,au-dessus de la mediane regionale,above regional median,en amelioration,improving
CPV,Unemployment,11.883,2024-12-31,0.008416091567071585,0.008416091567071585,-0.2400000000000002,5.487,au-dessus de la mediane regionale,above regional median,en amelioration,improving
CPV,Women in workforce,50.429,2024-12-31,0.4241675959853452,0.4241675959853452,0.02200000000000557,57.104,sous la mediane regionale,below regional median,stable,stable
CPV,Youth unemployment,28.1,2024-12-31,0.1961133891959341,0.1961133891959341,-0.006999999999997897,8.814,au-dessus de la mediane regionale,above regional median,stable,stable
CRI,Agriculture value added,3.42503373726182,2024-12-31,-8.256331481321032,-8.256331481321032,-0.7552241524835099,3.86944846371998,sous la mediane regionale,below regional median,en degradation,worsening
CRI,CO2 per capita,3.32888881091481,2024-12-31,1.608356976246476,1.608356976246476,0.15802533572013022,4.11421182432227,sous la mediane regionale,below regional median,en amelioration,improving
CRI,Commodity dependence,0.018380373927685,2024-12-31,-66.47490440852404,-66.47490440852404,-0.0004071854563766006,3.00864273328603,sous la mediane regionale,below regional median,stable,stable
CRI,Control of corruption,0.6792372,2024-12-31,0.24713580012595487,0.24713580012595487,-0.04572889999999996,-0.2654917,au-dessus de la mediane regionale,above regional median,stable,stable
CRI,Current account,-0.867937963911082,2024-12-31,39.006525994859565,39.006525994859565,0.291723138996568,-1.66760721722233,au-dessus de la mediane regionale,above regional median,en amelioration,improving
CRI,Dependency ratio,44.9788533469365,2024-12-31,-0.11858140646460115,-0.11858140646460115,-0.4434953588194972,48.981079443401555,proche de la mediane regionale,near regional median,en amelioration,improving
CRI,Domestic credit,51.2276495671225,2024-12-31,1.386747166660228,1.386747166660228,-4.659097728578004,45.1288088227477,au-dessus de la mediane regionale,above regional median,en degradation,worsening
CRI,Electricity access,99.8,2024-12-31,-0.20000000000000281,-0.20000000000000281,0.09999999999999432,99.8,proche de la mediane regionale,near regional median,en amelioration,improving
CRI,FDI net inflows,5.58692738273204,2024-12-31,-7.740614052339042,-7.740614052339042,1.3878784806543,3.01317166597907,au-dessus de la mediane regionale,above regional median,en amelioration,improving
CRI,Fiscal balance,-3.642,2026-12-31,-486.624203821656,-486.624203821656,-3.367,-0.749,sous la mediane regionale,below regional median,en degradation,worsening
CRI,GDP growth,4.08292444182048,2024-12-31,-14.794887971835118,-14.794887971835118,1.37478531233719,3.3669492581395,au-dessus de la mediane regionale,above regional median,en amelioration,improving
CRI,GDP per capita,18853.2828705886,2024-12-31,9.990865623802378,9.990865623802378,5901.424028404499,13969.7836603737,au-dessus de la mediane regionale,above regional median,en amelioration,improving
CRI,Gen gov debt,61.101,2026-12-31,1.1405018870423096,1.1405018870423096,-5.879000000000005,63.608,proche de la mediane regionale,near regional median,en amelioration,improving
CRI,Gini,45.8,2024-12-31,-1.9271948608137166,-1.9271948608137166,-2.4000000000000057,43.0,proche de la mediane regionale,near regional median,en amelioration,improving
CRI,Gov debt,39.3351115689137,2001-12-31,2.1642142309839087,2.1642142309839087,,59.3486130705839,sous la mediane regionale,below regional median,en degradation,worsening
CRI,Inflation,-0.412853001047069,2024-12-31,-178.60969227783107,-178.60969227783107,-2.5088993543251394,3.42967284899735,sous la mediane regionale,below regional median,en amelioration,improving
CRI,Interest rate,7.33487695166667,2024-12-31,-19.36626929703674,-19.36626929703674,-1.4112726582671993,8.80431027070166,sous la mediane regionale,below regional median,en degradation,worsening
CRI,Political stability,1.1756544,2024-12-31,-0.7269078512887652,-0.7269078512887652,0.549529,0.3600136,au-dessus de la mediane regionale,above regional median,en amelioration,improving
CRI,Regulatory quality,0.5818279,2024-12-31,1.2702559083522071,1.2702559083522071,-0.08716080000000004,-0.0738011,au-dessus de la mediane regionale,above regional median,en degradation,worsening
CRI,Reserves,4.22127418235713,2024-12-31,-0.9447309445787885,-0.9447309445787885,-0.12747225394470085,4.20470125653228,proche de la mediane regionale,near regional median,en degradation,worsening
CRI,Rule of law,0.6167412,2024-12-31,-4.102631162805804,-4.102631162805804,0.03587750000000001,-0.2513801,au-dessus de la mediane regionale,above regional median,stable,stable
CRI,Tax revenue,13.4597568416377,2024-12-31,-2.112479671071392,-2.112479671071392,0.20870676324079973,15.9189020036855,sous la mediane regionale,below regional median,en amelioration,improving
CRI,Unemployment,6.936,2024-12-31,-16.68468468468468,-16.68468468468468,-3.8710000000000004,6.448,proche de la mediane regionale,near regional median,en amelioration,improving
CRI,Women in workforce,45.982,2024-12-31,4.29595354745055,4.29595354745055,-6.744,52.394,sous la mediane regionale,below regional median,en degradation,worsening
CRI,Youth unemployment,20.481,2024-12-31,-15.743788053315773,-15.743788053315773,-10.712999999999997,15.674,au-dessus de la mediane regionale,above regional median,en amelioration,improving
CUB,Agriculture value added,1.23974637193497,2024-12-31,-11.81124750758723,-11.81124750758723,-2.32757995101944,3.86944846371998,sous la mediane regionale,below regional median,en degradation,worsening
CUB,CO2 per capita,3.27745092958577,2024-12-31,2.8985356081386953,2.8985356081386953,-0.20378053606143975,4.11421182432227,sous la mediane regionale,below regional median,en degradation,worsening
CUB,Commodity dependence,5.73613117163468,2021-12-31,-44.285063417166,-44.285063417166,1.5675961977309099,3.00864273328603,au-dessus de la mediane regionale,above regional median,en degradation,worsening
CUB,Control of corruption,-0.2262769999999999,2024-12-31,-38.94964758591124,-38.94964758591124,-0.08292129999999989,-0.2654917,au-dessus de la mediane regionale,above regional median,en degradation,worsening
CUB,Dependency ratio,46.7631927747239,2024-12-31,0.7105285576025345,0.7105285576025345,1.1577299013812947,48.981079443401555,proche de la mediane regionale,near regional median,en degradation,worsening
CUB,Electricity access,100.0,2024-12-31,0.0,0.0,0.20000000000000284,99.8,proche de la mediane regionale,near regional median,en amelioration,improving
CUB,GDP growth,-1.06173273220524,2024-12-31,44.970013299540824,44.970013299540824,-0.8986455085986159,3.3669492581395,sous la mediane regionale,below regional median,en degradation,worsening
CUB,GDP per capita,9605.27914559614,2020-12-31,4.040375156268843,4.040375156268843,1877.35917351616,13969.7836603737,sous la mediane regionale,below regional median,en amelioration,improving
CUB,Political stability,0.3155266,2024-12-31,-26.715576121464892,-26.715576121464892,-0.34371909999999994,0.3600136,sous la mediane regionale,below regional median,en degradation,worsening
CUB,Regulatory quality,-1.4371482,2024-12-31,-16.750896825759177,-16.750896825759177,-0.21280549999999998,-0.0738011,sous la mediane regionale,below regional median,en degradation,worsening
CUB,Rule of law,-0.6235716,2024-12-31,-10.17349051380005,-10.17349051380005,0.13449659999999997,-0.2513801,sous la mediane regionale,below regional median,en amelioration,improving
CUB,Unemployment,1.755,2024-12-31,1.445086705202307,1.445086705202307,0.04999999999999982,6.448,sous la mediane regionale,below regional median,stable,stable
CUB,Women in workforce,40.393,2024-12-31,-1.8610753419665158,-1.8610753419665158,-4.293999999999997,52.394,sous la mediane regionale,below regional median,en degradation,worsening
CUB,Youth unemployment,4.283,2024-12-31,0.8476571697669055,0.8476571697669055,0.034000000000000696,15.674,sous la mediane regionale,below regional median,stable,stable
CUW,Agriculture value added,0.278843437196496,2024-12-31,3.9478322028755146,3.9478322028755146,0.047075832556218,3.86944846371998,sous la mediane regionale,below regional median,stable,stable
CUW,Current account,-19.9513590637625,2023-12-31,25.420545183675173,25.420545183675173,6.7275028975494,-1.66760721722233,sous la mediane regionale,below regional median,en amelioration,improving
CUW,Dependency ratio,46.4341376396582,2024-12-31,0.8609586093408235,0.8609586093408235,2.2732395698490038,48.981079443401555,proche de la mediane regionale,near regional median,en degradation,worsening
CUW,Electricity access,100.0,2024-12-31,0.0,0.0,0.0,99.8,proche de la mediane regionale,near regional median,stable,stable
CUW,FDI net inflows,4.34710595121915,2024-12-31,4.424669019692353,4.424669019692353,-2.3687604381158005,3.01317166597907,au-dessus de la mediane regionale,above regional median,en degradation,worsening
CUW,GDP growth,5.02690015475606,2024-12-31,19.631151714225123,19.631151714225123,8.23303245823768,3.3669492581395,au-dessus de la mediane regionale,above regional median,en amelioration,improving
CUW,GDP per capita,22832.895498987,2024-12-31,7.611928431017173,7.611928431017173,3612.2088031567,13969.7836603737,au-dessus de la mediane regionale,above regional median,en amelioration,improving
CUW,Inflation,2.62220783425059,2019-12-31,1.49090270561824,1.49090270561824,1.1234681380862899,3.42967284899735,sous la mediane regionale,below regional median,en degradation,worsening
CYM,Agriculture value added,0.452648655714737,2024-12-31,10.964436214051322,10.964436214051322,0.038330802355895977,3.86944846371998,sous la mediane regionale,below regional median,stable,stable
CYM,CO2 per capita,5.45146863290221,2024-12-31,1.3914861242454615,1.3914861242454615,-0.8669474557397905,4.11421182432227,au-dessus de la mediane regionale,above regional median,en degradation,worsening
CYM,Commodity dependence,52.3114359976797,2024-12-31,49.514853238602235,49.514853238602235,,3.00864273328603,au-dessus de la mediane regionale,above regional median,en degradation,worsening
CYM,Control of corruption,0.6044807999999999,2024-12-31,0.20514110973134764,0.20514110973134764,-0.000950700000000082,-0.2654917,au-dessus de la mediane regionale,above regional median,stable,stable
CYM,Current account,-8.83509062625772,2024-12-31,9.14852429612,9.14852429612,2.0510402036010795,-1.66760721722233,sous la mediane regionale,below regional median,en amelioration,improving
CYM,Dependency ratio,33.6630464051701,2024-12-31,1.8836531560413452,1.8836531560413452,2.2028987892838003,48.981079443401555,sous la mediane regionale,below regional median,en degradation,worsening
CYM,Electricity access,100.0,2024-12-31,0.0,0.0,0.0,99.8,proche de la mediane regionale,near regional median,stable,stable
CYM,FDI net inflows,40.9173186763319,2024-12-31,-75.2702887980137,-75.2702887980137,22.7342313565771,3.01317166597907,au-dessus de la mediane regionale,above regional median,en amelioration,improving
CYM,GDP growth,3.75641197192778,2024-12-31,-35.283032903857126,-35.283032903857126,-0.15922337056638014,3.3669492581395,au-dessus de la mediane regionale,above regional median,en degradation,worsening
CYM,GDP per capita,104292.900672109,2024-12-31,4.224910759430284,4.224910759430284,16038.610304404603,13969.7836603737,au-dessus de la mediane regionale,above regional median,en amelioration,improving
CYM,Inflation,-0.62525835861814,2016-12-31,73.3652404537323,73.3652404537323,-1.95069411641478,3.42967284899735,sous la mediane regionale,below regional median,en amelioration,improving
CYM,Political stability,1.4607897,2024-12-31,-0.40843872628258243,-0.40843872628258243,0.1854327,0.3600136,au-dessus de la mediane regionale,above regional median,en amelioration,improving
CYM,Regulatory quality,1.0749224,2024-12-31,0.057302066783896224,0.057302066783896224,-0.005001100000000092,-0.0738011,au-dessus de la mediane regionale,above regional median,stable,stable
CYM,Reserves,0.264692804269898,2024-12-31,12.65419476470108,12.65419476470108,0.008448063263895023,4.20470125653228,sous la mediane regionale,below regional median,stable,stable
CYM,Rule of law,0.8301333999999999,2024-12-31,-0.007769231890374919,-0.007769231890374919,0.04678379999999993,-0.2513801,au-dessus de la mediane regionale,above regional median,stable,stable
CYP,Agriculture value added,1.15512812146527,2024-12-31,0.014627106437025377,0.014627106437025377,-0.5930772325698701,2.6262814922641997,sous la mediane regionale,below regional median,en degradation,worsening
CYP,CO2 per capita,6.87868940323143,2024-12-31,1.5796587408660554,1.5796587408660554,-0.09815238460710951,6.87868940323143,proche de la mediane regionale,near regional median,en degradation,worsening
CYP,Commodity dependence,49.0689211198229,2024-12-31,0.7120609291176413,0.7120609291176413,22.763030449923402,5.79530570621524,au-dessus de la mediane regionale,above regional median,en degradation,worsening
CYP,Control of corruption,0.5324784,2024-12-31,10.316560254345408,10.316560254345408,-0.1482559,0.5531621,proche de la mediane regionale,near regional median,en degradation,worsening
CYP,Current account,-8.15906556815552,2024-12-31,15.901345934507171,15.901345934507171,-2.635476421279531,-0.432631418354181,sous la mediane regionale,below regional median,en degradation,worsening
CYP,Dependency ratio,44.2758859500322,2024-12-31,1.477808634271136,1.477808634271136,2.8113369932015004,55.30208239407135,sous la mediane regionale,below regional median,en degradation,worsening
CYP,Domestic credit,56.6577631532363,2024-12-31,-6.461908449227863,-6.461908449227863,-50.02637296059369,51.23226305443685,au-dessus de la mediane regionale,above regional median,en degradation,worsening
CYP,Electricity access,100.0,2024-12-31,0.0,0.0,0.0,100.0,proche de la mediane regionale,near regional median,stable,stable
CYP,FDI net inflows,-133.824213233455,2024-12-31,-111.89926044214774,-111.89926044214774,-565.6127891439139,2.46510904267828,sous la mediane regionale,below regional median,en degradation,worsening
CYP,Fiscal balance,3.723,2026-12-31,24.68184862692564,24.68184862692564,3.713,-2.067,au-dessus de la mediane regionale,above regional median,en amelioration,improving
CYP,GDP growth,3.94076934447787,2024-12-31,8.847390140016348,8.847390140016348,-1.9348264893882,2.59946721553708,au-dessus de la mediane regionale,above regional median,en degradation,worsening
CYP,GDP per capita,38674.3125,2024-12-31,5.5991204467649185,5.5991204467649185,9447.14453125,29603.7772588256,au-dessus de la mediane regionale,above regional median,en amelioration,improving
CYP,Gen gov debt,50.882,2026-12-31,-7.9908139093325685,-7.9908139093325685,-45.6,46.406,proche de la mediane regionale,near regional median,en amelioration,improving
CYP,Gini,31.8,2023-12-31,0.9523809523809548,0.9523809523809548,-0.9000000000000021,30.65,proche de la mediane regionale,near regional median,en amelioration,improving
CYP,Inflation,1.80023018624824,2024-12-31,-49.16530955132548,-49.16530955132548,1.5498591894897469,2.83581658224034,sous la mediane regionale,below regional median,en degradation,worsening
CYP,Political stability,0.3858612999999999,2024-12-31,-1.9643647027169462,-1.9643647027169462,-0.3540456,0.3087034999999999,au-dessus de la mediane regionale,above regional median,en degradation,worsening
CYP,Regulatory quality,0.7395817,2024-12-31,-4.231552495965415,-4.231552495965415,-0.2999681999999999,0.6500427999999999,au-dessus de la mediane regionale,above regional median,en degradation,worsening
CYP,Reserves,0.331211499733269,2024-12-31,9.208143116832915,9.208143116832915,0.12843264039427502,2.89106960627006,sous la mediane regionale,below regional median,en amelioration,improving
CYP,Rule of law,0.6891912,2024-12-31,-9.21132190898938,-9.21132190898938,-0.16886249999999992,0.6192042999999999,au-dessus de la mediane regionale,above regional median,en degradation,worsening
CYP,Tax revenue,23.9417875708341,2024-12-31,2.7657260445542233,2.7657260445542233,0.8631436494902012,20.82863605996785,au-dessus de la mediane regionale,above regional median,en amelioration,improving
CYP,Unemployment,4.9,2024-12-31,-16.02399314481576,-16.02399314481576,-2.255,5.4,proche de la mediane regionale,near regional median,en amelioration,improving
CYP,Women in workforce,61.408,2024-12-31,-1.7393391471317645,-1.7393391471317645,1.3120000000000047,54.888,au-dessus de la mediane regionale,above regional median,en amelioration,improving
CYP,Youth unemployment,12.857,2024-12-31,-20.73366214549938,-20.73366214549938,-3.9990000000000023,14.316,sous la mediane regionale,below regional median,en amelioration,improving
CZE,Agriculture value added,1.89888309462287,2024-12-31,-11.31766727551025,-11.31766727551025,0.007365385534760183,2.6262814922641997,sous la mediane regionale,below regional median,stable,stable
CZE,CO2 per capita,9.20485486144556,2024-12-31,-8.114415725869884,-8.114415725869884,-2.8074635045015413,6.87868940323143,au-dessus de la mediane regionale,above regional median,en degradation,worsening
CZE,Commodity dependence,1.65042225091075,2024-12-31,-13.99929389166908,-13.99929389166908,-0.07369064534013003,5.79530570621524,sous la mediane regionale,below regional median,en amelioration,improving
CZE,Control of corruption,0.9310659,2024-12-31,9.547307497764795,9.547307497764795,0.3276578,0.5531621,au-dessus de la mediane regionale,above regional median,en amelioration,improving
CZE,Current account,1.69610102238123,2024-12-31,1452.481929528951,1452.481929528951,1.339905927959049,-0.432631418354181,au-dessus de la mediane regionale,above regional median,en amelioration,improving
CZE,Dependency ratio,56.8447265644664,2024-12-31,0.1002162054739588,0.1002162054739588,0.9359045333699001,55.30208239407135,proche de la mediane regionale,near regional median,en degradation,worsening
CZE,Domestic credit,48.0206642758804,2024-12-31,0.631060447042694,0.631060447042694,-1.4194404369261022,51.23226305443685,proche de la mediane regionale,near regional median,en degradation,worsening
CZE,Electricity access,100.0,2024-12-31,0.0,0.0,0.0,100.0,proche de la mediane regionale,near regional median,stable,stable
CZE,FDI net inflows,3.8933976290188,2024-12-31,12.97516937992435,12.97516937992435,-0.29365974717121013,2.46510904267828,au-dessus de la mediane regionale,above regional median,en degradation,worsening
CZE,Fiscal balance,-1.599,2026-12-31,-18.00738007380074,-18.00738007380074,2.761,-2.067,au-dessus de la mediane regionale,above regional median,en amelioration,improving
CZE,GDP growth,1.25131096245923,2024-12-31,2529.891257288964,2529.891257288964,-2.3144656188233803,2.59946721553708,sous la mediane regionale,below regional median,en degradation,worsening
CZE,GDP per capita,31827.7552539413,2024-12-31,0.2083045417608203,0.2083045417608203,7765.036252607002,29603.7772588256,proche de la mediane regionale,near regional median,en amelioration,improving
CZE,Gen gov debt,46.406,2026-12-31,4.005020282839148,4.005020282839148,5.713999999999999,46.406,proche de la mediane regionale,near regional median,en degradation,worsening
CZE,Gini,25.7,2023-12-31,-0.7722007722007695,-0.7722007722007695,0.6999999999999993,30.65,sous la mediane regionale,below regional median,en degradation,worsening
CZE,Inflation,2.43531202435314,2024-12-31,-77.15737170837875,-77.15737170837875,-0.41256393482726983,2.83581658224034,sous la mediane regionale,below regional median,en amelioration,improving
CZE,Interest rate,4.71398151729159,2024-12-31,0.6664106427600001,0.6664106427600001,1.0279493337946803,6.65405833333333,sous la mediane regionale,below regional median,en amelioration,improving
CZE,Political stability,0.9719006,2024-12-31,-9.207785873622061,-9.207785873622061,-0.06446610000000008,0.3087034999999999,au-dessus de la mediane regionale,above regional median,en degradation,worsening
CZE,Regulatory quality,1.2319075,2024-12-31,0.3571745411552707,0.3571745411552707,0.11038619999999999,0.6500427999999999,au-dessus de la mediane regionale,above regional median,en amelioration,improving
CZE,Reserves,6.9620214293683,2024-12-31,-1.8925276236688344,-1.8925276236688344,-2.1064784803858805,2.89106960627006,au-dessus de la mediane regionale,above regional median,en degradation,worsening
CZE,Rule of law,1.1881307,2024-12-31,2.373264768023844,2.373264768023844,0.07173669999999999,0.6192042999999999,au-dessus de la mediane regionale,above regional median,en amelioration,improving
CZE,Tax revenue,18.6481947859548,2024-12-31,2.779058641722119,2.779058641722119,-1.0126602950462988,20.82863605996785,sous la mediane regionale,below regional median,en degradation,worsening
CZE,Unemployment,2.6,2024-12-31,0.8142690965490464,0.8142690965490464,0.585,5.4,sous la mediane regionale,below regional median,en degradation,worsening
CZE,Women in workforce,53.656,2024-12-31,0.7794744651678202,0.7794744651678202,1.3560000000000016,54.888,proche de la mediane regionale,near regional median,en amelioration,improving
CZE,Youth unemployment,9.2,2024-12-31,8.146232514399902,8.146232514399902,3.584999999999999,14.316,sous la mediane regionale,below regional median,en degradation,worsening
DEU,Agriculture value added,0.914397651173374,2024-12-31,-1.58843093632467,-1.58843093632467,0.08127163344223598,2.6262814922641997,sous la mediane regionale,below regional median,en amelioration,improving
DEU,CO2 per capita,8.0745427438593,2024-12-31,-1.918120472529953,-1.918120472529953,-1.6259575223365292,6.87868940323143,au-dessus de la mediane regionale,above regional median,en degradation,worsening
DEU,Commodity dependence,2.07454936630529,2024-12-31,1.4612800766315923,1.4612800766315923,-0.14240061305642993,5.79530570621524,sous la mediane regionale,below regional median,en amelioration,improving
DEU,Control of corruption,1.7734211,2024-12-31,4.355535443917657,4.355535443917657,-0.10342380000000007,0.5531621,au-dessus de la mediane regionale,above regional median,en degradation,worsening
DEU,Current account,5.89380863529108,2024-12-31,7.096406874524594,7.096406874524594,-1.9809035887406496,-0.432631418354181,au-dessus de la mediane regionale,above regional median,en degradation,worsening
DEU,Dependency ratio,58.9970399490838,2024-12-31,1.7332500561760136,1.7332500561760136,4.459053089719198,55.30208239407135,proche de la mediane regionale,near regional median,en degradation,worsening
DEU,Domestic credit,77.253484574492,2023-12-31,-4.718477190400348,-4.718477190400348,0.6346431549354037,51.23226305443685,au-dessus de la mediane regionale,above regional median,en amelioration,improving
DEU,Electricity access,100.0,2024-12-31,0.0,0.0,0.0,100.0,proche de la mediane regionale,near regional median,stable,stable
DEU,FDI net inflows,1.33680512940413,2024-12-31,-32.89495170027411,-32.89495170027411,-0.5688878845740699,2.46510904267828,sous la mediane regionale,below regional median,en degradation,worsening
DEU,Fiscal balance,-2.835,2026-12-31,-58.82352941176471,-58.82352941176471,0.33199999999999985,-2.067,sous la mediane regionale,below regional median,en amelioration,improving
DEU,GDP growth,-0.495851897260366,2024-12-31,42.98243225447443,42.98243225447443,-1.47358659429915,2.59946721553708,sous la mediane regionale,below regional median,en degradation,worsening
DEU,GDP per capita,56103.7323182554,2024-12-31,2.4224969300959662,2.4224969300959662,8447.532578508406,29603.7772588256,au-dessus de la mediane regionale,above regional median,en amelioration,improving
DEU,Gen gov debt,64.609,2026-12-31,2.668043858255196,2.668043858255196,-3.3290000000000077,46.406,au-dessus de la mediane regionale,above regional median,en amelioration,improving
DEU,Gini,33.7,2022-12-31,0.29761904761905184,0.29761904761905184,2.400000000000002,30.65,proche de la mediane regionale,near regional median,en degradation,worsening
DEU,Inflation,2.2564981433876,2024-12-31,-62.05293580242039,-62.05293580242039,0.8108383745050702,2.83581658224034,sous la mediane regionale,below regional median,en degradation,worsening
DEU,Political stability,0.1242670999999999,2024-12-31,-75.44225524682821,-75.44225524682821,-0.6029052000000001,0.3087034999999999,sous la mediane regionale,below regional median,en degradation,worsening
DEU,Regulatory quality,1.4980615,2024-12-31,1.6188203895965332,1.6188203895965332,-0.1670764,0.6500427999999999,au-dessus de la mediane regionale,above regional median,en degradation,worsening
DEU,Reserves,2.17619726140455,2024-12-31,18.12010908258082,18.12010908258082,0.4893935818606001,2.89106960627006,sous la mediane regionale,below regional median,en amelioration,improving
DEU,Rule of law,1.6257844,2024-12-31,2.5366296987602897,2.5366296987602897,-0.0818778,0.6192042999999999,au-dessus de la mediane regionale,above regional median,en degradation,worsening
DEU,Tax revenue,10.890812364142,2024-12-31,1.902282827939315,1.902282827939315,-1.0116381062758997,20.82863605996785,sous la mediane regionale,below regional median,en degradation,worsening
DEU,Unemployment,3.4,2024-12-31,10.713122761315523,10.713122761315523,0.2370000000000001,5.4,sous la mediane regionale,below regional median,en degradation,worsening
DEU,Women in workforce,55.622,2024-12-31,-0.35649665896346905,-0.35649665896346905,-0.0870000000000033,54.888,proche de la mediane regionale,near regional median,en degradation,worsening
DEU,Youth unemployment,6.604,2024-12-31,9.700996677740873,9.700996677740873,0.7450000000000001,14.316,sous la mediane regionale,below regional median,en degradation,worsening
DJI,Agriculture value added,2.5119476858486,2024-12-31,0.39669242828624873,0.39669242828624873,0.9925953875173699,3.39457505861722,sous la mediane regionale,below regional median,en amelioration,improving
DJI,CO2 per capita,2.06832762624474,2024-12-31,-0.15634204014750266,-0.15634204014750266,0.0277456158085303,4.671020451612931,sous la mediane regionale,below regional median,stable,stable
DJI,Commodity dependence,0.995238487819515,2023-12-31,-19.97078461238398,-19.97078461238398,-5.478080925151955,10.0847170807725,sous la mediane regionale,below regional median,en amelioration,improving
DJI,Control of corruption,-0.8908098,2024-12-31,1.5737094646532803,1.5737094646532803,0.037806499999999965,-0.5708422,sous la mediane regionale,below regional median,stable,stable
DJI,Current account,14.6941756648345,2024-12-31,-20.586977895275677,-20.586977895275677,-3.5642635213319984,0.124893414067427,au-dessus de la mediane regionale,above regional median,en degradation,worsening
DJI,Debt service,2.52675252956975,2024-12-31,54.158324310185215,54.158324310185215,1.00146930209456,12.9254798325863,sous la mediane regionale,below regional median,en degradation,worsening
DJI,Dependency ratio,51.563000494091,2024-12-31,-1.2791044309438528,-1.2791044309438528,-4.640988435274203,51.2977156907185,proche de la mediane regionale,near regional median,en amelioration,improving
DJI,Domestic credit,23.1025276600186,2024-12-31,5.862575850401132,5.862575850401132,0.7510443442339998,58.6252720787942,sous la mediane regionale,below regional median,en amelioration,improving
DJI,Electricity access,69.2,2024-12-31,6.134969325153374,6.134969325153374,4.5,100.0,sous la mediane regionale,below regional median,en amelioration,improving
DJI,External debt,83.8288747209446,2024-12-31,-1.7140684663329404,-1.7140684663329404,-1.3988990837310098,35.6282760521045,au-dessus de la mediane regionale,above regional median,en amelioration,improving
DJI,FDI net inflows,1.63337101411676,2024-12-31,-53.524298539538314,-53.524298539538314,-4.03213340154959,1.47747574805229,au-dessus de la mediane regionale,above regional median,en degradation,worsening
DJI,Fiscal balance,-0.217,2026-12-31,44.21593830334191,44.21593830334191,2.838,-2.4939999999999998,au-dessus de la mediane regionale,above regional median,en amelioration,improving
DJI,GDP growth,6.98048467276334,2024-12-31,2.5435705933573285,2.5435705933573285,1.43540386121356,2.3991692678251,au-dessus de la mediane regionale,above regional median,en amelioration,improving
DJI,GDP per capita,3552.72335079222,2024-12-31,5.069815318593313,5.069815318593313,715.5543273829003,5190.16959024821,sous la mediane regionale,below regional median,en amelioration,improving
DJI,Gen gov debt,29.605,2026-12-31,-7.864434208888328,-7.864434208888328,-10.672999999999998,53.242000000000004,sous la mediane regionale,below regional median,en amelioration,improving
DJI,Gini,41.6,2017-12-31,-5.668934240362812,-5.668934240362812,-3.5,33.7,au-dessus de la mediane regionale,above regional median,en amelioration,improving
DJI,Inflation,2.1120116728497,2024-12-31,45.751382242761935,45.751382242761935,-1.2056203601463302,2.6116961151764,sous la mediane regionale,below regional median,en amelioration,improving
DJI,Political stability,-0.5563593,2024-12-31,-19.900292725523975,-19.900292725523975,-0.17208250000000003,-0.9248175,au-dessus de la mediane regionale,above regional median,en degradation,worsening
DJI,Regulatory quality,-0.8527958999999999,2024-12-31,-8.174878825921457,-8.174878825921457,-0.07988810000000002,-0.4676244,sous la mediane regionale,below regional median,en degradation,worsening
DJI,Reserves,0.850017224988693,2024-12-31,-23.01387839267111,-23.01387839267111,-0.369818775521487,5.978693032108115,sous la mediane regionale,below regional median,en degradation,worsening
DJI,Rule of law,-1.0103987,2024-12-31,2.7999031845771025,2.7999031845771025,-0.0031264000000001957,-0.6967772,sous la mediane regionale,below regional median,stable,stable
DJI,Unemployment,26.007,2024-12-31,-0.25696095727544743,-0.25696095727544743,-0.25,9.103,au-dessus de la mediane regionale,above regional median,en amelioration,improving
DJI,Women in workforce,19.235,2024-12-31,1.5790029573299509,1.5790029573299509,0.7040000000000006,22.234,sous la mediane regionale,below regional median,en amelioration,improving
DJI,Youth unemployment,76.494,2024-12-31,0.13221106645896757,0.13221106645896757,0.5879999999999939,21.307,au-dessus de la mediane regionale,above regional median,en degradation,worsening
DMA,Agriculture value added,12.2243249927419,2024-12-31,0.9463742291583057,0.9463742291583057,2.1076247915347004,3.86944846371998,au-dessus de la mediane regionale,above regional median,en amelioration,improving
DMA,CO2 per capita,2.30194094101654,2024-12-31,2.546612181520584,2.546612181520584,0.043543769537460086,4.11421182432227,sous la mediane regionale,below regional median,stable,stable
DMA,Commodity dependence,0.0075264617055533,2023-12-31,-94.16663833789944,-94.16663833789944,0.0074004342057711996,3.00864273328603,sous la mediane regionale,below regional median,stable,stable
DMA,Control of corruption,0.5329662,2024-12-31,28.726811099418413,28.726811099418413,0.03483270000000005,-0.2654917,au-dessus de la mediane regionale,above regional median,stable,stable
DMA,Current account,-37.8042228948698,2024-12-31,6.36285541397342,6.36285541397342,-1.6090742314608022,-1.66760721722233,sous la mediane regionale,below regional median,en degradation,worsening
DMA,Debt service,29.4152919032151,2024-12-31,29.270255228932783,29.270255228932783,12.705897970313,19.75493011522935,au-dessus de la mediane regionale,above regional median,en degradation,worsening
DMA,Dependency ratio,44.5713412237411,2024-12-31,-0.11249882858403,-0.11249882858403,-0.6886630561646996,48.981079443401555,proche de la mediane regionale,near regional median,en amelioration,improving
DMA,Domestic credit,39.3862299594619,2024-12-31,-5.713681755906351,-5.713681755906351,1.0302081141039992,45.1288088227477,sous la mediane regionale,below regional median,en amelioration,improving
DMA,Electricity access,100.0,2024-12-31,0.0,0.0,0.09999999999999432,99.8,proche de la mediane regionale,near regional median,en amelioration,improving
DMA,External debt,82.3567303337689,2024-12-31,-8.374460290727665,-8.374460290727665,9.8555782104916,47.6233832283027,au-dessus de la mediane regionale,above regional median,en degradation,worsening
DMA,FDI net inflows,8.70431929375585,2024-12-31,19.520770494264013,19.520770494264013,-1.08052859356809,3.01317166597907,au-dessus de la mediane regionale,above regional median,en degradation,worsening
DMA,Fiscal balance,0.986,2026-12-31,39.660056657223805,39.660056657223805,6.585999999999999,-0.749,au-dessus de la mediane regionale,above regional median,en amelioration,improving
DMA,GDP growth,2.052738472526,2024-12-31,-43.79462287474297,-43.79462287474297,-1.8953591068545301,3.3669492581395,sous la mediane regionale,below regional median,en degradation,worsening
DMA,GDP per capita,10405.2787777582,2024-12-31,4.966392928280069,4.966392928280069,914.1288181344589,13969.7836603737,sous la mediane regionale,below regional median,en amelioration,improving
DMA,Gen gov debt,98.298,2026-12-31,-4.19765118658935,-4.19765118658935,-17.953999999999994,63.608,au-dessus de la mediane regionale,above regional median,en amelioration,improving
DMA,Inflation,2.73620751873313,2024-12-31,-46.20938395492855,-46.20938395492855,1.23158398015172,3.42967284899735,sous la mediane regionale,below regional median,en degradation,worsening
DMA,Interest rate,5.83305675,2024-12-31,-1.7272162419929928,-1.7272162419929928,-1.7069039166666702,8.80431027070166,sous la mediane regionale,below regional median,en degradation,worsening
DMA,Political stability,1.2341643,2024-12-31,-0.4878670623937849,-0.4878670623937849,0.2474552,0.3600136,au-dessus de la mediane regionale,above regional median,en amelioration,improving
DMA,Regulatory quality,0.0598246,2024-12-31,-61.10317528947689,-61.10317528947689,-0.0591042,-0.0738011,au-dessus de la mediane regionale,above regional median,en degradation,worsening
DMA,Reserves,3.69558058580779,2024-12-31,-21.352933761192546,-21.352933761192546,-0.3515895004757099,4.20470125653228,sous la mediane regionale,below regional median,en degradation,worsening
DMA,Rule of law,0.3974621,2024-12-31,-26.335106587047857,-26.335106587047857,-0.20511509999999994,-0.2513801,au-dessus de la mediane regionale,above regional median,en degradation,worsening
DNK,Agriculture value added,0.927722262099888,2024-12-31,-10.612913678476946,-10.612913678476946,-0.31350514959155196,2.6262814922641997,sous la mediane regionale,below regional median,en degradation,worsening
DNK,CO2 per capita,6.40198280339007,2024-12-31,-2.2436535709963352,-2.2436535709963352,-1.1706357647152394,6.87868940323143,proche de la mediane regionale,near regional median,en degradation,worsening
DNK,Commodity dependence,3.77818245342826,2024-12-31,-3.960445972845452,-3.960445972845452,-0.2131253755294602,5.79530570621524,sous la mediane regionale,below regional median,en amelioration,improving
DNK,Control of corruption,2.2874751,2024-12-31,-1.2812005510532618,-1.2812005510532618,0.13124259999999977,0.5531621,au-dessus de la mediane regionale,above regional median,en amelioration,improving
DNK,Current account,12.1952284849278,2024-12-31,10.765577780431054,10.765577780431054,4.6836515628728295,-0.432631418354181,au-dessus de la mediane regionale,above regional median,en amelioration,improving
DNK,Dependency ratio,57.6353557296981,2024-12-31,0.4120371015454226,0.4120371015454226,1.0353913890211999,55.30208239407135,proche de la mediane regionale,near regional median,en degradation,worsening
DNK,Domestic credit,144.062236896793,2024-12-31,-2.318831665172417,-2.318831665172417,-17.836442017498996,51.23226305443685,au-dessus de la mediane regionale,above regional median,en degradation,worsening
DNK,Electricity access,100.0,2024-12-31,0.0,0.0,0.0,100.0,proche de la mediane regionale,near regional median,stable,stable
DNK,FDI net inflows,4.29658848924698,2024-12-31,111.17210386780845,111.17210386780845,5.39725947244182,2.46510904267828,au-dessus de la mediane regionale,above regional median,en amelioration,improving
DNK,Fiscal balance,-0.438,2026-12-31,-120.35315985130113,-120.35315985130113,-4.516,-2.067,au-dessus de la mediane regionale,above regional median,en degradation,worsening
DNK,GDP growth,3.47783593140312,2024-12-31,475.24087088343265,475.24087088343265,1.7664349920757603,2.59946721553708,au-dessus de la mediane regionale,above regional median,en amelioration,improving
DNK,GDP per capita,71026.4832271897,2024-12-31,4.383863973674185,4.383863973674185,11622.2169024174,29603.7772588256,au-dessus de la mediane regionale,above regional median,en amelioration,improving
DNK,Gen gov debt,27.378,2026-12-31,-0.5629608106635714,-0.5629608106635714,-12.25,46.406,sous la mediane regionale,below regional median,en amelioration,improving
DNK,Gini,29.9,2023-12-31,2.047781569965863,2.047781569965863,1.6999999999999993,30.65,proche de la mediane regionale,near regional median,en degradation,worsening
DNK,Inflation,1.37220049768926,2024-12-31,-58.48331160880167,-58.48331160880167,0.6140689251776399,2.83581658224034,sous la mediane regionale,below regional median,en degradation,worsening
DNK,Political stability,0.7688761,2024-12-31,-14.62563136135989,-14.62563136135989,-0.12962260000000003,0.3087034999999999,au-dessus de la mediane regionale,above regional median,en degradation,worsening
DNK,Regulatory quality,1.9307059,2024-12-31,-2.952332132727947,-2.952332132727947,-0.0028287000000000173,0.6500427999999999,au-dessus de la mediane regionale,above regional median,stable,stable
DNK,Reserves,4.40117717539998,2024-12-31,-6.250813476967361,-6.250813476967361,0.46252622491006035,2.89106960627006,au-dessus de la mediane regionale,above regional median,en amelioration,improving
DNK,Rule of law,2.0043149,2024-12-31,-0.49817561487208545,-0.49817561487208545,-0.015878800000000304,0.6192042999999999,au-dessus de la mediane regionale,above regional median,stable,stable
DNK,Tax revenue,33.3582767843919,2024-12-31,4.3320403637371525,4.3320403637371525,-1.619113758422806,20.82863605996785,au-dessus de la mediane regionale,above regional median,en degradation,worsening
DNK,Unemployment,5.358,2024-12-31,5.182567726737325,5.182567726737325,0.33999999999999986,5.4,proche de la mediane regionale,near regional median,en degradation,worsening
DNK,Women in workforce,60.902,2024-12-31,1.8223767805791535,1.8223767805791535,2.8419999999999987,54.888,au-dessus de la mediane regionale,above regional median,en amelioration,improving
DNK,Youth unemployment,11.786,2024-12-31,2.495869206017906,2.495869206017906,1.7449999999999992,14.316,sous la mediane regionale,below regional median,en degradation,worsening
DOM,Agriculture value added,4.45398448187972,2024-12-31,3.719656024159648,3.719656024159648,0.1288649122693606,3.86944846371998,au-dessus de la mediane regionale,above regional median,en amelioration,improving
DOM,CO2 per capita,4.51372064912912,2024-12-31,2.6994301636770657,2.6994301636770657,0.5119831858200401,4.11421182432227,proche de la mediane regionale,near regional median,en amelioration,improving
DOM,Commodity dependence,0.435451263861145,2024-12-31,42.54799970727801,42.54799970727801,-3.933170429041125,3.00864273328603,sous la mediane regionale,below regional median,en amelioration,improving
DOM,Control of corruption,-0.2654917,2024-12-31,38.23662973155939,38.23662973155939,0.5366367999999999,-0.2654917,au-dessus de la mediane regionale,above regional median,en amelioration,improving
DOM,Current account,-2.98151999182261,2024-12-31,18.71657496454886,18.71657496454886,-1.64898879829089,-1.66760721722233,sous la mediane regionale,below regional median,en degradation,worsening
DOM,Debt service,22.0407214085418,2024-12-31,16.42476824943261,16.42476824943261,4.6289055068459,19.75493011522935,au-dessus de la mediane regionale,above regional median,en degradation,worsening
DOM,Dependency ratio,52.5742155868587,2024-12-31,-0.16247783904592794,-0.16247783904592794,-0.1600663664668005,48.981079443401555,proche de la mediane regionale,near regional median,en amelioration,improving
DOM,Domestic credit,31.9220864876323,2024-12-31,3.5013421495954296,3.5013421495954296,3.8242792871247993,45.1288088227477,sous la mediane regionale,below regional median,en amelioration,improving
DOM,Electricity access,99.5,2024-12-31,-0.10040160642569709,-0.10040160642569709,0.5,99.8,proche de la mediane regionale,near regional median,en amelioration,improving
DOM,External debt,45.3336943010045,2024-12-31,-0.08853821043686093,-0.08853821043686093,4.082208854474999,47.6233832283027,proche de la mediane regionale,near regional median,en degradation,worsening
DOM,FDI net inflows,3.6013993607877,2024-12-31,-8.680976172789135,-8.680976172789135,0.42773385633452987,3.01317166597907,au-dessus de la mediane regionale,above regional median,en amelioration,improving
DOM,Fiscal balance,0.176,2026-12-31,104.94520932846305,104.94520932846305,0.0010000000000000009,-0.749,au-dessus de la mediane regionale,above regional median,stable,stable
DOM,GDP growth,4.95352204492849,2024-12-31,125.95107759013877,125.95107759013877,0.059491929970089785,3.3669492581395,au-dessus de la mediane regionale,above regional median,en amelioration,improving
DOM,GDP per capita,10875.6618443092,2024-12-31,2.3068686803107146,2.3068686803107146,2692.645608305449,13969.7836603737,sous la mediane regionale,below regional median,en amelioration,improving
DOM,Gen gov debt,58.272,2026-12-31,-1.2405938580435214,-1.2405938580435214,-4.5489999999999995,63.608,proche de la mediane regionale,near regional median,en amelioration,improving
DOM,Gini,39.0,2024-12-31,1.5625000000000038,1.5625000000000038,-2.8999999999999986,43.0,proche de la mediane regionale,near regional median,en amelioration,improving
DOM,Inflation,3.30223338951227,2024-12-31,-30.99664514299828,-30.99664514299828,1.49162961908268,3.42967284899735,proche de la mediane regionale,near regional median,en degradation,worsening
DOM,Interest rate,15.2531,2024-12-31,5.670830097941903,5.670830097941903,2.7663333333333,8.80431027070166,au-dessus de la mediane regionale,above regional median,en amelioration,improving
DOM,Political stability,0.5893402,2024-12-31,26.585529724198544,26.585529724198544,0.5378171,0.3600136,au-dessus de la mediane regionale,above regional median,en amelioration,improving
DOM,Regulatory quality,0.2073279999999999,2024-12-31,327.44163416102526,327.44163416102526,0.3090960999999999,-0.0738011,au-dessus de la mediane regionale,above regional median,en amelioration,improving
DOM,Reserves,3.67451387825536,2024-12-31,-18.62954256595829,-18.62954256595829,0.036496208324330315,4.20470125653228,sous la mediane regionale,below regional median,stable,stable
DOM,Rule of law,-0.1822626,2024-12-31,24.422509712435577,24.422509712435577,0.2978452,-0.2513801,au-dessus de la mediane regionale,above regional median,en amelioration,improving
DOM,Tax revenue,14.7034417605733,2024-12-31,1.3148839260822316,1.3148839260822316,1.3526440310705006,15.9189020036855,proche de la mediane regionale,near regional median,en amelioration,improving
DOM,Unemployment,5.312,2024-12-31,-4.374437443744364,-4.374437443744364,-1.0439999999999996,6.448,sous la mediane regionale,below regional median,en amelioration,improving
DOM,Women in workforce,53.266,2024-12-31,1.4938455089363951,1.4938455089363951,0.7239999999999966,52.394,proche de la mediane regionale,near regional median,en amelioration,improving
DOM,Youth unemployment,12.872,2024-12-31,11.359114110217153,11.359114110217153,-2.963000000000001,15.674,sous la mediane regionale,below regional median,en amelioration,improving
DZA,Agriculture value added,13.9597061505767,2024-12-31,4.416562828869776,4.416562828869776,2.4805262648603,3.39457505861722,au-dessus de la mediane regionale,above regional median,en amelioration,improving
DZA,CO2 per capita,5.39792236168481,2024-12-31,-3.7646433909860764,-3.7646433909860764,-0.30926070936528927,4.671020451612931,au-dessus de la mediane regionale,above regional median,en degradation,worsening
DZA,Commodity dependence,96.1115601990579,2017-12-31,0.8398811412998921,0.8398811412998921,-2.288850274509997,10.0847170807725,au-dessus de la mediane regionale,above regional median,en amelioration,improving
DZA,Control of corruption,-0.5933952,2024-12-31,7.245071944267812,7.245071944267812,0.02715079999999992,-0.5708422,au-dessus de la mediane regionale,above regional median,stable,stable
DZA,Current account,-1.0224994485325,2024-12-31,-139.02167248343616,-139.02167248343616,7.741236539407581,0.124893414067427,sous la mediane regionale,below regional median,en amelioration,improving
DZA,Debt service,0.797700031642401,2024-12-31,5.410217526626688,5.410217526626688,0.305939375265917,12.9254798325863,sous la mediane regionale,below regional median,en degradation,worsening
DZA,Dependency ratio,58.5067834220209,2024-12-31,-0.4495670694117459,-0.4495670694117459,1.2389747309899022,51.2977156907185,au-dessus de la mediane regionale,above regional median,en degradation,worsening
DZA,Domestic credit,19.0341413218985,2024-12-31,0.9945442903640904,0.9945442903640904,-3.8787282150009013,58.6252720787942,sous la mediane regionale,below regional median,en degradation,worsening
DZA,Electricity access,100.0,2024-12-31,0.0,0.0,0.5,100.0,proche de la mediane regionale,near regional median,en amelioration,improving
DZA,External debt,2.66774817396092,2024-12-31,-11.002524541020868,-11.002524541020868,-0.22986188410713027,35.6282760521045,sous la mediane regionale,below regional median,en amelioration,improving
DZA,FDI net inflows,0.455370730483787,2024-12-31,-7.032884155320038,-7.032884155320038,-0.25857657753190394,1.47747574805229,sous la mediane regionale,below regional median,en degradation,worsening
DZA,Fiscal balance,-9.435,2026-12-31,-3.6357644991212803,-3.6357644991212803,-3.1180000000000003,-2.4939999999999998,sous la mediane regionale,below regional median,en degradation,worsening
DZA,GDP growth,3.69999999907979,2024-12-31,-9.756097584732473,-9.756097584732473,2.799999999860642,2.3991692678251,au-dessus de la mediane regionale,above regional median,en amelioration,improving
DZA,GDP per capita,5752.99076651465,2024-12-31,7.122524027068038,7.122524027068038,1284.5373476780906,5190.16959024821,au-dessus de la mediane regionale,above regional median,en amelioration,improving
DZA,Gen gov debt,59.159,2026-12-31,9.333012992293328,9.333012992293328,4.013999999999996,53.242000000000004,au-dessus de la mediane regionale,above regional median,en degradation,worsening
DZA,Gini,27.6,2011-12-31,,,,33.7,sous la mediane regionale,below regional median,en degradation,worsening
DZA,Inflation,4.04611455313434,2024-12-31,-56.596876891453206,-56.596876891453206,2.0943463426054203,2.6116961151764,au-dessus de la mediane regionale,above regional median,en degradation,worsening
DZA,Interest rate,8.0,2024-12-31,0.0,0.0,0.0,8.0,proche de la mediane regionale,near regional median,stable,stable
DZA,Political stability,-0.6935882,2024-12-31,5.213859401719274,5.213859401719274,0.36893929999999986,-0.9248175,au-dessus de la mediane regionale,above regional median,en amelioration,improving
DZA,Regulatory quality,-0.7526468,2024-12-31,4.199946184235754,4.199946184235754,0.3765366000000001,-0.4676244,sous la mediane regionale,below regional median,en amelioration,improving
DZA,Reserves,16.5279389774711,2024-12-31,-3.034914561865917,-3.034914561865917,2.0613637438438985,5.978693032108115,au-dessus de la mediane regionale,above regional median,en amelioration,improving
DZA,Rule of law,-0.6967772,2024-12-31,4.935805010516346,4.935805010516346,0.14895309999999995,-0.6967772,au-dessus de la mediane regionale,above regional median,en amelioration,improving
DZA,Unemployment,11.655,2024-12-31,0.08587376556461818,0.08587376556461818,-0.6470000000000002,9.103,au-dessus de la mediane regionale,above regional median,en amelioration,improving
DZA,Women in workforce,14.306,2024-12-31,-0.22318314967219996,-0.22318314967219996,-0.37100000000000044,22.234,sous la mediane regionale,below regional median,en degradation,worsening
DZA,Youth unemployment,29.884,2024-12-31,-0.3700616769461598,-0.3700616769461598,-1.3180000000000014,21.307,au-dessus de la mediane regionale,above regional median,en amelioration,improving
ECU,Agriculture value added,9.23570415539851,2024-12-31,14.709655402948687,14.709655402948687,1.44893955680765,3.86944846371998,au-dessus de la mediane regionale,above regional median,en amelioration,improving
ECU,CO2 per capita,4.10293017917697,2024-12-31,0.7803643791469959,0.7803643791469959,0.08023608901410029,4.11421182432227,proche de la mediane regionale,near regional median,en amelioration,improving
ECU,Commodity dependence,27.4813880702454,2024-12-31,-4.78132594235116,-4.78132594235116,-11.688765788794399,3.00864273328603,au-dessus de la mediane regionale,above regional median,en amelioration,improving
ECU,Control of corruption,-0.7756801999999999,2024-12-31,-7.733959633109068,-7.733959633109068,-0.24831749999999997,-0.2654917,sous la mediane regionale,below regional median,en degradation,worsening
ECU,Current account,5.68853936869322,2024-12-31,175.87629853741916,175.87629853741916,6.22831595298036,-1.66760721722233,au-dessus de la mediane regionale,above regional median,en amelioration,improving
ECU,Debt service,21.8576635137655,2024-12-31,-4.500892986533595,-4.500892986533595,-13.954767414157295,19.75493011522935,au-dessus de la mediane regionale,above regional median,en amelioration,improving
ECU,Dependency ratio,48.8091845545471,2024-12-31,-1.3385970734326116,-1.3385970734326116,-3.3216091742323,48.981079443401555,proche de la mediane regionale,near regional median,en amelioration,improving
ECU,Domestic credit,56.5769942262981,2024-12-31,3.5174553960905035,3.5174553960905035,13.885412206883395,45.1288088227477,au-dessus de la mediane regionale,above regional median,en amelioration,improving
ECU,Electricity access,98.5,2024-12-31,-0.20263424518743955,-0.20263424518743955,-0.5999999999999943,99.8,proche de la mediane regionale,near regional median,en degradation,worsening
ECU,External debt,49.7486298154549,2024-12-31,-4.524811351180515,-4.524811351180515,0.09196121114249678,47.6233832283027,proche de la mediane regionale,near regional median,en degradation,worsening
ECU,FDI net inflows,0.360313100049938,2024-12-31,-9.475017250024683,-9.475017250024683,-0.554745128733675,3.01317166597907,sous la mediane regionale,below regional median,en degradation,worsening
ECU,Fiscal balance,-1.743,2025-12-31,-35.64202334630352,-35.64202334630352,4.018,-0.749,sous la mediane regionale,below regional median,en amelioration,improving
ECU,GDP growth,-1.94409022506859,2024-12-31,-206.06979208314894,-206.06979208314894,-2.10949468966889,3.3669492581395,sous la mediane regionale,below regional median,en degradation,worsening
ECU,GDP per capita,6826.5294137822,2024-12-31,1.613311758326754,1.613311758326754,621.4717613145403,13969.7836603737,sous la mediane regionale,below regional median,en amelioration,improving
ECU,Gen gov debt,54.416,2025-12-31,0.5209295452026388,0.5209295452026388,-9.135000000000005,63.608,sous la mediane regionale,below regional median,en amelioration,improving
ECU,Gini,45.2,2024-12-31,1.345291479820631,1.345291479820631,-0.5,43.0,proche de la mediane regionale,near regional median,en amelioration,improving
ECU,Inflation,1.54732515615369,2024-12-31,-30.165013941306455,-30.165013941306455,1.281312640687535,3.42967284899735,sous la mediane regionale,below regional median,en degradation,worsening
ECU,Political stability,-0.7210909,2024-12-31,-103.49226022617246,-103.49226022617246,-0.5112589,0.3600136,sous la mediane regionale,below regional median,en degradation,worsening
ECU,Regulatory quality,-0.6464312,2024-12-31,-7.832023697879391,-7.832023697879391,0.08514579999999994,-0.0738011,sous la mediane regionale,below regional median,en amelioration,improving
ECU,Reserves,2.19585210168763,2024-12-31,58.20030255590947,58.20030255590947,1.00198783712062,4.20470125653228,sous la mediane regionale,below regional median,en amelioration,improving
ECU,Rule of law,-0.9650369,2024-12-31,-12.390045394525227,-12.390045394525227,-0.31647349999999996,-0.2513801,sous la mediane regionale,below regional median,en degradation,worsening
ECU,Tax revenue,13.0891981784206,2022-12-31,2.7742888098099603,2.7742888098099603,-0.6001061342567002,15.9189020036855,sous la mediane regionale,below regional median,en degradation,worsening
ECU,Unemployment,3.453,2024-12-31,-1.6239316239316224,-1.6239316239316224,-0.359,6.448,sous la mediane regionale,below regional median,en amelioration,improving
ECU,Women in workforce,52.394,2024-12-31,-0.24180803868929082,-0.24180803868929082,-2.0080000000000027,52.394,proche de la mediane regionale,near regional median,en degradation,worsening
ECU,Youth unemployment,8.574,2024-12-31,10.177332305319966,10.177332305319966,-0.1590000000000007,15.674,sous la mediane regionale,below regional median,en amelioration,improving
EGY,Agriculture value added,13.7121128792805,2024-12-31,29.355758208279187,29.355758208279187,3.0149774253849007,3.39457505861722,au-dessus de la mediane regionale,above regional median,en amelioration,improving
EGY,CO2 per capita,3.31735008429592,2024-12-31,2.7666562172489297,2.7666562172489297,0.2823401778457497,4.671020451612931,sous la mediane regionale,below regional median,en amelioration,improving
EGY,Commodity dependence,12.4540426829027,2024-12-31,-31.394635548048782,-31.394635548048782,-14.0117592833683,10.0847170807725,au-dessus de la mediane regionale,above regional median,en amelioration,improving
EGY,Control of corruption,-0.8269898,2024-12-31,-1.2345751553578266,-1.2345751553578266,-0.17488060000000005,-0.5708422,sous la mediane regionale,below regional median,en degradation,worsening
EGY,Current account,-5.68596234093524,2024-12-31,-79.17641974219225,-79.17641974219225,-2.47837690938586,0.124893414067427,sous la mediane regionale,below regional median,en degradation,worsening
EGY,Debt service,49.2291017973666,2024-12-31,61.98531703468095,61.98531703468095,32.648713833156606,12.9254798325863,au-dessus de la mediane regionale,above regional median,en degradation,worsening
EGY,Dependency ratio,59.0101954565221,2024-12-31,-1.2491920420677058,-1.2491920420677058,-3.158010481253399,51.2977156907185,au-dessus de la mediane regionale,above regional median,en amelioration,improving
EGY,Domestic credit,27.5692279729149,2024-12-31,-5.771426160900455,-5.771426160900455,4.720497075638697,58.6252720787942,sous la mediane regionale,below regional median,en amelioration,improving
EGY,Electricity access,100.0,2024-12-31,0.0,0.0,0.0,100.0,proche de la mediane regionale,near regional median,stable,stable
EGY,External debt,41.9820138564051,2024-12-31,-5.491132650071486,-5.491132650071486,4.633376142688604,35.6282760521045,au-dessus de la mediane regionale,above regional median,en degradation,worsening
EGY,FDI net inflows,11.9719351009449,2024-12-31,381.67807167679257,381.67807167679257,9.14460565133804,1.47747574805229,au-dessus de la mediane regionale,above regional median,en amelioration,improving
EGY,Fiscal balance,2.571,2026-12-31,-21.25574272588055,-21.25574272588055,1.5000000000000002,-2.4939999999999998,au-dessus de la mediane regionale,above regional median,en amelioration,improving
EGY,GDP growth,2.3991692678251,2024-12-31,-36.19706686022929,-36.19706686022929,-3.1529238030171203,2.3991692678251,proche de la mediane regionale,near regional median,en degradation,worsening
EGY,GDP per capita,3338.47371043679,2024-12-31,-3.422711636912997,-3.422711636912997,375.48479020675995,5190.16959024821,sous la mediane regionale,below regional median,en amelioration,improving
EGY,Gen gov debt,87.005,2026-12-31,0.1980813745926054,0.1980813745926054,-2.8980000000000103,53.242000000000004,au-dessus de la mediane regionale,above regional median,en amelioration,improving
EGY,Gini,28.5,2021-12-31,-10.658307210031344,-10.658307210031344,-3.3000000000000007,33.7,sous la mediane regionale,below regional median,en amelioration,improving
EGY,Gov debt,85.7885338345865,2007-12-31,,,,53.1293715924658,au-dessus de la mediane regionale,above regional median,en degradation,worsening
EGY,Inflation,28.2705899322083,2024-12-31,-16.568462272633873,-16.568462272633873,19.11779033896026,2.6116961151764,au-dessus de la mediane regionale,above regional median,en degradation,worsening
EGY,Interest rate,24.2916666666667,2024-12-31,36.79023932426135,36.79023932426135,8.175,8.0,au-dessus de la mediane regionale,above regional median,en amelioration,improving
EGY,Political stability,-0.9779235,2024-12-31,-8.739927009563749,-8.739927009563749,0.2189973999999999,-0.9248175,au-dessus de la mediane regionale,above regional median,en amelioration,improving
EGY,Regulatory quality,-0.4994693999999999,2024-12-31,12.857993269677696,12.857993269677696,0.20337430000000006,-0.4676244,au-dessus de la mediane regionale,above regional median,en amelioration,improving
EGY,Reserves,4.53950764706678,2024-12-31,17.18154889481525,17.18154889481525,-1.29973182733558,5.978693032108115,sous la mediane regionale,below regional median,en degradation,worsening
EGY,Rule of law,-0.7515398999999999,2024-12-31,3.362224543920283,3.362224543920283,-0.0021518999999999844,-0.6967772,au-dessus de la mediane regionale,above regional median,stable,stable
EGY,Tax revenue,12.5192110970171,2015-12-31,2.4473551961338087,2.4473551961338087,-1.6108651502893991,11.1389424540703,au-dessus de la mediane regionale,above regional median,en degradation,worsening
EGY,Unemployment,6.817,2024-12-31,0.9477269361765149,0.9477269361765149,-1.0339999999999998,9.103,sous la mediane regionale,below regional median,en amelioration,improving
EGY,Women in workforce,18.468,2024-12-31,-0.05411841108345904,-0.05411841108345904,2.609,22.234,sous la mediane regionale,below regional median,en amelioration,improving
EGY,Youth unemployment,17.291,2024-12-31,0.8045239899726093,0.8045239899726093,-3.34,21.307,sous la mediane regionale,below regional median,en amelioration,improving
ERI,Agriculture value added,14.1242274354984,2009-12-31,-15.808484432559657,-15.808484432559657,3.4819531389003995,20.7932870939229,sous la mediane regionale,below regional median,en amelioration,improving
ERI,CO2 per capita,1.86087069164722,2024-12-31,-1.2093155945295884,-1.2093155945295884,-0.07487759996742005,1.52210243022339,au-dessus de la mediane regionale,above regional median,en degradation,worsening
ERI,Commodity dependence,0.0,2002-12-31,,,,1.604781106301575,sous la mediane regionale,below regional median,en degradation,worsening
ERI,Control of corruption,-1.6331361,2024-12-31,-15.567776869321074,-15.567776869321074,-0.20933190000000002,-0.7934948,sous la mediane regionale,below regional median,en degradation,worsening
ERI,Current account,-14.8161574838645,2000-12-31,,,,-4.05918464223764,sous la mediane regionale,below regional median,en degradation,worsening
ERI,Debt service,4.28643361718748,2000-12-31,,,,11.8141665228846,sous la mediane regionale,below regional median,en degradation,worsening
ERI,Dependency ratio,73.4301367632134,2024-12-31,-1.978170890732343,-1.978170890732343,-8.582374162500699,76.3947216046137,proche de la mediane regionale,near regional median,en amelioration,improving
ERI,Domestic credit,53.241077381173,2014-12-31,56.65219482260149,56.65219482260149,36.4730046340033,15.8986695709198,au-dessus de la mediane regionale,above regional median,en amelioration,improving
ERI,Electricity access,55.3,2024-12-31,1.65441176470588,1.65441176470588,5.0,57.8,proche de la mediane regionale,near regional median,en amelioration,improving
ERI,External debt,51.4834999754646,2011-12-31,-22.084672394808635,-22.084672394808635,-16.937544210024292,43.99766261125275,au-dessus de la mediane regionale,above regional median,en amelioration,improving
ERI,FDI net inflows,1.8886183675912,2011-12-31,-67.01112012015523,-67.01112012015523,0.61912580363035,2.351663747275275,sous la mediane regionale,below regional median,en amelioration,improving
ERI,Fiscal balance,4.479,2019-12-31,-32.7578441675424,-32.7578441675424,4.601,-2.4305,au-dessus de la mediane regionale,above regional median,en amelioration,improving
ERI,GDP growth,8.67980010138049,2011-12-31,295.5809989688339,295.5809989688339,9.649017212091845,4.366019176358015,au-dessus de la mediane regionale,above regional median,en amelioration,improving
ERI,GDP per capita,688.68165957684,2011-12-31,27.604647433499537,27.604647433499537,240.68425484963905,1189.858061476885,sous la mediane regionale,below regional median,en amelioration,improving
ERI,Gen gov debt,260.393,2019-12-31,-2.508124541356541,-2.508124541356541,55.90999999999997,53.801,au-dessus de la mediane regionale,above regional median,en degradation,worsening
ERI,Political stability,-0.7086146,2024-12-31,10.27678143641305,10.27678143641305,0.2678155,-0.5953656,sous la mediane regionale,below regional median,en amelioration,improving
ERI,Regulatory quality,-2.0353648,2024-12-31,-0.34525398772546856,-0.34525398772546856,-0.07070109999999996,-0.7386300499999999,sous la mediane regionale,below regional median,en degradation,worsening
ERI,Reserves,0.849675223950122,2000-12-31,,,,3.5612582316005197,sous la mediane regionale,below regional median,en degradation,worsening
ERI,Rule of law,-1.8026292,2024-12-31,-0.3050724965898784,-0.3050724965898784,-0.11394189999999993,-0.8753552499999999,sous la mediane regionale,below regional median,en degradation,worsening
ERI,Unemployment,5.947,2024-12-31,0.6430868167202616,0.6430868167202616,0.1349999999999998,5.487,proche de la mediane regionale,near regional median,en degradation,worsening
ERI,Women in workforce,72.854,2024-12-31,-0.01097966017951136,-0.01097966017951136,-0.07500000000000284,57.104,au-dessus de la mediane regionale,above regional median,en degradation,worsening
ERI,Youth unemployment,10.056,2024-12-31,0.9131961866532796,0.9131961866532796,0.21099999999999852,8.814,au-dessus de la mediane regionale,above regional median,en degradation,worsening
ESP,Agriculture value added,2.75300596488807,2024-12-31,5.631996079844084,5.631996079844084,0.23320473493855998,2.6262814922641997,proche de la mediane regionale,near regional median,en amelioration,improving
ESP,CO2 per capita,5.84739166784718,2024-12-31,-1.439328330094085,-1.439328330094085,-1.0338459165148501,6.87868940323143,sous la mediane regionale,below regional median,en degradation,worsening
ESP,Commodity dependence,5.79530570621524,2024-12-31,-14.893121374306997,-14.893121374306997,-0.3752247146936698,5.79530570621524,proche de la mediane regionale,near regional median,en amelioration,improving
ESP,Control of corruption,0.7145938,2024-12-31,-3.3708922638303163,-3.3708922638303163,-0.10566730000000002,0.5531621,au-dessus de la mediane regionale,above regional median,en degradation,worsening
ESP,Current account,3.18327391138733,2024-12-31,16.498427508860175,16.498427508860175,1.0634847333310598,-0.432631418354181,au-dessus de la mediane regionale,above regional median,en amelioration,improving
ESP,Dependency ratio,51.6695519755033,2024-12-31,0.6924574038008025,0.6924574038008025,0.5422384945758054,55.30208239407135,proche de la mediane regionale,near regional median,en degradation,worsening
ESP,Domestic credit,74.2192017963659,2024-12-31,-5.271854746455881,-5.271854746455881,-20.192424496796008,51.23226305443685,au-dessus de la mediane regionale,above regional median,en degradation,worsening
ESP,Electricity access,100.0,2024-12-31,0.0,0.0,0.0,100.0,proche de la mediane regionale,near regional median,stable,stable
ESP,FDI net inflows,2.47896679493344,2024-12-31,-14.512952151823319,-14.512952151823319,0.3184430445703703,2.46510904267828,proche de la mediane regionale,near regional median,en amelioration,improving
ESP,Fiscal balance,-2.067,2026-12-31,-464.75409836065575,-464.75409836065575,4.591,-2.067,au-dessus de la mediane regionale,above regional median,en amelioration,improving
ESP,GDP growth,3.45525405630191,2024-12-31,40.40851203743808,40.40851203743808,1.4940755478847998,2.59946721553708,au-dessus de la mediane regionale,above regional median,en amelioration,improving
ESP,GDP per capita,35326.7683069278,2024-12-31,5.474378476950293,5.474378476950293,5540.2437380271,29603.7772588256,au-dessus de la mediane regionale,above regional median,en amelioration,improving
ESP,Gen gov debt,98.173,2026-12-31,-2.2502563898320322,-2.2502563898320322,-17.420999999999992,46.406,au-dessus de la mediane regionale,above regional median,en amelioration,improving
ESP,Gini,33.4,2023-12-31,-0.5952380952381037,-0.5952380952381037,-1.3000000000000043,30.65,proche de la mediane regionale,near regional median,en amelioration,improving
ESP,Gov debt,105.639074777338,2024-12-31,-1.6331099302568368,-1.6331099302568368,-5.654026463544,40.04160644426225,au-dessus de la mediane regionale,above regional median,en amelioration,improving
ESP,Inflation,2.747147886618,2024-12-31,-22.229137221692266,-22.229137221692266,2.047628892159352,2.83581658224034,proche de la mediane regionale,near regional median,en degradation,worsening
ESP,Political stability,-0.002992,2024-12-31,-102.01552737499789,-102.01552737499789,-0.27004,0.3087034999999999,sous la mediane regionale,below regional median,en degradation,worsening
ESP,Regulatory quality,0.6208378999999999,2024-12-31,-10.637941090277229,-10.637941090277229,-0.3238194000000001,0.6500427999999999,proche de la mediane regionale,near regional median,en degradation,worsening
ESP,Reserves,1.8246595612095,2024-12-31,-0.6186381482870354,-0.6186381482870354,0.09659887811203993,2.89106960627006,sous la mediane regionale,below regional median,en amelioration,improving
ESP,Rule of law,0.9317736,2024-12-31,0.1411129068764447,0.1411129068764447,-0.16382130000000006,0.6192042999999999,au-dessus de la mediane regionale,above regional median,en degradation,worsening
ESP,Tax revenue,14.934361142298,2024-12-31,-0.44240045020838603,-0.44240045020838603,1.2763381545256998,20.82863605996785,sous la mediane regionale,below regional median,en amelioration,improving
ESP,Unemployment,11.4,2024-12-31,-6.3962558502340086,-6.3962558502340086,-2.703999999999999,5.4,au-dessus de la mediane regionale,above regional median,en amelioration,improving
ESP,Women in workforce,53.195,2024-12-31,0.7996513368578573,0.7996513368578573,1.1559999999999988,54.888,proche de la mediane regionale,near regional median,en amelioration,improving
ESP,Youth unemployment,26.631,2024-12-31,-7.360768080147492,-7.360768080147492,-5.9239999999999995,14.316,au-dessus de la mediane regionale,above regional median,en amelioration,improving
EST,Agriculture value added,1.76684782957851,2024-12-31,2.98829158410228,2.98829158410228,-0.49880113305549023,2.6262814922641997,sous la mediane regionale,below regional median,en degradation,worsening
EST,CO2 per capita,10.2956918142065,2024-12-31,-5.847838382027991,-5.847838382027991,-4.683078219360501,6.87868940323143,au-dessus de la mediane regionale,above regional median,en degradation,worsening
EST,Commodity dependence,7.77072769925022,2024-12-31,-7.551433041615311,-7.551433041615311,2.6173427516938705,5.79530570621524,au-dessus de la mediane regionale,above regional median,en degradation,worsening
EST,Control of corruption,1.6693209999999998,2024-12-31,-0.20710963838459756,-0.20710963838459756,0.1457409999999999,0.5531621,au-dessus de la mediane regionale,above regional median,en amelioration,improving
EST,Current account,-1.25778430854441,2024-12-31,0.09771350441946829,0.09771350441946829,-3.26684374912055,-0.432631418354181,sous la mediane regionale,below regional median,en degradation,worsening
EST,Dependency ratio,58.5663479181206,2024-12-31,0.22589461608005842,0.22589461608005842,1.5027979853541993,55.30208239407135,proche de la mediane regionale,near regional median,en degradation,worsening
EST,Domestic credit,60.5354220304166,2024-12-31,4.984859296075565,4.984859296075565,2.2958768313208964,51.23226305443685,au-dessus de la mediane regionale,above regional median,en amelioration,improving
EST,Electricity access,100.0,2024-12-31,0.0,0.0,0.0,100.0,proche de la mediane regionale,near regional median,stable,stable
EST,FDI net inflows,-7.97097840452121,2024-12-31,-163.560301180047,-163.560301180047,-17.73917205099102,2.46510904267828,sous la mediane regionale,below regional median,en degradation,worsening
EST,Fiscal balance,-4.197,2026-12-31,-292.97752808988764,-292.97752808988764,-1.6280000000000001,-2.067,sous la mediane regionale,below regional median,en degradation,worsening
EST,GDP growth,-0.0900428648493801,2024-12-31,96.71881653511284,96.71881653511284,-3.81669229951822,2.59946721553708,sous la mediane regionale,below regional median,en degradation,worsening
EST,GDP per capita,31428.3547816104,2024-12-31,3.847303870843805,3.847303870843805,7407.104640279798,29603.7772588256,proche de la mediane regionale,near regional median,en amelioration,improving
EST,Gen gov debt,27.827,2026-12-31,15.044650239788337,15.044650239788337,9.402000000000001,46.406,sous la mediane regionale,below regional median,en degradation,worsening
EST,Gini,30.7,2023-12-31,-4.953560371517022,-4.953560371517022,0.3999999999999986,30.65,proche de la mediane regionale,near regional median,en degradation,worsening
EST,Inflation,3.5194118998392,2024-12-31,-61.57522203940915,-61.57522203940915,1.24215258740398,2.83581658224034,au-dessus de la mediane regionale,above regional median,en degradation,worsening
EST,Political stability,0.6995762999999999,2024-12-31,-17.439618594936622,-17.439618594936622,-0.1240099,0.3087034999999999,au-dessus de la mediane regionale,above regional median,en degradation,worsening
EST,Regulatory quality,1.3977035,2024-12-31,-3.738791936916382,-3.738791936916382,-0.14545399999999997,0.6500427999999999,au-dessus de la mediane regionale,above regional median,en degradation,worsening
EST,Reserves,0.677616718422653,2024-12-31,-21.854340077911928,-21.854340077911928,-0.028259267240488994,2.89106960627006,sous la mediane regionale,below regional median,stable,stable
EST,Rule of law,1.4864478,2024-12-31,0.29166230918446034,0.29166230918446034,-0.019708499999999907,0.6192042999999999,au-dessus de la mediane regionale,above regional median,stable,stable
EST,Tax revenue,22.6679583165361,2024-12-31,5.989100197473588,5.989100197473588,1.6053117496189024,20.82863605996785,proche de la mediane regionale,near regional median,en amelioration,improving
EST,Unemployment,7.6,2024-12-31,19.15961116337409,19.15961116337409,3.0859999999999994,5.4,au-dessus de la mediane regionale,above regional median,en degradation,worsening
EST,Women in workforce,61.258,2024-12-31,0.34234795000737633,0.34234795000737633,3.9179999999999993,54.888,au-dessus de la mediane regionale,above regional median,en amelioration,improving
EST,Youth unemployment,19.256,2024-12-31,11.90794444121578,11.90794444121578,7.633000000000001,14.316,au-dessus de la mediane regionale,above regional median,en degradation,worsening
ETH,Agriculture value added,34.7737782046291,2024-12-31,-2.8298467976472548,-2.8298467976472548,1.1404535135735046,20.7932870939229,au-dessus de la mediane regionale,above regional median,en amelioration,improving
ETH,CO2 per capita,1.45921808267313,2024-12-31,-0.3489874037718881,-0.3489874037718881,-0.04309858885554996,1.52210243022339,proche de la mediane regionale,near regional median,stable,stable
ETH,Commodity dependence,0.0317976469871324,2023-12-31,289.0642294750479,289.0642294750479,0.03178888488979311,1.604781106301575,sous la mediane regionale,below regional median,stable,stable
ETH,Control of corruption,-0.4378632999999999,2024-12-31,5.4186337668442155,5.4186337668442155,-0.011011399999999893,-0.7934948,au-dessus de la mediane regionale,above regional median,stable,stable
ETH,Current account,-2.53176480495898,2024-12-31,28.1482873779342,28.1482873779342,2.9401796457364004,-4.05918464223764,au-dessus de la mediane regionale,above regional median,en amelioration,improving
ETH,Debt service,11.538041500051,2024-12-31,-19.537957803282698,-19.537957803282698,-17.398365426694397,11.8141665228846,proche de la mediane regionale,near regional median,en amelioration,improving
ETH,Dependency ratio,73.2798951679715,2024-12-31,-1.006378789735597,-1.006378789735597,-4.969871853822298,76.3947216046137,proche de la mediane regionale,near regional median,en amelioration,improving
ETH,Domestic credit,17.7101483486321,2008-12-31,-4.39905175376879,-4.39905175376879,0.20952488578469897,15.8986695709198,au-dessus de la mediane regionale,above regional median,en amelioration,improving
ETH,Electricity access,56.6,2024-12-31,2.1660649819494635,2.1660649819494635,8.600000000000001,57.8,proche de la mediane regionale,near regional median,en amelioration,improving
ETH,External debt,24.2638688064282,2022-12-31,-16.071593100156473,-16.071593100156473,-7.932121561988801,43.99766261125275,sous la mediane regionale,below regional median,en amelioration,improving
ETH,FDI net inflows,2.68582028017543,2024-12-31,11.840994777897393,11.840994777897393,-0.08954513520933993,2.351663747275275,au-dessus de la mediane regionale,above regional median,en degradation,worsening
ETH,Fiscal balance,-1.757,2026-12-31,-352.8350515463917,-352.8350515463917,1.01,-2.4305,au-dessus de la mediane regionale,above regional median,en amelioration,improving
ETH,GDP growth,7.61277447616879,2024-12-31,15.445715660075155,15.445715660075155,-0.751311254944671,4.366019176358015,au-dessus de la mediane regionale,above regional median,en degradation,worsening
ETH,GDP per capita,1133.88279681256,2024-12-31,7.394494573219679,7.394494573219679,340.40954959356395,1189.858061476885,proche de la mediane regionale,near regional median,en amelioration,improving
ETH,Gen gov debt,40.441,2026-12-31,-6.1279914579513015,-6.1279914579513015,-13.342999999999996,53.801,sous la mediane regionale,below regional median,en amelioration,improving
ETH,Gini,31.1,2021-12-31,-11.142857142857139,-11.142857142857139,-3.8999999999999986,38.5,sous la mediane regionale,below regional median,en amelioration,improving
ETH,Gov debt,31.4488445666124,2019-12-31,-3.3331464594150164,-3.3331464594150164,4.5115648300933024,45.07729323099015,sous la mediane regionale,below regional median,en degradation,worsening
ETH,Inflation,21.0377460577711,2024-12-31,-30.38199169210225,-30.38199169210225,5.228113885836699,4.214928221107796,au-dessus de la mediane regionale,above regional median,en degradation,worsening
ETH,Interest rate,8.0,2008-12-31,6.666666666666667,6.666666666666667,1.0,11.7409744802492,sous la mediane regionale,below regional median,en amelioration,improving
ETH,Political stability,-1.8849739,2024-12-31,-1.138703431085466,-1.138703431085466,-0.7059968000000001,-0.5953656,sous la mediane regionale,below regional median,en degradation,worsening
ETH,Regulatory quality,-0.8332379,2024-12-31,0.49337848903703624,0.49337848903703624,-0.005159800000000048,-0.7386300499999999,sous la mediane regionale,below regional median,stable,stable
ETH,Reserves,1.7806234891991,2024-12-31,70.79775277411943,70.79775277411943,-0.024655154526080025,3.5612582316005197,sous la mediane regionale,below regional median,stable,stable
ETH,Rule of law,-1.0489242,2024-12-31,-0.9246676172937377,-0.9246676172937377,-0.2721454000000001,-0.8753552499999999,sous la mediane regionale,below regional median,en degradation,worsening
ETH,Tax revenue,3.39819259732558,2024-12-31,-13.55527186724351,-13.55527186724351,-3.2635456810550396,12.7396805065136,sous la mediane regionale,below regional median,en degradation,worsening
ETH,Unemployment,3.357,2024-12-31,-0.5333333333333272,-0.5333333333333272,0.42900000000000027,5.487,sous la mediane regionale,below regional median,en degradation,worsening
ETH,Women in workforce,58.391,2024-12-31,0.42998916427306033,0.42998916427306033,-3.6099999999999994,57.104,proche de la mediane regionale,near regional median,en degradation,worsening
ETH,Youth unemployment,5.449,2024-12-31,-0.10999083409716273,-0.10999083409716273,0.6970000000000001,8.814,sous la mediane regionale,below regional median,en degradation,worsening
FIN,Agriculture value added,2.46672922863986,2024-12-31,5.818575277313571,5.818575277313571,0.2769573875209499,2.6262814922641997,proche de la mediane regionale,near regional median,en amelioration,improving
FIN,CO2 per capita,8.66188094437794,2024-12-31,-3.0212690259405943,-3.0212690259405943,-2.133347835074961,6.87868940323143,au-dessus de la mediane regionale,above regional median,en degradation,worsening
FIN,Commodity dependence,7.5318060893789,2024-12-31,-20.735752102890302,-20.735752102890302,-1.4076868544153402,5.79530570621524,au-dessus de la mediane regionale,above regional median,en amelioration,improving
FIN,Control of corruption,2.1920863,2024-12-31,-0.08522048755762937,-0.08522048755762937,0.007498700000000191,0.5531621,au-dessus de la mediane regionale,above regional median,stable,stable
FIN,Current account,-0.432631418354181,2024-12-31,53.28339629784671,53.28339629784671,-0.27763612735293197,-0.432631418354181,au-dessus de la mediane regionale,above regional median,en degradation,worsening
FIN,Dependency ratio,62.6820794456911,2024-12-31,0.07401631959975272,0.07401631959975272,1.5541971679005044,55.30208239407135,au-dessus de la mediane regionale,above regional median,en degradation,worsening
FIN,Domestic credit,92.0244354023472,2024-12-31,-1.2750475997037474,-1.2750475997037474,-3.894950136689701,51.23226305443685,au-dessus de la mediane regionale,above regional median,en degradation,worsening
FIN,Electricity access,100.0,2024-12-31,0.0,0.0,0.0,100.0,proche de la mediane regionale,near regional median,stable,stable
FIN,FDI net inflows,2.9263489451501,2024-12-31,7624.765490795939,7624.765490795939,-3.1707281573432398,2.46510904267828,au-dessus de la mediane regionale,above regional median,en degradation,worsening
FIN,Fiscal balance,-4.788,2026-12-31,-35.82978723404256,-35.82978723404256,-2.047,-2.067,sous la mediane regionale,below regional median,en degradation,worsening
FIN,GDP growth,0.374566568538427,2024-12-31,129.0421376243248,129.0421376243248,-0.9751718888789431,2.59946721553708,sous la mediane regionale,below regional median,en degradation,worsening
FIN,GDP per capita,53155.5451165897,2024-12-31,0.5501818720448238,0.5501818720448238,4797.364339219603,29603.7772588256,au-dessus de la mediane regionale,above regional median,en amelioration,improving
FIN,Gen gov debt,93.107,2026-12-31,4.267828346174513,4.267828346174513,19.980999999999995,46.406,au-dessus de la mediane regionale,above regional median,en degradation,worsening
FIN,Gini,27.4,2023-12-31,-1.792114695340502,-1.792114695340502,0.09999999999999787,30.65,sous la mediane regionale,below regional median,en degradation,worsening
FIN,Inflation,1.56568906231616,2024-12-31,-74.9515528750895,-74.9515528750895,0.54159513268185,2.83581658224034,sous la mediane regionale,below regional median,en degradation,worsening
FIN,Political stability,0.8325695,2024-12-31,8.850030383946402,8.850030383946402,-0.1652654,0.3087034999999999,au-dessus de la mediane regionale,above regional median,en degradation,worsening
FIN,Regulatory quality,1.9635191,2024-12-31,5.175173479766173,5.175173479766173,-0.030233999999999872,0.6500427999999999,au-dessus de la mediane regionale,above regional median,stable,stable
FIN,Reserves,1.37443104805587,2024-12-31,6.302122603618719,6.302122603618719,0.32306583893330987,2.89106960627006,sous la mediane regionale,below regional median,en amelioration,improving
FIN,Rule of law,2.0212705,2024-12-31,0.06022611574868324,0.06022611574868324,-0.087418,0.6192042999999999,au-dessus de la mediane regionale,above regional median,en degradation,worsening
FIN,Tax revenue,25.3281786132257,2024-12-31,-0.13547750171616615,-0.13547750171616615,4.5435837398827985,20.82863605996785,au-dessus de la mediane regionale,above regional median,en amelioration,improving
FIN,Unemployment,8.4,2024-12-31,17.49895090222409,17.49895090222409,1.705,5.4,au-dessus de la mediane regionale,above regional median,en degradation,worsening
FIN,Women in workforce,56.668,2024-12-31,-1.428099288559547,-1.428099288559547,0.9909999999999997,54.888,proche de la mediane regionale,near regional median,en amelioration,improving
FIN,Youth unemployment,18.68,2024-12-31,15.981621755867364,15.981621755867364,1.5519999999999996,14.316,au-dessus de la mediane regionale,above regional median,en degradation,worsening
FJI,Agriculture value added,13.190027700831,2024-12-31,2.849499723412128,2.849499723412128,0.7895115539196986,9.79503060602777,au-dessus de la mediane regionale,above regional median,en amelioration,improving
FJI,CO2 per capita,2.96182966114834,2024-12-31,3.3319518366842216,3.3319518366842216,-0.05161772484727001,2.96182966114834,proche de la mediane regionale,near regional median,en degradation,worsening
FJI,Commodity dependence,0.038792893748014,2024-12-31,27.522136703582962,27.522136703582962,0.0191628922234204,1.446086854730515,sous la mediane regionale,below regional median,stable,stable
FJI,Control of corruption,0.5626875,2024-12-31,5.703097130098105,5.703097130098105,-0.11971809999999994,0.38264925,au-dessus de la mediane regionale,above regional median,en degradation,worsening
FJI,Current account,-7.78080984551748,2024-12-31,-17.672511792382497,-17.672511792382497,3.9964611284988205,2.19482817825998,sous la mediane regionale,below regional median,en amelioration,improving
FJI,Debt service,9.53539168749024,2024-12-31,4.752709263136292,4.752709263136292,1.2638699527416293,9.284516256809514,proche de la mediane regionale,near regional median,en degradation,worsening
FJI,Dependency ratio,50.5576304595912,2024-12-31,-0.661155331089321,-0.661155331089321,-1.9817215350601955,53.5253966955507,proche de la mediane regionale,near regional median,en amelioration,improving
FJI,Domestic credit,115.346328808797,2024-12-31,1.5367667466916308,1.5367667466916308,11.232447642108,92.64512899225335,au-dessus de la mediane regionale,above regional median,en amelioration,improving
FJI,Electricity access,95.9,2024-12-31,-3.4239677744209382,-3.4239677744209382,-0.19999999999998863,100.0,proche de la mediane regionale,near regional median,en degradation,worsening
FJI,External debt,71.3867600808353,2024-12-31,9.40228236234531,9.40228236234531,34.7066599084852,36.46641372051265,au-dessus de la mediane regionale,above regional median,en degradation,worsening
FJI,FDI net inflows,3.41161017865705,2024-12-31,106.29677917949844,106.29677917949844,-2.61810777269751,2.35252841903892,au-dessus de la mediane regionale,above regional median,en degradation,worsening
FJI,Fiscal balance,-2.16,2026-12-31,-259.409594095941,-259.409594095941,12.062,-1.435,sous la mediane regionale,below regional median,en amelioration,improving
FJI,GDP growth,3.53085896076352,2024-12-31,-62.60657184178613,-62.60657184178613,4.112805551113279,3.6482536159531502,proche de la mediane regionale,near regional median,en amelioration,improving
FJI,GDP per capita,6425.74151715712,2024-12-31,8.429265953254179,8.429265953254179,583.6680713811502,7488.460293591284,sous la mediane regionale,below regional median,en amelioration,improving
FJI,Gen gov debt,82.526,2026-12-31,4.868161890844404,4.868161890844404,-4.13000000000001,43.4465,au-dessus de la mediane regionale,above regional median,en amelioration,improving
FJI,Gini,30.7,2019-12-31,-16.34877384196186,-16.34877384196186,-6.0000000000000036,34.25,sous la mediane regionale,below regional median,en amelioration,improving
FJI,Inflation,3.89084237884105,2024-12-31,30.765242277237764,30.765242277237764,2.0969559036955,2.18151273615189,au-dessus de la mediane regionale,above regional median,en degradation,worsening
FJI,Interest rate,4.56427488660838,2024-12-31,-8.17643246853132,-8.17643246853132,-1.4631818297709103,6.01747975323522,sous la mediane regionale,below regional median,en degradation,worsening
FJI,Political stability,0.6984397999999999,2024-12-31,-10.791881297633392,-10.791881297633392,0.010279599999999944,0.87674265,sous la mediane regionale,below regional median,stable,stable
FJI,Regulatory quality,0.0650821999999999,2024-12-31,165.23995019958252,165.23995019958252,-0.0876338000000001,-0.07101989999999994,au-dessus de la mediane regionale,above regional median,en degradation,worsening
FJI,Reserves,4.44060726544964,2024-12-31,-0.4844112483851836,-0.4844112483851836,1.0744960296672201,5.704288535730781,sous la mediane regionale,below regional median,en amelioration,improving
FJI,Rule of law,0.3057786,2024-12-31,-6.095296298059272,-6.095296298059272,0.24277460000000012,0.6409370999999999,sous la mediane regionale,below regional median,en amelioration,improving
FJI,Tax revenue,23.9464341913943,2024-12-31,16.595813111544754,16.595813111544754,0.697717381719098,16.67863628412195,au-dessus de la mediane regionale,above regional median,en amelioration,improving
FJI,Unemployment,5.361,2024-12-31,0.8465011286681703,0.8465011286681703,0.7000000000000002,2.988,au-dessus de la mediane regionale,above regional median,en degradation,worsening
FJI,Women in workforce,38.501,2024-12-31,0.21343606028267456,0.21343606028267456,-0.025000000000005684,55.596,sous la mediane regionale,below regional median,stable,stable
FJI,Youth unemployment,15.133,2024-12-31,-1.0656380753138093,-1.0656380753138093,-0.14700000000000024,9.408,au-dessus de la mediane regionale,above regional median,en amelioration,improving
FRA,Agriculture value added,1.29979455802577,2024-12-31,-12.457478567027486,-12.457478567027486,-0.10849029669957999,2.6262814922641997,sous la mediane regionale,below regional median,en degradation,worsening
FRA,CO2 per capita,5.51584365150174,2024-12-31,-3.4836359990773698,-3.4836359990773698,-1.0719839306792203,6.87868940323143,sous la mediane regionale,below regional median,en degradation,worsening
FRA,Commodity dependence,4.40931574185064,2024-12-31,-13.981351236529967,-13.981351236529967,1.6339793009784,5.79530570621524,sous la mediane regionale,below regional median,en degradation,worsening
FRA,Control of corruption,1.2182239,2024-12-31,-3.870315693253692,-3.870315693253692,-0.14382630000000018,0.5531621,au-dessus de la mediane regionale,above regional median,en degradation,worsening
FRA,Current account,0.0851279883251641,2024-12-31,108.16170639827799,108.16170639827799,-0.5022347762505839,-0.432631418354181,au-dessus de la mediane regionale,above regional median,en degradation,worsening
FRA,Dependency ratio,63.003655783096,2024-12-31,0.4981480507931103,0.4981480507931103,1.664322157375004,55.30208239407135,au-dessus de la mediane regionale,above regional median,en degradation,worsening
FRA,Domestic credit,107.58266062477,2024-12-31,-4.428188103158964,-4.428188103158964,0.6696300387190064,51.23226305443685,au-dessus de la mediane regionale,above regional median,en amelioration,improving
FRA,Electricity access,100.0,2024-12-31,0.0,0.0,0.0,100.0,proche de la mediane regionale,near regional median,stable,stable
FRA,FDI net inflows,1.64700185498585,2024-12-31,178.84793393324017,178.84793393324017,-0.31786757802976995,2.46510904267828,sous la mediane regionale,below regional median,en degradation,worsening
FRA,Fiscal balance,-2.711,2026-12-31,13.331202046035814,13.331202046035814,3.8729999999999998,-2.067,sous la mediane regionale,below regional median,en amelioration,improving
FRA,GDP growth,1.19046798275883,2024-12-31,-17.28351714178468,-17.28351714178468,-0.8369784814335401,2.59946721553708,sous la mediane regionale,below regional median,en degradation,worsening
FRA,GDP per capita,46103.0840855884,2024-12-31,3.1385711934994025,3.1385711934994025,5694.799228113305,29603.7772588256,au-dessus de la mediane regionale,above regional median,en amelioration,improving
FRA,Gen gov debt,118.404,2026-12-31,2.079453755431402,2.079453755431402,5.617999999999995,46.406,au-dessus de la mediane regionale,above regional median,en degradation,worsening
FRA,Gini,31.8,2023-12-31,1.9230769230769278,1.9230769230769278,-0.5999999999999979,30.65,proche de la mediane regionale,near regional median,en amelioration,improving
FRA,Inflation,1.99904942291463,2024-12-31,-59.02207824707064,-59.02207824707064,0.8907945000316901,2.83581658224034,sous la mediane regionale,below regional median,en degradation,worsening
FRA,Political stability,-0.2413653999999999,2024-12-31,-1185.800890707238,-1185.800890707238,-0.4454325999999999,0.3087034999999999,sous la mediane regionale,below regional median,en degradation,worsening
FRA,Regulatory quality,1.1461527,2024-12-31,-7.022869813504292,-7.022869813504292,-0.31101160000000005,0.6500427999999999,au-dessus de la mediane regionale,above regional median,en degradation,worsening
FRA,Reserves,2.38967906896664,2024-12-31,16.041178012596546,16.041178012596546,0.23420426374873005,2.89106960627006,sous la mediane regionale,below regional median,en amelioration,improving
FRA,Rule of law,0.97866,2024-12-31,-1.6044053911367226,-1.6044053911367226,-0.20625490000000013,0.6192042999999999,au-dessus de la mediane regionale,above regional median,en degradation,worsening
FRA,Tax revenue,22.778486344686,2024-12-31,-1.7160567553243329,-1.7160567553243329,-1.8820400546316982,20.82863605996785,proche de la mediane regionale,near regional median,en degradation,worsening
FRA,Unemployment,7.4,2024-12-31,0.8861622358554927,0.8861622358554927,-1.0149999999999988,5.4,au-dessus de la mediane regionale,above regional median,en amelioration,improving
FRA,Women in workforce,51.773,2024-12-31,-0.6428955246794998,-0.6428955246794998,1.1580000000000013,54.888,proche de la mediane regionale,near regional median,en amelioration,improving
FRA,Youth unemployment,18.603,2024-12-31,6.79717549801941,6.79717549801941,-1.325999999999997,14.316,au-dessus de la mediane regionale,above regional median,en amelioration,improving
FRO,Agriculture value added,16.0666931492436,2024-12-31,-9.510769386868757,-9.510769386868757,-0.9847130742189982,2.6262814922641997,au-dessus de la mediane regionale,above regional median,en degradation,worsening
FRO,CO2 per capita,1.76793557833089,2024-12-31,-0.33973099477345314,-0.33973099477345314,-0.07218799764902983,6.87868940323143,sous la mediane regionale,below regional median,en degradation,worsening
FRO,Commodity dependence,2.79966443731964,2009-12-31,31.803057468766983,31.803057468766983,2.7996088501893124,5.79530570621524,sous la mediane regionale,below regional median,en degradation,worsening
FRO,Current account,7.75436992619401,2011-12-31,25.32631856288817,25.32631856288817,6.70165339996835,-0.432631418354181,au-dessus de la mediane regionale,above regional median,en amelioration,improving
FRO,Dependency ratio,60.5217544581216,2024-12-31,-0.7622959581527838,-0.7622959581527838,-1.7174536115482013,55.30208239407135,proche de la mediane regionale,near regional median,en amelioration,improving
FRO,Electricity access,100.0,2024-12-31,0.0,0.0,0.0,100.0,proche de la mediane regionale,near regional median,stable,stable
FRO,GDP growth,0.843716851362103,2024-12-31,-73.28943843501513,-73.28943843501513,-3.694793435399787,2.59946721553708,sous la mediane regionale,below regional median,en degradation,worsening
FRO,GDP per capita,74175.2776311377,2024-12-31,2.3295125074897145,2.3295125074897145,11104.554823101593,29603.7772588256,au-dessus de la mediane regionale,above regional median,en amelioration,improving
FSM,Agriculture value added,22.3304808995154,2024-12-31,-4.292685766948048,-4.292685766948048,-0.865139353649198,9.79503060602777,au-dessus de la mediane regionale,above regional median,en degradation,worsening
FSM,CO2 per capita,0.542594556380346,2024-12-31,2.5376256461717372,2.5376256461717372,0.08195728103169403,2.96182966114834,sous la mediane regionale,below regional median,en amelioration,improving
FSM,Control of corruption,0.7080175999999999,2024-12-31,137.76317428782795,137.76317428782795,-0.0710824000000001,0.38264925,au-dessus de la mediane regionale,above regional median,en degradation,worsening
FSM,Current account,7.09101265822785,2014-12-31,1124.4676427181125,1124.4676427181125,20.90115706255995,2.19482817825998,au-dessus de la mediane regionale,above regional median,en amelioration,improving
FSM,Dependency ratio,60.7646189691425,2024-12-31,-0.26747918924196157,-0.26747918924196157,-0.11211334303840204,53.5253966955507,au-dessus de la mediane regionale,above regional median,en amelioration,improving
FSM,Domestic credit,23.4273633503821,2021-12-31,-3.0719289111448416,-3.0719289111448416,0.4313388855503,92.64512899225335,sous la mediane regionale,below regional median,en amelioration,improving
FSM,Electricity access,88.9,2024-12-31,2.3014959723820483,2.3014959723820483,8.800000000000011,100.0,sous la mediane regionale,below regional median,en amelioration,improving
FSM,FDI net inflows,6.39534810126582,2014-12-31,,,,2.35252841903892,au-dessus de la mediane regionale,above regional median,en degradation,worsening
FSM,Fiscal balance,0.391,2026-12-31,-33.16239316239316,-33.16239316239316,-4.084,-1.435,au-dessus de la mediane regionale,above regional median,en degradation,worsening
FSM,GDP growth,2.30132923576443,2024-12-31,103.48134392670185,103.48134392670185,-1.34239546059184,3.6482536159531502,sous la mediane regionale,below regional median,en degradation,worsening
FSM,GDP per capita,4251.69052668788,2024-12-31,8.102546510655737,8.102546510655737,669.9636809651001,7488.460293591284,sous la mediane regionale,below regional median,en amelioration,improving
FSM,Gen gov debt,7.483,2026-12-31,-15.617952187640963,-15.617952187640963,-9.472999999999999,43.4465,sous la mediane regionale,below regional median,en amelioration,improving
FSM,Gini,40.1,2013-12-31,-5.424528301886785,-5.424528301886785,-2.299999999999997,34.25,au-dessus de la mediane regionale,above regional median,en amelioration,improving
FSM,Gov debt,27.7955651702173,2020-12-31,15.3807287983202,15.3807287983202,-2.5784825861929974,50.3420177209934,sous la mediane regionale,below regional median,en amelioration,improving
FSM,Inflation,5.40874375479067,2022-12-31,69.48487326648464,69.48487326648464,4.826490019535781,2.18151273615189,au-dessus de la mediane regionale,above regional median,en degradation,worsening
FSM,Interest rate,12.62,2021-12-31,-12.785072563925374,-12.785072563925374,-3.08,6.01747975323522,au-dessus de la mediane regionale,above regional median,en degradation,worsening
FSM,Political stability,1.499468,2024-12-31,-0.34321346726551993,-0.34321346726551993,0.4900850000000001,0.87674265,au-dessus de la mediane regionale,above regional median,en amelioration,improving
FSM,Regulatory quality,-0.7632717,2024-12-31,0.06721786010227185,0.06721786010227185,0.08624949999999998,-0.07101989999999994,sous la mediane regionale,below regional median,en amelioration,improving
FSM,Reserves,5.28234175266505,2014-12-31,42.223689268602286,42.223689268602286,2.60951825024951,5.704288535730781,proche de la mediane regionale,near regional median,en amelioration,improving
FSM,Rule of law,0.9769408,2024-12-31,-0.007543388557688178,-0.007543388557688178,0.7551410000000001,0.6409370999999999,au-dessus de la mediane regionale,above regional median,en amelioration,improving
FSM,Tax revenue,7.03115450759675,2020-12-31,-64.6022971571791,-64.6022971571791,1.5349384819557201,16.67863628412195,sous la mediane regionale,below regional median,en amelioration,improving
GAB,Agriculture value added,6.5591443804262,2024-12-31,-1.6535345138946618,-1.6535345138946618,1.0047135102848994,20.7932870939229,sous la mediane regionale,below regional median,en amelioration,improving
GAB,CO2 per capita,8.57913028682701,2024-12-31,-1.094827398706451,-1.094827398706451,-0.35289176541433065,1.52210243022339,au-dessus de la mediane regionale,above regional median,en degradation,worsening
GAB,Commodity dependence,53.9865618745688,2023-12-31,-19.72048697416071,-19.72048697416071,0.528782310430401,1.604781106301575,au-dessus de la mediane regionale,above regional median,en degradation,worsening
GAB,Control of corruption,-0.9367769,2024-12-31,3.9048145921388064,3.9048145921388064,-0.11732700000000007,-0.7934948,sous la mediane regionale,below regional median,en degradation,worsening
GAB,Current account,0.980288664808838,2015-12-31,-83.95316076871221,-83.95316076871221,-16.088217290312862,-4.05918464223764,au-dessus de la mediane regionale,above regional median,en degradation,worsening
GAB,Debt service,15.3998456693795,2021-12-31,-46.93689145882275,-46.93689145882275,1.2165871634308996,11.8141665228846,au-dessus de la mediane regionale,above regional median,en degradation,worsening
GAB,Dependency ratio,68.2569535704085,2024-12-31,-0.5660121161978585,-0.5660121161978585,-0.5714132724043992,76.3947216046137,sous la mediane regionale,below regional median,en amelioration,improving
GAB,Domestic credit,13.3764779657931,2019-12-31,2.2455995495348935,2.2455995495348935,-1.1652471591186,15.8986695709198,sous la mediane regionale,below regional median,en degradation,worsening
GAB,Electricity access,95.1,2024-12-31,1.0626992561105209,1.0626992561105209,4.799999999999997,57.8,au-dessus de la mediane regionale,above regional median,en amelioration,improving
GAB,External debt,35.9523010976641,2024-12-31,-12.648549078569452,-12.648549078569452,-11.054818643865104,43.99766261125275,sous la mediane regionale,below regional median,en amelioration,improving
GAB,FDI net inflows,5.47750591310442,2024-12-31,-7.7110877820014165,-7.7110877820014165,-3.7265924664529697,2.351663747275275,au-dessus de la mediane regionale,above regional median,en degradation,worsening
GAB,Fiscal balance,-9.97,2026-12-31,-97.07452065625618,-97.07452065625618,-10.905000000000001,-2.4305,sous la mediane regionale,below regional median,en degradation,worsening
GAB,GDP growth,3.39403899521831,2024-12-31,39.16060487455958,39.16060487455958,-0.5267697993099998,4.366019176358015,sous la mediane regionale,below regional median,en degradation,worsening
GAB,GDP per capita,8230.04311451151,2024-12-31,5.475181338587694,5.475181338587694,788.8644672834107,1189.858061476885,au-dessus de la mediane regionale,above regional median,en amelioration,improving
GAB,Gen gov debt,86.062,2026-12-31,9.060725871857247,9.060725871857247,13.117000000000004,53.801,au-dessus de la mediane regionale,above regional median,en degradation,worsening
GAB,Gini,38.0,2017-12-31,-9.952606635071096,-9.952606635071096,-4.200000000000003,38.5,proche de la mediane regionale,near regional median,en amelioration,improving
GAB,Inflation,1.17311998381218,2024-12-31,-67.67387642916573,-67.67387642916573,-1.29144757769969,4.214928221107796,sous la mediane regionale,below regional median,en amelioration,improving
GAB,Political stability,-0.276887,2024-12-31,-2.4728613661025087,-2.4728613661025087,0.0036845999999999823,-0.5953656,au-dessus de la mediane regionale,above regional median,stable,stable
GAB,Regulatory quality,-0.7234577999999999,2024-12-31,2.2985686816978603,2.2985686816978603,0.15321430000000003,-0.7386300499999999,au-dessus de la mediane regionale,above regional median,en amelioration,improving
GAB,Reserves,4.24662276758396,2015-12-31,-1.658713304447276,-1.658713304447276,1.1663832854795402,3.5612582316005197,au-dessus de la mediane regionale,above regional median,en amelioration,improving
GAB,Rule of law,-1.155705,2024-12-31,-7.191918708493677,-7.191918708493677,-0.28986310000000004,-0.8753552499999999,sous la mediane regionale,below regional median,en degradation,worsening
GAB,Tax revenue,9.49032554464136,2021-12-31,-23.630037826385475,-23.630037826385475,-1.9777381624065402,12.7396805065136,sous la mediane regionale,below regional median,en degradation,worsening
GAB,Unemployment,20.091,2024-12-31,-0.3472049997519978,-0.3472049997519978,-0.2799999999999976,5.487,au-dessus de la mediane regionale,above regional median,en amelioration,improving
GAB,Women in workforce,41.808,2024-12-31,-0.16238418187027856,-0.16238418187027856,-0.18599999999999994,57.104,sous la mediane regionale,below regional median,en degradation,worsening
GAB,Youth unemployment,36.283,2024-12-31,-0.34059384184358843,-0.34059384184358843,-0.42799999999999727,8.814,au-dessus de la mediane regionale,above regional median,en amelioration,improving
GBR,Agriculture value added,0.640268322678911,2024-12-31,-1.2207282909758805,-1.2207282909758805,0.063338673208725,2.6262814922641997,sous la mediane regionale,below regional median,en amelioration,improving
GBR,CO2 per capita,5.58155482744187,2024-12-31,-4.525073393096816,-4.525073393096816,-1.3931254871405896,6.87868940323143,sous la mediane regionale,below regional median,en degradation,worsening
GBR,Commodity dependence,8.57390412775903,2024-12-31,-4.348959100391326,-4.348959100391326,-0.025073177642410016,5.79530570621524,au-dessus de la mediane regionale,above regional median,stable,stable
GBR,Control of corruption,1.5097547999999998,2024-12-31,2.3857377781928073,2.3857377781928073,-0.2576737,0.5531621,au-dessus de la mediane regionale,above regional median,en degradation,worsening
GBR,Current account,-2.95960422411904,2024-12-31,17.25464658225023,17.25464658225023,-0.2971478026629599,-0.432631418354181,sous la mediane regionale,below regional median,en degradation,worsening
GBR,Dependency ratio,57.9399925143725,2024-12-31,0.1617999557826599,0.1617999557826599,0.5089696571732958,55.30208239407135,proche de la mediane regionale,near regional median,en degradation,worsening
GBR,Domestic credit,112.372018963535,2024-12-31,-4.752009358064488,-4.752009358064488,-19.071046406882004,51.23226305443685,au-dessus de la mediane regionale,above regional median,en degradation,worsening
GBR,Electricity access,100.0,2024-12-31,0.0,0.0,0.0,100.0,proche de la mediane regionale,near regional median,stable,stable
GBR,FDI net inflows,-0.350561573947678,2024-12-31,-186.9627935663865,-186.9627935663865,-1.038765926210556,2.46510904267828,sous la mediane regionale,below regional median,en degradation,worsening
GBR,Fiscal balance,-3.905,2026-12-31,-41.229656419529825,-41.229656419529825,1.525,-2.067,sous la mediane regionale,below regional median,en amelioration,improving
GBR,GDP growth,1.08027716858781,2024-12-31,297.6723638109053,297.6723638109053,-0.17602182902042984,2.59946721553708,sous la mediane regionale,below regional median,en degradation,worsening
GBR,GDP per capita,53341.3131094262,2024-12-31,6.854256247232538,6.854256247232538,10180.628712246296,29603.7772588256,au-dessus de la mediane regionale,above regional median,en amelioration,improving
GBR,Gen gov debt,103.565,2026-12-31,1.220727940889006,1.220727940889006,0.117999999999995,46.406,au-dessus de la mediane regionale,above regional median,en degradation,worsening
GBR,Gini,32.4,2021-12-31,-0.9174311926605634,-0.9174311926605634,-0.7000000000000028,30.65,proche de la mediane regionale,near regional median,en amelioration,improving
GBR,Gov debt,130.735888365813,2024-12-31,-3.9712406169081866,-3.9712406169081866,-28.236681510007998,40.04160644426225,au-dessus de la mediane regionale,above regional median,en amelioration,improving
GBR,Inflation,3.2715729463592,2024-12-31,-51.845911031898005,-51.845911031898005,1.5334683454940699,2.83581658224034,au-dessus de la mediane regionale,above regional median,en degradation,worsening
GBR,Interest rate,0.5,2014-12-31,0.0,0.0,-0.14486666666666703,6.65405833333333,sous la mediane regionale,below regional median,en degradation,worsening
GBR,Political stability,0.2577085,2024-12-31,-30.035670586114488,-30.035670586114488,-0.3104412,0.3087034999999999,sous la mediane regionale,below regional median,en degradation,worsening
GBR,Regulatory quality,1.5112377,2024-12-31,-4.89298052563695,-4.89298052563695,-0.20225399999999993,0.6500427999999999,au-dessus de la mediane regionale,above regional median,en degradation,worsening
GBR,Reserves,1.18272554676037,2024-12-31,-5.650647008878751,-5.650647008878751,-0.5020099013071802,2.89106960627006,sous la mediane regionale,below regional median,en degradation,worsening
GBR,Rule of law,1.269914,2024-12-31,-0.03469109847824081,-0.03469109847824081,-0.16856119999999986,0.6192042999999999,au-dessus de la mediane regionale,above regional median,en degradation,worsening
GBR,Tax revenue,26.8890215407942,2024-12-31,0.05705330363953312,0.05705330363953312,1.974653293851599,20.82863605996785,au-dessus de la mediane regionale,above regional median,en amelioration,improving
GBR,Unemployment,4.361,2024-12-31,8.347826086956506,8.347826086956506,0.7039999999999997,5.4,sous la mediane regionale,below regional median,en degradation,worsening
GBR,Women in workforce,57.489,2024-12-31,0.18996165911466478,0.18996165911466478,-0.5480000000000018,54.888,proche de la mediane regionale,near regional median,en degradation,worsening
GBR,Youth unemployment,14.316,2024-12-31,19.85934360348292,19.85934360348292,3.628,14.316,proche de la mediane regionale,near regional median,en degradation,worsening
GEO,Agriculture value added,5.4854426894458,2024-12-31,-8.815998296528505,-8.815998296528505,-1.8500435752849205,2.6262814922641997,au-dessus de la mediane regionale,above regional median,en degradation,worsening
GEO,CO2 per capita,5.14169375724915,2024-12-31,-2.7931096522360352,-2.7931096522360352,0.3357189620722698,6.87868940323143,sous la mediane regionale,below regional median,en amelioration,improving
GEO,Commodity dependence,2.33702072065557,2024-12-31,-42.86488221296508,-42.86488221296508,1.617286554365902,5.79530570621524,sous la mediane regionale,below regional median,en degradation,worsening
GEO,Control of corruption,0.3810861,2024-12-31,-42.12055190241391,-42.12055190241391,-0.4625391,0.5531621,sous la mediane regionale,below regional median,en degradation,worsening
GEO,Current account,-5.29948694239513,2024-12-31,4.155290883418049,4.155290883418049,0.6942615480240706,-0.432631418354181,sous la mediane regionale,below regional median,en amelioration,improving
GEO,Debt service,26.5628823310302,2024-12-31,27.41005138527432,27.41005138527432,4.015857734350099,13.953203049199,au-dessus de la mediane regionale,above regional median,en degradation,worsening
GEO,Dependency ratio,57.3228955356421,2024-12-31,0.33829955879944434,0.33829955879944434,2.265793644193998,55.30208239407135,proche de la mediane regionale,near regional median,en degradation,worsening
GEO,Domestic credit,68.2889275931946,2024-12-31,2.839634642869391,2.839634642869391,3.2606017603010997,51.23226305443685,au-dessus de la mediane regionale,above regional median,en amelioration,improving
GEO,Electricity access,100.0,2024-12-31,0.0,0.0,0.0,100.0,proche de la mediane regionale,near regional median,stable,stable
GEO,External debt,79.6767852223944,2024-12-31,-6.236555675415573,-6.236555675415573,-31.6468371231756,56.144278869823,au-dessus de la mediane regionale,above regional median,en amelioration,improving
GEO,FDI net inflows,4.68837816824546,2024-12-31,-31.67642018501089,-31.67642018501089,-3.2368540575840195,2.46510904267828,au-dessus de la mediane regionale,above regional median,en degradation,worsening
GEO,Fiscal balance,-2.327,2026-12-31,-2274.766355140187,-2274.766355140187,3.6450000000000005,-2.067,sous la mediane regionale,below regional median,en amelioration,improving
GEO,GDP growth,9.67979379712661,2024-12-31,23.58969680330213,23.58969680330213,4.2990745312271,2.59946721553708,au-dessus de la mediane regionale,above regional median,en amelioration,improving
GEO,GDP per capita,8967.67525638987,2024-12-31,8.257278263834547,8.257278263834547,4226.39198480227,29603.7772588256,sous la mediane regionale,below regional median,en amelioration,improving
GEO,Gen gov debt,35.112,2026-12-31,2.418108100224603,2.418108100224603,-13.982,46.406,sous la mediane regionale,below regional median,en amelioration,improving
GEO,Gini,33.9,2024-12-31,-2.58620689655172,-2.58620689655172,-2.0,30.65,au-dessus de la mediane regionale,above regional median,en amelioration,improving
GEO,Gov debt,40.0993201678867,2024-12-31,-7.618836426302127,-7.618836426302127,-4.624365630287301,40.04160644426225,proche de la mediane regionale,near regional median,en amelioration,improving
GEO,Inflation,1.10971758022096,2024-12-31,-55.39291057659179,-55.39291057659179,-3.7431806367462697,2.83581658224034,sous la mediane regionale,below regional median,en amelioration,improving
GEO,Interest rate,14.9367295752734,2024-12-31,-6.693514131859477,-6.693514131859477,4.1203295752734,6.65405833333333,au-dessus de la mediane regionale,above regional median,en amelioration,improving
GEO,Political stability,-0.6127592,2024-12-31,-406.7953809737277,-406.7953809737277,-0.4779882,0.3087034999999999,sous la mediane regionale,below regional median,en degradation,worsening
GEO,Regulatory quality,0.6500427999999999,2024-12-31,-19.601129121608647,-19.601129121608647,-0.2281054,0.6500427999999999,proche de la mediane regionale,near regional median,en degradation,worsening
GEO,Reserves,2.29133957874542,2024-12-31,-15.642947138672012,-15.642947138672012,-0.8594586837007303,2.89106960627006,sous la mediane regionale,below regional median,en degradation,worsening
GEO,Rule of law,0.1489666999999999,2024-12-31,-9.328141767011378,-9.328141767011378,-0.0654704000000001,0.6192042999999999,sous la mediane regionale,below regional median,en degradation,worsening
GEO,Tax revenue,24.2581681938283,2024-12-31,2.792250365415314,2.792250365415314,1.360891115438701,20.82863605996785,au-dessus de la mediane regionale,above regional median,en amelioration,improving
GEO,Unemployment,11.557,2024-12-31,0.06927006667244692,0.06927006667244692,-0.007999999999999119,5.4,au-dessus de la mediane regionale,above regional median,stable,stable
GEO,Women in workforce,56.673,2024-12-31,0.7502088851753821,0.7502088851753821,1.9570000000000007,54.888,proche de la mediane regionale,near regional median,en amelioration,improving
GEO,Youth unemployment,29.863,2024-12-31,-0.22718920183088234,-0.22718920183088234,-0.1960000000000015,14.316,au-dessus de la mediane regionale,above regional median,en amelioration,improving
GHA,Agriculture value added,20.5752049341268,2024-12-31,-1.756494500406328,-1.756494500406328,3.2519747326647988,20.7932870939229,proche de la mediane regionale,near regional median,en amelioration,improving
GHA,CO2 per capita,1.39696522079759,2024-12-31,0.8073911929090627,0.8073911929090627,0.03112577867950006,1.52210243022339,proche de la mediane regionale,near regional median,stable,stable
GHA,Commodity dependence,24.5298166225955,2023-12-31,-20.87529948513985,-20.87529948513985,-6.075797252882399,1.604781106301575,au-dessus de la mediane regionale,above regional median,en amelioration,improving
GHA,Control of corruption,-0.1934794,2024-12-31,-48.450388889357775,-48.450388889357775,-0.0940338,-0.7934948,au-dessus de la mediane regionale,above regional median,en degradation,worsening
GHA,Current account,1.91923157284388,2024-12-31,310.46879841716077,310.46879841716077,4.64622533098352,-4.05918464223764,au-dessus de la mediane regionale,above regional median,en amelioration,improving
GHA,Debt service,9.43593175956357,2024-12-31,-38.2667141662088,-38.2667141662088,-26.55938404312803,11.8141665228846,sous la mediane regionale,below regional median,en amelioration,improving
GHA,Dependency ratio,65.3615857268255,2024-12-31,-1.1807757076879797,-1.1807757076879797,-4.094606878184109,76.3947216046137,sous la mediane regionale,below regional median,en amelioration,improving
GHA,Domestic credit,8.92435396216065,2024-12-31,-5.52435148002891,-5.52435148002891,-5.012857423479451,15.8986695709198,sous la mediane regionale,below regional median,en degradation,worsening
GHA,Electricity access,91.9,2024-12-31,2.681564245810062,2.681564245810062,8.400000000000006,57.8,au-dessus de la mediane regionale,above regional median,en amelioration,improving
GHA,External debt,46.9171668170777,2024-12-31,-15.153269626087203,-15.153269626087203,-2.952290309103603,43.99766261125275,proche de la mediane regionale,near regional median,en amelioration,improving
GHA,FDI net inflows,2.11980137105215,2024-12-31,29.41857921041263,29.41857921041263,-3.55639793903982,2.351663747275275,proche de la mediane regionale,near regional median,en degradation,worsening
GHA,Fiscal balance,-2.256,2026-12-31,-205.76652601969053,-205.76652601969053,2.515,-2.4305,au-dessus de la mediane regionale,above regional median,en amelioration,improving
GHA,GDP growth,5.84746854280382,2024-12-31,86.21971596716779,86.21971596716779,-0.66030625111138,4.366019176358015,au-dessus de la mediane regionale,above regional median,en degradation,worsening
GHA,GDP per capita,2419.2518672482,2024-12-31,1.4827678015813501,1.4827678015813501,232.59364042207017,1189.858061476885,au-dessus de la mediane regionale,above regional median,en amelioration,improving
GHA,Gen gov debt,53.011,2026-12-31,8.595718529140644,8.595718529140644,-33.864,53.801,proche de la mediane regionale,near regional median,en amelioration,improving
GHA,Gini,43.5,2016-12-31,2.594339622641513,2.594339622641513,0.7000000000000028,38.5,au-dessus de la mediane regionale,above regional median,en degradation,worsening
GHA,Inflation,22.8483281157842,2024-12-31,-40.04159675729607,-40.04159675729607,15.704688082475629,4.214928221107796,au-dessus de la mediane regionale,above regional median,en degradation,worsening
GHA,Political stability,0.0114605,2024-12-31,116.65511323093646,116.65511323093646,-0.0019391999999998997,-0.5953656,au-dessus de la mediane regionale,above regional median,stable,stable
GHA,Regulatory quality,-0.0898549,2024-12-31,43.631419143570504,43.631419143570504,0.1036795,-0.7386300499999999,au-dessus de la mediane regionale,above regional median,en amelioration,improving
GHA,Reserves,1.6387674511702,2024-12-31,13.184096646780215,13.184096646780215,-1.2568573712569302,3.5612582316005197,sous la mediane regionale,below regional median,en degradation,worsening
GHA,Rule of law,0.0539695,2024-12-31,1904.034630298168,1904.034630298168,-0.063743,-0.8753552499999999,au-dessus de la mediane regionale,above regional median,en degradation,worsening
GHA,Tax revenue,12.393098457103,2023-12-31,0.7770878059970199,0.7770878059970199,0.14885694961999896,12.7396805065136,proche de la mediane regionale,near regional median,en amelioration,improving
GHA,Unemployment,2.82,2024-12-31,-0.3181336161187819,-0.3181336161187819,-0.24700000000000033,5.487,sous la mediane regionale,below regional median,en amelioration,improving
GHA,Women in workforce,55.733,2024-12-31,0.36556816135421544,0.36556816135421544,-4.330000000000005,57.104,proche de la mediane regionale,near regional median,en degradation,worsening
GHA,Youth unemployment,5.347,2024-12-31,-0.09342301943198604,-0.09342301943198604,-0.5279999999999996,8.814,sous la mediane regionale,below regional median,en amelioration,improving
GIB,CO2 per capita,16.7535406443083,2024-12-31,-1.2524188559542702,-1.2524188559542702,-4.142948903220901,6.87868940323143,au-dessus de la mediane regionale,above regional median,en degradation,worsening
GIB,Dependency ratio,54.4715447154472,2024-12-31,0.0010188071807335918,0.0010188071807335918,-0.8292647354387981,55.30208239407135,proche de la mediane regionale,near regional median,en amelioration,improving
GIB,Electricity access,100.0,2024-12-31,0.0,0.0,0.0,100.0,proche de la mediane regionale,near regional median,stable,stable
GIN,Agriculture value added,30.9605751418184,2024-12-31,5.052808374395075,5.052808374395075,4.533298327587801,20.7932870939229,au-dessus de la mediane regionale,above regional median,en amelioration,improving
GIN,CO2 per capita,1.99094056606043,2024-12-31,0.2283081809441621,0.2283081809441621,0.07978215427667013,1.52210243022339,au-dessus de la mediane regionale,above regional median,en amelioration,improving
GIN,Commodity dependence,0.466113470861431,2016-12-31,117.94379792618808,117.94379792618808,-0.562197351926329,1.604781106301575,sous la mediane regionale,below regional median,en amelioration,improving
GIN,Control of corruption,-1.1744528,2024-12-31,-16.530157023875812,-16.530157023875812,-0.2513071000000001,-0.7934948,sous la mediane regionale,below regional median,en degradation,worsening
GIN,Current account,-1.56673613616474,2024-12-31,-118.4663887692317,-118.4663887692317,0.77368818557057,-4.05918464223764,au-dessus de la mediane regionale,above regional median,en amelioration,improving
GIN,Debt service,3.729306337627,2024-12-31,44.66495413465358,44.66495413465358,1.04809317763466,11.8141665228846,sous la mediane regionale,below regional median,en degradation,worsening
GIN,Dependency ratio,79.7147834280458,2024-12-31,-1.3180700523801565,-1.3180700523801565,-5.001478299757892,76.3947216046137,proche de la mediane regionale,near regional median,en amelioration,improving
GIN,Domestic credit,10.6668743226753,2024-12-31,4.07644252766483,4.07644252766483,0.3783273570918002,15.8986695709198,sous la mediane regionale,below regional median,en amelioration,improving
GIN,Electricity access,53.8,2024-12-31,5.28375733855185,5.28375733855185,11.599999999999994,57.8,proche de la mediane regionale,near regional median,en amelioration,improving
GIN,External debt,23.1973863712568,2024-12-31,-8.008709352639276,-8.008709352639276,-3.3606830452715,43.99766261125275,sous la mediane regionale,below regional median,en amelioration,improving
GIN,FDI net inflows,5.60537419672253,2024-12-31,-4.479272624397907,-4.479272624397907,5.275087374889691,2.351663747275275,au-dessus de la mediane regionale,above regional median,en amelioration,improving
GIN,Fiscal balance,-4.961,2026-12-31,12.934362934362936,12.934362934362936,-3.2560000000000002,-2.4305,sous la mediane regionale,below regional median,en degradation,worsening
GIN,GDP growth,5.35004659049265,2024-12-31,-3.458851485025906,-3.458851485025906,-0.26686787840611004,4.366019176358015,au-dessus de la mediane regionale,above regional median,en degradation,worsening
GIN,GDP per capita,1694.95375862185,2024-12-31,8.965641927512554,8.965641927512554,663.61229381453,1189.858061476885,au-dessus de la mediane regionale,above regional median,en amelioration,improving
GIN,Gen gov debt,44.69,2026-12-31,-7.006263395551125,-7.006263395551125,4.120999999999995,53.801,sous la mediane regionale,below regional median,en degradation,worsening
GIN,Gini,29.6,2018-12-31,-12.166172106824929,-12.166172106824929,-4.100000000000001,38.5,sous la mediane regionale,below regional median,en amelioration,improving
GIN,Inflation,8.12313914948596,2024-12-31,4.07641527016512,4.07641527016512,-1.346871243044161,4.214928221107796,au-dessus de la mediane regionale,above regional median,en amelioration,improving
GIN,Interest rate,12.875,2001-12-31,-33.5483870967742,-33.5483870967742,,11.7409744802492,proche de la mediane regionale,near regional median,en degradation,worsening
GIN,Political stability,-1.0377627,2024-12-31,-18.388771075139427,-18.388771075139427,-0.17988090000000012,-0.5953656,sous la mediane regionale,below regional median,en degradation,worsening
GIN,Regulatory quality,-0.8917271,2024-12-31,7.089084346314944,7.089084346314944,-0.09895280000000006,-0.7386300499999999,sous la mediane regionale,below regional median,en degradation,worsening
GIN,Reserves,1.27721250120659,2024-12-31,-41.641969387642774,-41.641969387642774,-2.38342640656033,3.5612582316005197,sous la mediane regionale,below regional median,en degradation,worsening
GIN,Rule of law,-1.1479306,2024-12-31,-3.7088452911982643,-3.7088452911982643,-0.06471670000000018,-0.8753552499999999,sous la mediane regionale,below regional median,en degradation,worsening
GIN,Unemployment,5.132,2024-12-31,-0.17506321727291074,-0.17506321727291074,0.11399999999999988,5.487,proche de la mediane regionale,near regional median,en degradation,worsening
GIN,Women in workforce,42.882,2024-12-31,0.33458901705702215,0.33458901705702215,0.6109999999999971,57.104,sous la mediane regionale,below regional median,en amelioration,improving
GIN,Youth unemployment,7.068,2024-12-31,-0.04242681374628926,-0.04242681374628926,0.07999999999999918,8.814,sous la mediane regionale,below regional median,en degradation,worsening
GMB,Agriculture value added,20.4335632430226,2024-12-31,-7.278580034345845,-7.278580034345845,0.42951737046709937,20.7932870939229,proche de la mediane regionale,near regional median,en amelioration,improving
GMB,CO2 per capita,0.673734813339768,2024-12-31,-1.344328186353346,-1.344328186353346,-0.06115108092132493,1.52210243022339,sous la mediane regionale,below regional median,en degradation,worsening
GMB,Commodity dependence,0.0,2024-12-31,,,0.0,1.604781106301575,sous la mediane regionale,below regional median,stable,stable
GMB,Control of corruption,-0.3342284,2024-12-31,-12.851254291494833,-12.851254291494833,0.00743870000000002,-0.7934948,au-dessus de la mediane regionale,above regional median,stable,stable
GMB,Current account,-4.14959872463031,2024-12-31,17.665004816670347,17.665004816670347,-2.1051465088777395,-4.05918464223764,au-dessus de la mediane regionale,above regional median,en degradation,worsening
GMB,Debt service,8.14420595794985,2024-12-31,8.723047923487377,8.723047923487377,-4.56684123068195,11.8141665228846,sous la mediane regionale,below regional median,en amelioration,improving
GMB,Dependency ratio,76.4484982313518,2024-12-31,-1.5439671571668823,-1.5439671571668823,-5.832541036866189,76.3947216046137,proche de la mediane regionale,near regional median,en amelioration,improving
GMB,Domestic credit,9.40397496213459,2024-12-31,7.778077129485976,7.778077129485976,1.2018025042781897,15.8986695709198,sous la mediane regionale,below regional median,en amelioration,improving
GMB,Electricity access,69.0,2024-12-31,3.139013452914789,3.139013452914789,6.899999999999999,57.8,au-dessus de la mediane regionale,above regional median,en amelioration,improving
GMB,External debt,66.3566127091875,2024-12-31,18.915556219106765,18.915556219106765,18.599731220879605,43.99766261125275,au-dessus de la mediane regionale,above regional median,en degradation,worsening
GMB,FDI net inflows,9.66186336562045,2024-12-31,11.98271235735049,11.98271235735049,5.74242545344155,2.351663747275275,au-dessus de la mediane regionale,above regional median,en amelioration,improving
GMB,Fiscal balance,2.365,2026-12-31,180.19667683960665,180.19667683960665,4.117,-2.4305,au-dessus de la mediane regionale,above regional median,en amelioration,improving
GMB,GDP growth,5.55126065805138,2024-12-31,-6.177923354912962,-6.177923354912962,-0.6707925018972105,4.366019176358015,au-dessus de la mediane regionale,above regional median,en degradation,worsening
GMB,GDP per capita,871.340287547821,2024-12-31,-1.3231602934286277,-1.3231602934286277,133.153535560338,1189.858061476885,sous la mediane regionale,below regional median,en amelioration,improving
GMB,Gen gov debt,68.263,2026-12-31,-7.626625529438822,-7.626625529438822,-14.849999999999994,53.801,au-dessus de la mediane regionale,above regional median,en amelioration,improving
GMB,Gini,38.8,2020-12-31,8.077994428969355,8.077994428969355,2.8999999999999986,38.5,proche de la mediane regionale,near regional median,en degradation,worsening
GMB,Inflation,11.5610532897511,2024-12-31,-31.890489916715847,-31.890489916715847,4.445377033439181,4.214928221107796,au-dessus de la mediane regionale,above regional median,en degradation,worsening
GMB,Interest rate,22.0,2024-12-31,6.024096385542169,6.024096385542169,-6.0,11.7409744802492,au-dessus de la mediane regionale,above regional median,en degradation,worsening
GMB,Political stability,-0.0180453,2024-12-31,-113.26926640449673,-113.26926640449673,-0.085926,-0.5953656,au-dessus de la mediane regionale,above regional median,en degradation,worsening
GMB,Regulatory quality,-0.6640332,2024-12-31,-5.120106381294625,-5.120106381294625,0.03272200000000003,-0.7386300499999999,au-dessus de la mediane regionale,above regional median,stable,stable
GMB,Reserves,4.78961581785449,2024-12-31,-3.259341213110309,-3.259341213110309,0.17546088017452988,3.5612582316005197,au-dessus de la mediane regionale,above regional median,en amelioration,improving
GMB,Rule of law,-0.3941933999999999,2024-12-31,-15.783268420774348,-15.783268420774348,0.0488633,-0.8753552499999999,au-dessus de la mediane regionale,above regional median,stable,stable
GMB,Unemployment,6.48,2024-12-31,0.015434480629731963,0.015434480629731963,1.9990000000000006,5.487,au-dessus de la mediane regionale,above regional median,en degradation,worsening
GMB,Women in workforce,45.428,2024-12-31,0.4111224083815922,0.4111224083815922,0.41099999999999426,57.104,sous la mediane regionale,below regional median,en amelioration,improving
GMB,Youth unemployment,10.83,2024-12-31,0.17574692442882367,0.17574692442882367,3.021,8.814,au-dessus de la mediane regionale,above regional median,en degradation,worsening
GNB,Agriculture value added,41.1643366267632,2024-12-31,11.844869023637477,11.844869023637477,9.778598114402602,20.7932870939229,au-dessus de la mediane regionale,above regional median,en amelioration,improving
GNB,CO2 per capita,1.44847348356828,2024-12-31,-0.9446632801884038,-0.9446632801884038,-0.09551501872069013,1.52210243022339,proche de la mediane regionale,near regional median,en degradation,worsening
GNB,Commodity dependence,0.002078087334285,2015-12-31,-99.7434117772497,-99.7434117772497,-0.807813852369964,1.604781106301575,sous la mediane regionale,below regional median,en amelioration,improving
GNB,Control of corruption,-1.3460193,2024-12-31,-16.543240255639915,-16.543240255639915,0.1820529999999998,-0.7934948,sous la mediane regionale,below regional median,en amelioration,improving
GNB,Current account,-7.35889637109665,2024-12-31,4.584383843429879,4.584383843429879,0.6231113614504702,-4.05918464223764,sous la mediane regionale,below regional median,en amelioration,improving
GNB,Debt service,13.2574468326414,2024-12-31,-12.073572991964253,-12.073572991964253,5.602137672579439,11.8141665228846,au-dessus de la mediane regionale,above regional median,en degradation,worsening
GNB,Dependency ratio,72.3477499737723,2024-12-31,-1.6555534025638197,-1.6555534025638197,-5.9432372385781065,76.3947216046137,proche de la mediane regionale,near regional median,en amelioration,improving
GNB,Domestic credit,10.7253688584545,2024-12-31,-14.76434238339258,-14.76434238339258,-2.6219430602887,15.8986695709198,sous la mediane regionale,below regional median,en degradation,worsening
GNB,Electricity access,43.7,2024-12-31,7.901234567901241,7.901234567901241,12.800000000000004,57.8,sous la mediane regionale,below regional median,en amelioration,improving
GNB,External debt,67.1110649067659,2024-12-31,-1.4085082816743084,-1.4085082816743084,11.2715590888887,43.99766261125275,au-dessus de la mediane regionale,above regional median,en degradation,worsening
GNB,FDI net inflows,1.21259612687519,2024-12-31,0.19604752633963102,0.19604752633963102,-3.2766922645952903,2.351663747275275,sous la mediane regionale,below regional median,en degradation,worsening
GNB,Fiscal balance,-3.985,2026-12-31,40.46907678518076,40.46907678518076,1.8969999999999998,-2.4305,sous la mediane regionale,below regional median,en amelioration,improving
GNB,GDP growth,4.40920107183611,2024-12-31,-4.77964461686637,-4.77964461686637,-0.9182946393573301,4.366019176358015,proche de la mediane regionale,near regional median,en degradation,worsening
GNB,GDP per capita,998.376093392688,2024-12-31,3.519612229459643,3.519612229459643,187.16608934264696,1189.858061476885,sous la mediane regionale,below regional median,en amelioration,improving
GNB,Gen gov debt,73.598,2026-12-31,-2.2836506545580058,-2.2836506545580058,-5.198999999999998,53.801,au-dessus de la mediane regionale,above regional median,en amelioration,improving
GNB,Gini,33.4,2021-12-31,-4.022988505747123,-4.022988505747123,-17.200000000000003,38.5,sous la mediane regionale,below regional median,en amelioration,improving
GNB,Inflation,3.76555825770114,2024-12-31,-46.98046612972183,-46.98046612972183,3.51895798955331,4.214928221107796,sous la mediane regionale,below regional median,en degradation,worsening
GNB,Interest rate,5.295,2016-12-31,2.7324171382375972,2.7324171382375972,0.039083333333329584,11.7409744802492,sous la mediane regionale,below regional median,stable,stable
GNB,Political stability,-0.6184394999999999,2024-12-31,-93.62921059494909,-93.62921059494909,-0.15460629999999992,-0.5953656,au-dessus de la mediane regionale,above regional median,en degradation,worsening
GNB,Regulatory quality,-1.1903185,2024-12-31,4.583037239131483,4.583037239131483,0.06166190000000005,-0.7386300499999999,sous la mediane regionale,below regional median,en amelioration,improving
GNB,Rule of law,-1.2348281,2024-12-31,-2.2997195934714423,-2.2997195934714423,-0.09090100000000012,-0.8753552499999999,sous la mediane regionale,below regional median,en degradation,worsening
GNB,Tax revenue,8.3038460722115,2024-12-31,-6.212458378204855,-6.212458378204855,-0.23007224569364837,12.7396805065136,sous la mediane regionale,below regional median,en degradation,worsening
GNB,Unemployment,2.647,2024-12-31,0.5699088145896535,0.5699088145896535,0.23399999999999999,5.487,sous la mediane regionale,below regional median,en degradation,worsening
GNB,Women in workforce,60.17,2024-12-31,0.14313294720724073,0.14313294720724073,4.106999999999999,57.104,proche de la mediane regionale,near regional median,en amelioration,improving
GNB,Youth unemployment,2.826,2024-12-31,0.3194888178913701,0.3194888178913701,0.7629999999999999,8.814,sous la mediane regionale,below regional median,en degradation,worsening
GNQ,Agriculture value added,2.73242769203816,2024-12-31,-1.322995380315542,-1.322995380315542,0.2945491178343502,20.7932870939229,sous la mediane regionale,below regional median,en amelioration,improving
GNQ,CO2 per capita,4.3004656235403,2024-12-31,-0.3684030458041329,-0.3684030458041329,-1.70153296702824,1.52210243022339,au-dessus de la mediane regionale,above regional median,en degradation,worsening
GNQ,Control of corruption,-1.4730962,2024-12-31,3.380656011029496,3.380656011029496,0.04472109999999985,-0.7934948,sous la mediane regionale,below regional median,stable,stable
GNQ,Dependency ratio,69.4149705171208,2024-12-31,-0.5539785252525391,-0.5539785252525391,-1.3107207719872918,76.3947216046137,proche de la mediane regionale,near regional median,en amelioration,improving
GNQ,Domestic credit,5.81219669046931,2023-12-31,-28.08404537567145,-28.08404537567145,-8.37605245667639,15.8986695709198,sous la mediane regionale,below regional median,en degradation,worsening
GNQ,Electricity access,65.1,2024-12-31,-2.6905829596412723,-2.6905829596412723,-1.5,57.8,au-dessus de la mediane regionale,above regional median,en degradation,worsening
GNQ,FDI net inflows,1.41848628768048,2024-12-31,25.478063853351777,25.478063853351777,-5.80963300891325,2.351663747275275,sous la mediane regionale,below regional median,en degradation,worsening
GNQ,Fiscal balance,-1.658,2026-12-31,34.903808402041626,34.903808402041626,-4.311,-2.4305,au-dessus de la mediane regionale,above regional median,en degradation,worsening
GNQ,GDP growth,0.39622552095193,2024-12-31,105.33633089619438,105.33633089619438,5.87805089988638,4.366019176358015,sous la mediane regionale,below regional median,en amelioration,improving
GNQ,GDP per capita,7003.58055684906,2024-12-31,3.1705459256093924,3.1705459256093924,199.43132611017973,1189.858061476885,au-dessus de la mediane regionale,above regional median,en amelioration,improving
GNQ,Gen gov debt,39.142,2026-12-31,-3.5958819762573118,-3.5958819762573118,-3.1509999999999962,53.801,sous la mediane regionale,below regional median,en amelioration,improving
GNQ,Gini,38.5,2022-12-31,,,,38.5,proche de la mediane regionale,near regional median,en degradation,worsening
GNQ,Inflation,2.92140227309103,2024-12-31,2.164970087751424,2.164970087751424,1.3911269834491398,4.214928221107796,sous la mediane regionale,below regional median,en degradation,worsening
GNQ,Political stability,-0.1409375,2024-12-31,50.97411711668152,50.97411711668152,0.1991506,-0.5953656,au-dessus de la mediane regionale,above regional median,en amelioration,improving
GNQ,Regulatory quality,-1.3990487,2024-12-31,-9.366008789312751,-9.366008789312751,0.04465330000000001,-0.7386300499999999,sous la mediane regionale,below regional median,stable,stable
GNQ,Rule of law,-1.5403576,2024-12-31,-4.026132861857679,-4.026132861857679,0.04810239999999988,-0.8753552499999999,sous la mediane regionale,below regional median,stable,stable
GNQ,Tax revenue,6.5959868257378,2022-12-31,22.258862567130354,22.258862567130354,0.6141399540765002,12.7396805065136,sous la mediane regionale,below regional median,en amelioration,improving
GNQ,Unemployment,8.293,2024-12-31,0.912630810416151,0.912630810416151,0.37599999999999945,5.487,au-dessus de la mediane regionale,above regional median,en degradation,worsening
GNQ,Women in workforce,53.044,2024-12-31,-0.4149065990800782,-0.4149065990800782,-0.8870000000000005,57.104,proche de la mediane regionale,near regional median,en degradation,worsening
GNQ,Youth unemployment,15.556,2024-12-31,0.6404865109658953,0.6404865109658953,0.3349999999999991,8.814,au-dessus de la mediane regionale,above regional median,en degradation,worsening
GRC,Agriculture value added,3.765512541308,2024-12-31,0.6224209457637002,0.6224209457637002,0.10399320199487994,2.6262814922641997,au-dessus de la mediane regionale,above regional median,en amelioration,improving
GRC,CO2 per capita,6.87161741501839,2024-12-31,1.299377285204982,1.299377285204982,-0.7840251944398,6.87868940323143,proche de la mediane regionale,near regional median,en degradation,worsening
GRC,Commodity dependence,30.247817424431,2024-12-31,-6.530060146916089,-6.530060146916089,-1.3030176912905027,5.79530570621524,au-dessus de la mediane regionale,above regional median,en amelioration,improving
GRC,Control of corruption,0.2996813,2024-12-31,-8.993834759904255,-8.993834759904255,-0.00437350000000003,0.5531621,sous la mediane regionale,below regional median,stable,stable
GRC,Current account,-7.10950344070576,2024-12-31,-4.884471484877608,-4.884471484877608,-4.99142323130782,-0.432631418354181,sous la mediane regionale,below regional median,en degradation,worsening
GRC,Dependency ratio,59.1322060504029,2024-12-31,0.3835942024909097,0.3835942024909097,1.8424774026337971,55.30208239407135,proche de la mediane regionale,near regional median,en degradation,worsening
GRC,Domestic credit,48.5410004453358,2024-12-31,-1.370984901512618,-1.370984901512618,-31.671239224870504,51.23226305443685,proche de la mediane regionale,near regional median,en degradation,worsening
GRC,Electricity access,100.0,2024-12-31,0.0,0.0,0.0,100.0,proche de la mediane regionale,near regional median,stable,stable
GRC,FDI net inflows,2.6312519942121,2024-12-31,35.37560412734761,35.37560412734761,0.21952998265008006,2.46510904267828,proche de la mediane regionale,near regional median,en amelioration,improving
GRC,Fiscal balance,0.598,2026-12-31,-86.51938683498648,-86.51938683498648,5.8999999999999995,-2.067,au-dessus de la mediane regionale,above regional median,en amelioration,improving
GRC,GDP growth,2.0865743380603,2024-12-31,-2.3098796960722274,-2.3098796960722274,-0.19060631528778016,2.59946721553708,sous la mediane regionale,below regional median,en degradation,worsening
GRC,GDP per capita,24626.1481858973,2024-12-31,5.493718726204655,5.493718726204655,5290.7879856004,29603.7772588256,sous la mediane regionale,below regional median,en amelioration,improving
GRC,Gen gov debt,136.927,2026-12-31,-6.007084117025223,-6.007084117025223,-60.87900000000002,46.406,au-dessus de la mediane regionale,above regional median,en amelioration,improving
GRC,Gini,33.4,2023-12-31,0.0,0.0,0.5,30.65,proche de la mediane regionale,near regional median,en degradation,worsening
GRC,Inflation,2.74101875679486,2024-12-31,-20.88958265643184,-20.88958265643184,2.488011234756703,2.83581658224034,proche de la mediane regionale,near regional median,en degradation,worsening
GRC,Political stability,0.1394204,2024-12-31,-63.81547137207798,-63.81547137207798,-0.13951429999999998,0.3087034999999999,sous la mediane regionale,below regional median,en degradation,worsening
GRC,Regulatory quality,0.4796528,2024-12-31,-6.787660946541332,-6.787660946541332,0.060979300000000014,0.6500427999999999,sous la mediane regionale,below regional median,en amelioration,improving
GRC,Reserves,1.29467737992629,2024-12-31,7.846618489388845,7.846618489388845,0.19919680596799005,2.89106960627006,sous la mediane regionale,below regional median,en amelioration,improving
GRC,Rule of law,0.2983017,2024-12-31,-24.74327587651004,-24.74327587651004,-0.08552850000000001,0.6192042999999999,sous la mediane regionale,below regional median,en degradation,worsening
GRC,Tax revenue,27.3811388505066,2024-12-31,3.362991803493594,3.362991803493594,1.4487028850118975,20.82863605996785,au-dessus de la mediane regionale,above regional median,en amelioration,improving
GRC,Unemployment,10.02,2024-12-31,-9.09915630953461,-9.09915630953461,-7.025000000000002,5.4,au-dessus de la mediane regionale,above regional median,en amelioration,improving
GRC,Women in workforce,45.027,2024-12-31,0.8533799220534879,0.8533799220534879,1.514000000000003,54.888,sous la mediane regionale,below regional median,en amelioration,improving
GRC,Youth unemployment,22.375,2024-12-31,-15.702821836265679,-15.702821836265679,-12.378999999999998,14.316,au-dessus de la mediane regionale,above regional median,en amelioration,improving
GRD,Agriculture value added,2.69348733564848,2024-12-31,-13.331628697695052,-13.331628697695052,-1.9860246912345998,3.86944846371998,sous la mediane regionale,below regional median,en degradation,worsening
GRD,CO2 per capita,2.05619118312046,2024-12-31,3.056900646800785,3.056900646800785,0.01275303376840986,4.11421182432227,sous la mediane regionale,below regional median,stable,stable
GRD,Commodity dependence,0.0002805065690571,2024-12-31,-95.32751261045394,-95.32751261045394,-0.0204067285721182,3.00864273328603,sous la mediane regionale,below regional median,stable,stable
GRD,Control of corruption,0.4790005,2024-12-31,21.703496545428262,21.703496545428262,0.10098660000000009,-0.2654917,au-dessus de la mediane regionale,above regional median,en amelioration,improving
GRD,Current account,-21.8875634999164,2024-12-31,-7.846865299703537,-7.846865299703537,-11.5593502726341,-1.66760721722233,sous la mediane regionale,below regional median,en degradation,worsening
GRD,Debt service,4.85035125902098,2024-12-31,-26.400005202378946,-26.400005202378946,-3.1681415767319505,19.75493011522935,sous la mediane regionale,below regional median,en amelioration,improving
GRD,Dependency ratio,46.370277864502,2024-12-31,-0.1679160760128415,-0.1679160760128415,-0.6166050960201019,48.981079443401555,proche de la mediane regionale,near regional median,en amelioration,improving
GRD,Domestic credit,55.6895157643151,2024-12-31,9.223042355029298,9.223042355029298,6.142450531331399,45.1288088227477,au-dessus de la mediane regionale,above regional median,en amelioration,improving
GRD,Electricity access,95.6,2024-12-31,1.271186440677954,1.271186440677954,2.5999999999999943,99.8,proche de la mediane regionale,near regional median,en amelioration,improving
GRD,External debt,68.5938767489392,2024-12-31,-7.776242156744634,-7.776242156744634,18.402457165946593,47.6233832283027,au-dessus de la mediane regionale,above regional median,en degradation,worsening
GRD,FDI net inflows,12.1312103836444,2024-12-31,-26.391554897300807,-26.391554897300807,-5.060247584070202,3.01317166597907,au-dessus de la mediane regionale,above regional median,en degradation,worsening
GRD,Fiscal balance,-5.148,2026-12-31,-277.1428571428571,-277.1428571428571,-7.262,-0.749,sous la mediane regionale,below regional median,en degradation,worsening
GRD,GDP growth,2.3996478454327,2024-12-31,-46.987559933344784,-46.987559933344784,1.7231361065589441,3.3669492581395,sous la mediane regionale,below regional median,en amelioration,improving
GRD,GDP per capita,11528.9220811928,2024-12-31,1.0026206225031764,1.0026206225031764,1066.1291652395012,13969.7836603737,sous la mediane regionale,below regional median,en amelioration,improving
GRD,Gen gov debt,68.986,2026-12-31,-3.673708756300879,-3.673708756300879,-17.61399999999999,63.608,proche de la mediane regionale,near regional median,en amelioration,improving
GRD,Gini,43.8,2018-12-31,,,,43.0,proche de la mediane regionale,near regional median,en degradation,worsening
GRD,Inflation,1.08615365134737,2024-12-31,-59.714235109017366,-59.714235109017366,0.48800388661134797,3.42967284899735,sous la mediane regionale,below regional median,en degradation,worsening
GRD,Interest rate,6.8868315,2024-12-31,-0.6232017096055759,-0.6232017096055759,-0.6841964166666692,8.80431027070166,sous la mediane regionale,below regional median,en degradation,worsening
GRD,Political stability,1.1992639,2024-12-31,-0.5019934631168708,-0.5019934631168708,0.28235540000000003,0.3600136,au-dessus de la mediane regionale,above regional median,en amelioration,improving
GRD,Regulatory quality,0.0498843999999999,2024-12-31,-6.796457531482572,-6.796457531482572,0.1807249999999999,-0.0738011,au-dessus de la mediane regionale,above regional median,en amelioration,improving
GRD,Reserves,4.65136044657971,2024-12-31,4.51468456454264,4.51468456454264,1.1943398330096096,4.20470125653228,au-dessus de la mediane regionale,above regional median,en amelioration,improving
GRD,Rule of law,0.5408822,2024-12-31,-1.664611657881206,-1.664611657881206,0.15034750000000008,-0.2513801,au-dessus de la mediane regionale,above regional median,en amelioration,improving
GRL,Agriculture value added,16.5579499888738,2023-12-31,3.3199775181310858,3.3199775181310858,-1.8721991086122003,2.6262814922641997,au-dessus de la mediane regionale,above regional median,en degradation,worsening
GRL,CO2 per capita,11.6000422267577,2024-12-31,1.482523265319499,1.482523265319499,1.1296109239565002,6.87868940323143,au-dessus de la mediane regionale,above regional median,en amelioration,improving
GRL,Commodity dependence,5.96039293306854e-05,2018-12-31,-74.75889284622582,-74.75889284622582,-2.4091575457346946e-06,5.79530570621524,sous la mediane regionale,below regional median,stable,stable
GRL,Control of corruption,1.482751,2024-12-31,44.72691701177257,44.72691701177257,0.3690019,0.5531621,au-dessus de la mediane regionale,above regional median,en amelioration,improving
GRL,Dependency ratio,46.2244976716664,2024-12-31,3.2611745359831157,3.2611745359831157,4.5605605606280974,55.30208239407135,sous la mediane regionale,below regional median,en degradation,worsening
GRL,Electricity access,100.0,2024-12-31,0.0,0.0,0.0,100.0,proche de la mediane regionale,near regional median,stable,stable
GRL,GDP growth,0.865961986998158,2023-12-31,-56.80030542134198,-56.80030542134198,0.24289655845721791,2.59946721553708,sous la mediane regionale,below regional median,en amelioration,improving
GRL,GDP per capita,58498.9707973609,2023-12-31,5.147784874311447,5.147784874311447,3953.834939595894,29603.7772588256,au-dessus de la mediane regionale,above regional median,en amelioration,improving
GRL,Political stability,1.2405187,2024-12-31,-0.8422328186079773,-0.8422328186079773,-0.5183858000000001,0.3087034999999999,au-dessus de la mediane regionale,above regional median,en degradation,worsening
GRL,Regulatory quality,1.5034927,2024-12-31,10.88463133760186,10.88463133760186,-0.007798899999999831,0.6500427999999999,au-dessus de la mediane regionale,above regional median,stable,stable
GRL,Rule of law,1.5744958,2024-12-31,-0.005226796943263128,-0.005226796943263128,-0.053500299999999834,0.6192042999999999,au-dessus de la mediane regionale,above regional median,en degradation,worsening
GTM,Agriculture value added,9.65806187585066,2024-12-31,0.37573697587993266,0.37573697587993266,0.2493381187422692,3.86944846371998,au-dessus de la mediane regionale,above regional median,en amelioration,improving
GTM,CO2 per capita,2.36180333112051,2024-12-31,-0.4316927575959282,-0.4316927575959282,-0.033763315665589655,4.11421182432227,sous la mediane regionale,below regional median,stable,stable
GTM,Commodity dependence,2.87685268224686,2024-12-31,50.05419630160335,50.05419630160335,-1.6746323008569397,3.00864273328603,proche de la mediane regionale,near regional median,en amelioration,improving
GTM,Control of corruption,-0.9482653,2024-12-31,12.756083100686636,12.756083100686636,0.05559159999999996,-0.2654917,sous la mediane regionale,below regional median,en amelioration,improving
GTM,Current account,2.88674747767197,2024-12-31,-6.265200876732023,-6.265200876732023,0.52645731922965,-1.66760721722233,au-dessus de la mediane regionale,above regional median,en amelioration,improving
GTM,Debt service,9.56215520029921,2024-12-31,-28.114246472207473,-28.114246472207473,-4.405651799939289,19.75493011522935,sous la mediane regionale,below regional median,en amelioration,improving
GTM,Dependency ratio,57.2981463861187,2024-12-31,-1.9027633675000513,-1.9027633675000513,-6.152139081776497,48.981079443401555,au-dessus de la mediane regionale,above regional median,en amelioration,improving
GTM,Domestic credit,36.7782896823167,2024-12-31,-1.0199113812579448,-1.0199113812579448,2.7010630448092954,45.1288088227477,sous la mediane regionale,below regional median,en amelioration,improving
GTM,Electricity access,90.9,2024-12-31,-9.099999999999994,-9.099999999999994,-4.5,99.8,proche de la mediane regionale,near regional median,en degradation,worsening
GTM,External debt,24.2444913245727,2024-12-31,-3.2217613826120157,-3.2217613826120157,-8.218221559272898,47.6233832283027,sous la mediane regionale,below regional median,en amelioration,improving
GTM,FDI net inflows,1.63228788754296,2024-12-31,3.159077289291395,3.159077289291395,0.11521715207368,3.01317166597907,sous la mediane regionale,below regional median,en amelioration,improving
GTM,Fiscal balance,-0.459,2026-12-31,-55.06756756756758,-55.06756756756758,0.7029999999999998,-0.749,au-dessus de la mediane regionale,above regional median,en amelioration,improving
GTM,GDP growth,3.71558453779777,2024-12-31,5.427459686442354,5.427459686442354,-0.3023137708181003,3.3669492581395,au-dessus de la mediane regionale,above regional median,en degradation,worsening
GTM,GDP per capita,6150.89465281457,2024-12-31,6.889760204715885,6.889760204715885,1638.8962572875998,13969.7836603737,sous la mediane regionale,below regional median,en amelioration,improving
GTM,Gen gov debt,27.646,2026-12-31,1.7182383457816783,1.7182383457816783,-2.939,63.608,sous la mediane regionale,below regional median,en amelioration,improving
GTM,Gini,45.2,2023-12-31,-6.418219461697711,-6.418219461697711,-3.0999999999999943,43.0,proche de la mediane regionale,near regional median,en amelioration,improving
GTM,Gov debt,25.2099619740494,2013-12-31,2.0615556988747215,2.0615556988747215,4.826553936754401,59.3486130705839,sous la mediane regionale,below regional median,en degradation,worsening
GTM,Inflation,2.86992752918294,2024-12-31,-53.75989007599819,-53.75989007599819,-0.8300564509031103,3.42967284899735,sous la mediane regionale,below regional median,en amelioration,improving
GTM,Interest rate,12.395,2024-12-31,3.6226835725230484,3.6226835725230484,-0.34583333333330124,8.80431027070166,au-dessus de la mediane regionale,above regional median,en degradation,worsening
GTM,Political stability,-0.2097668999999999,2024-12-31,-3.7768771588550782,-3.7768771588550782,0.4846515000000001,0.3600136,sous la mediane regionale,below regional median,en amelioration,improving
GTM,Regulatory quality,-0.3094252,2024-12-31,24.21526695533055,24.21526695533055,0.1137225999999999,-0.0738011,sous la mediane regionale,below regional median,en amelioration,improving
GTM,Reserves,7.38533210656899,2024-12-31,6.633749942708385,6.633749942708385,-0.025035260400810166,4.20470125653228,au-dessus de la mediane regionale,above regional median,stable,stable
GTM,Rule of law,-0.962274,2024-12-31,4.802277604969142,4.802277604969142,0.04338570000000008,-0.2513801,sous la mediane regionale,below regional median,stable,stable
GTM,Tax revenue,11.6299581317282,2024-12-31,0.4687197957086323,0.4687197957086323,1.1945687544596009,15.9189020036855,sous la mediane regionale,below regional median,en amelioration,improving
GTM,Unemployment,2.613,2024-12-31,11.47610921501707,11.47610921501707,0.41999999999999993,6.448,sous la mediane regionale,below regional median,en degradation,worsening
GTM,Women in workforce,38.42,2024-12-31,0.734137388568435,0.734137388568435,1.3130000000000024,52.394,sous la mediane regionale,below regional median,en amelioration,improving
GTM,Youth unemployment,4.624,2024-12-31,6.888580674988444,6.888580674988444,0.16299999999999937,15.674,sous la mediane regionale,below regional median,en degradation,worsening
GUM,CO2 per capita,0.107285265560834,2024-12-31,0.9245221891089563,0.9245221891089563,0.0016044586786029963,2.96182966114834,sous la mediane regionale,below regional median,stable,stable
GUM,Control of corruption,1.1762344,2024-12-31,0.24902998987908448,0.24902998987908448,-0.0022443999999999242,0.38264925,au-dessus de la mediane regionale,above regional median,stable,stable
GUM,Dependency ratio,62.8260869565217,2024-12-31,1.9128175282436906,1.9128175282436906,6.344712928437701,53.5253966955507,au-dessus de la mediane regionale,above regional median,en degradation,worsening
GUM,Electricity access,100.0,2024-12-31,0.0,0.0,0.0,100.0,proche de la mediane regionale,near regional median,stable,stable
GUM,GDP growth,5.09986426216793,2022-12-31,147.78475112244877,147.78475112244877,4.209764352994444,3.6482536159531502,au-dessus de la mediane regionale,above regional median,en amelioration,improving
GUM,GDP per capita,41833.1517132825,2022-12-31,9.870739974586849,9.870739974586849,5054.143822891601,7488.460293591284,au-dessus de la mediane regionale,above regional median,en amelioration,improving
GUM,Political stability,0.9927487,2024-12-31,-0.5953273784908271,-0.5953273784908271,0.04766900000000007,0.87674265,au-dessus de la mediane regionale,above regional median,stable,stable
GUM,Regulatory quality,0.3917487,2024-12-31,0.3443866638729876,0.3443866638729876,0.46266640000000003,-0.07101989999999994,au-dessus de la mediane regionale,above regional median,en amelioration,improving
GUM,Rule of law,1.0346735,2024-12-31,-0.013297112874026957,-0.013297112874026957,-0.38928380000000007,0.6409370999999999,au-dessus de la mediane regionale,above regional median,en degradation,worsening
GUM,Unemployment,5.252,2024-12-31,-0.19004180919801952,-0.19004180919801952,-0.15300000000000047,2.988,au-dessus de la mediane regionale,above regional median,en amelioration,improving
GUM,Women in workforce,56.468,2024-12-31,0.13654661204803123,0.13654661204803123,-0.028999999999996362,55.596,proche de la mediane regionale,near regional median,stable,stable
GUM,Youth unemployment,12.876,2024-12-31,0.18674136321194468,0.18674136321194468,-0.2550000000000008,9.408,au-dessus de la mediane regionale,above regional median,en amelioration,improving
GUY,Agriculture value added,7.62253178420964,2024-12-31,-21.7690013614684,-21.7690013614684,-9.972804950039661,3.86944846371998,au-dessus de la mediane regionale,above regional median,en degradation,worsening
GUY,CO2 per capita,10.5053983517971,2024-12-31,1.1084025646701905,1.1084025646701905,4.0762476519401,4.11421182432227,au-dessus de la mediane regionale,above regional median,en amelioration,improving
GUY,Commodity dependence,91.8941169807687,2024-12-31,6.699764422329299,6.699764422329299,91.89406175819042,3.00864273328603,au-dessus de la mediane regionale,above regional median,en degradation,worsening
GUY,Control of corruption,-0.3468855999999999,2024-12-31,-11.947079008744758,-11.947079008744758,-0.10585389999999992,-0.2654917,sous la mediane regionale,below regional median,en degradation,worsening
GUY,Current account,13.902228797549,2023-12-31,-51.763171458988786,-51.763171458988786,40.579539879456,-1.66760721722233,au-dessus de la mediane regionale,above regional median,en amelioration,improving
GUY,Debt service,2.88572767868533,2024-12-31,8.92093683965717,8.92093683965717,-4.55485795791556,19.75493011522935,sous la mediane regionale,below regional median,en amelioration,improving
GUY,Dependency ratio,55.9953375228056,2024-12-31,0.4040687871530826,0.4040687871530826,2.023288940488797,48.981079443401555,au-dessus de la mediane regionale,above regional median,en degradation,worsening
GUY,Domestic credit,14.9511065098031,2024-12-31,-24.976552739739205,-24.976552739739205,-22.1416406212261,45.1288088227477,sous la mediane regionale,below regional median,en degradation,worsening
GUY,Electricity access,93.0,2024-12-31,-5.965621840242675,-5.965621840242675,1.4000000000000057,99.8,proche de la mediane regionale,near regional median,en amelioration,improving
GUY,External debt,22.6406371146813,2024-12-31,3.4614785154252634,3.4614785154252634,-7.4236221359706,47.6233832283027,sous la mediane regionale,below regional median,en amelioration,improving
GUY,FDI net inflows,34.9900654897849,2024-12-31,621.5512841745909,621.5512841745909,-17.009402518681505,3.01317166597907,au-dessus de la mediane regionale,above regional median,en degradation,worsening
GUY,Fiscal balance,-5.917,2026-12-31,-19.342476805163365,-19.342476805163365,0.5490000000000004,-0.749,sous la mediane regionale,below regional median,en amelioration,improving
GUY,GDP growth,43.8192726391966,2024-12-31,29.661956579784498,29.661956579784498,38.46643260383995,3.3669492581395,au-dessus de la mediane regionale,above regional median,en amelioration,improving
GUY,GDP per capita,29675.2501582835,2024-12-31,44.94326790354609,44.94326790354609,23269.425723837878,13969.7836603737,au-dessus de la mediane regionale,above regional median,en amelioration,improving
GUY,Gen gov debt,29.174,2026-12-31,2.1784813673297836,2.1784813673297836,-9.707999999999998,63.608,sous la mediane regionale,below regional median,en amelioration,improving
GUY,Inflation,2.90379501424778,2024-12-31,2.913285375306076,2.913285375306076,0.79140514650314,3.42967284899735,sous la mediane regionale,below regional median,en degradation,worsening
GUY,Interest rate,8.375,2024-12-31,0.0,0.0,-2.1041666666667,8.80431027070166,proche de la mediane regionale,near regional median,en degradation,worsening
GUY,Political stability,0.2164982999999999,2024-12-31,7.576901939778328,7.576901939778328,0.2759009999999998,0.3600136,sous la mediane regionale,below regional median,en amelioration,improving
GUY,Regulatory quality,-0.4474838,2024-12-31,32.76990218154917,32.76990218154917,0.0958675,-0.0738011,sous la mediane regionale,below regional median,en amelioration,improving
GUY,Reserves,0.849936413375672,2023-12-31,-34.71267245688073,-34.71267245688073,-1.009917133056788,4.20470125653228,sous la mediane regionale,below regional median,en degradation,worsening
GUY,Rule of law,-0.3342220999999999,2024-12-31,10.139648056784116,10.139648056784116,0.10604520000000006,-0.2513801,sous la mediane regionale,below regional median,en amelioration,improving
GUY,Unemployment,11.874,2024-12-31,-0.3608290677183793,-0.3608290677183793,-1.298,6.448,au-dessus de la mediane regionale,above regional median,en amelioration,improving
GUY,Women in workforce,47.381,2024-12-31,1.940661373953831,1.940661373953831,6.033999999999999,52.394,proche de la mediane regionale,near regional median,en amelioration,improving
GUY,Youth unemployment,24.742,2024-12-31,0.14976725359240067,0.14976725359240067,-1.5619999999999976,15.674,au-dessus de la mediane regionale,above regional median,en amelioration,improving
HKG,Agriculture value added,0.0373096743766005,2024-12-31,-1.6551950943721767,-1.6551950943721767,-0.0349920512339572,9.79503060602777,sous la mediane regionale,below regional median,stable,stable
HKG,CO2 per capita,5.35706596137744,2024-12-31,1.612568596920016,1.612568596920016,-1.1624401588425899,2.96182966114834,au-dessus de la mediane regionale,above regional median,en degradation,worsening
HKG,Commodity dependence,0.111838199290455,2024-12-31,-16.5409760422239,-16.5409760422239,-0.0050922870901289885,1.446086854730515,sous la mediane regionale,below regional median,stable,stable
HKG,Control of corruption,1.5721573,2024-12-31,1.2062422553910683,1.2062422553910683,-0.1669955999999999,0.38264925,au-dessus de la mediane regionale,above regional median,en degradation,worsening
HKG,Current account,13.3384324463252,2024-12-31,57.05283810051425,57.05283810051425,7.48477889635836,2.19482817825998,au-dessus de la mediane regionale,above regional median,en amelioration,improving
HKG,Dependency ratio,49.6445293559126,2024-12-31,3.8433057795122814,3.8433057795122814,7.930208695244801,53.5253966955507,proche de la mediane regionale,near regional median,en degradation,worsening
HKG,Domestic credit,230.186144398167,2024-12-31,-7.4781950417946526,-7.4781950417946526,-6.5539271724570085,92.64512899225335,au-dessus de la mediane regionale,above regional median,en degradation,worsening
HKG,Electricity access,100.0,2024-12-31,0.0,0.0,0.0,100.0,proche de la mediane regionale,near regional median,stable,stable
HKG,FDI net inflows,30.8106332188954,2024-12-31,-3.828583441321006,-3.828583441321006,14.7535006311086,2.35252841903892,au-dessus de la mediane regionale,above regional median,en amelioration,improving
HKG,Fiscal balance,-5.84,2026-12-31,-6.25909752547306,-6.25909752547306,-5.848,-1.435,sous la mediane regionale,below regional median,en degradation,worsening
HKG,GDP growth,2.62936861207362,2024-12-31,-16.537111610426052,-16.537111610426052,4.301797271754181,3.6482536159531502,sous la mediane regionale,below regional median,en amelioration,improving
HKG,GDP per capita,54274.7547767073,2024-12-31,7.421344955241194,7.421344955241194,5915.753581647594,7488.460293591284,au-dessus de la mediane regionale,above regional median,en amelioration,improving
HKG,Gen gov debt,14.076,2026-12-31,18.77478693781115,18.77478693781115,12.138,43.4465,sous la mediane regionale,below regional median,en degradation,worsening
HKG,Inflation,1.72972119105914,2024-12-31,-17.4989519602893,-17.4989519602893,-1.15348734668082,2.18151273615189,sous la mediane regionale,below regional median,en amelioration,improving
HKG,Interest rate,5.73958333333333,2024-12-31,-0.5415162454873649,-0.5415162454873649,0.6354166666666607,6.01747975323522,proche de la mediane regionale,near regional median,en amelioration,improving
HKG,Political stability,0.6310985,2024-12-31,54.51558233734082,54.51558233734082,0.8154152,0.87674265,sous la mediane regionale,below regional median,en amelioration,improving
HKG,Regulatory quality,1.7399242,2024-12-31,0.522270610461953,0.522270610461953,-0.2948499,-0.07101989999999994,au-dessus de la mediane regionale,above regional median,en degradation,worsening
HKG,Reserves,5.68845238308097,2023-12-31,-0.5026598309812695,-0.5026598309812695,-0.14924483535379007,5.704288535730781,proche de la mediane regionale,near regional median,en degradation,worsening
HKG,Rule of law,0.9209804,2024-12-31,5.146271737542029,5.146271737542029,-0.4146819999999999,0.6409370999999999,au-dessus de la mediane regionale,above regional median,en degradation,worsening
HKG,Unemployment,2.988,2024-12-31,1.3224821973550407,1.3224821973550407,0.07100000000000017,2.988,proche de la mediane regionale,near regional median,en degradation,worsening
HKG,Women in workforce,52.256,2024-12-31,-0.026784006122064084,-0.026784006122064084,-2.253999999999998,55.596,proche de la mediane regionale,near regional median,en degradation,worsening
HKG,Youth unemployment,9.507,2024-12-31,5.951186894015367,5.951186894015367,0.9800000000000004,9.408,proche de la mediane regionale,near regional median,en degradation,worsening
HND,Agriculture value added,11.2694430605256,2024-12-31,-5.9217291019096185,-5.9217291019096185,0.6314096510505003,3.86944846371998,au-dessus de la mediane regionale,above regional median,en amelioration,improving
HND,CO2 per capita,2.252703588857,2024-12-31,0.8304280114875698,0.8304280114875698,0.13491625700353982,4.11421182432227,sous la mediane regionale,below regional median,en amelioration,improving
HND,Commodity dependence,0.02883145069384,2024-12-31,-55.657544938792505,-55.657544938792505,0.014754613397847201,3.00864273328603,sous la mediane regionale,below regional median,stable,stable
HND,Control of corruption,-1.2446903,2024-12-31,-13.223306262743083,-13.223306262743083,-0.18644970000000005,-0.2654917,sous la mediane regionale,below regional median,en degradation,worsening
HND,Current account,-4.36882938701959,2024-12-31,-3.5662044162148425,-3.5662044162148425,-1.7128208229483097,-1.66760721722233,sous la mediane regionale,below regional median,en degradation,worsening
HND,Debt service,18.1160284769388,2024-12-31,5.912209999161439,5.912209999161439,6.120407004200501,19.75493011522935,proche de la mediane regionale,near regional median,en degradation,worsening
HND,Dependency ratio,53.9383402159092,2024-12-31,-1.0903319949351473,-1.0903319949351473,-3.614184908419098,48.981079443401555,au-dessus de la mediane regionale,above regional median,en amelioration,improving
HND,Domestic credit,78.4633014261956,2024-12-31,3.7451352129415034,3.7451352129415034,14.000268593675102,45.1288088227477,au-dessus de la mediane regionale,above regional median,en amelioration,improving
HND,Electricity access,95.5,2024-12-31,-0.1046025104602451,-0.1046025104602451,4.400000000000006,99.8,proche de la mediane regionale,near regional median,en amelioration,improving
HND,External debt,41.8233168617746,2024-12-31,2.6108998307781803,2.6108998307781803,-0.6980104748515004,47.6233832283027,sous la mediane regionale,below regional median,en amelioration,improving
HND,FDI net inflows,1.29157460831069,2024-12-31,-23.29462568694252,-23.29462568694252,-2.54688947400609,3.01317166597907,sous la mediane regionale,below regional median,en degradation,worsening
HND,Fiscal balance,-0.869,2026-12-31,-16.801075268817204,-16.801075268817204,2.298,-0.749,sous la mediane regionale,below regional median,en amelioration,improving
HND,GDP growth,3.63240745450875,2024-12-31,1.5817186921711825,1.5817186921711825,1.07277310858561,3.3669492581395,proche de la mediane regionale,near regional median,en amelioration,improving
HND,GDP per capita,3415.96027916712,2024-12-31,5.8405926882975105,5.8405926882975105,913.6328358863898,13969.7836603737,sous la mediane regionale,below regional median,en amelioration,improving
HND,Gen gov debt,43.79,2026-12-31,6.263194933145662,6.263194933145662,-8.945999999999998,63.608,sous la mediane regionale,below regional median,en amelioration,improving
HND,Gini,45.7,2024-12-31,-2.350427350427338,-2.350427350427338,-2.5,43.0,proche de la mediane regionale,near regional median,en amelioration,improving
HND,Inflation,4.60621098127101,2024-12-31,-30.871425587292855,-30.871425587292855,0.24033938307827007,3.42967284899735,au-dessus de la mediane regionale,above regional median,en degradation,worsening
HND,Interest rate,15.9990681802525,2024-12-31,11.115131516984917,11.115131516984917,-1.340098486414199,8.80431027070166,au-dessus de la mediane regionale,above regional median,en degradation,worsening
HND,Political stability,-0.5671583,2024-12-31,-61.69084842905734,-61.69084842905734,0.2599792999999999,0.3600136,sous la mediane regionale,below regional median,en amelioration,improving
HND,Regulatory quality,-0.6280335,2024-12-31,7.86904547446963,7.86904547446963,-0.10891200000000001,-0.0738011,sous la mediane regionale,below regional median,en degradation,worsening
HND,Reserves,4.4599275996665,2024-12-31,3.99868976758079,3.99868976758079,-0.46951269614544966,4.20470125653228,proche de la mediane regionale,near regional median,en degradation,worsening
HND,Rule of law,-1.1768036,2024-12-31,-1.7583350699413456,-1.7583350699413456,-0.1002734999999999,-0.2513801,sous la mediane regionale,below regional median,en degradation,worsening
HND,Tax revenue,15.066131552103,2020-12-31,-13.135830834300435,-13.135830834300435,-2.2783405090564006,15.9189020036855,proche de la mediane regionale,near regional median,en degradation,worsening
HND,Unemployment,4.91,2024-12-31,-19.110378912685338,-19.110378912685338,-0.7880000000000003,6.448,sous la mediane regionale,below regional median,en amelioration,improving
HND,Women in workforce,39.617,2024-12-31,0.6427192358500156,0.6427192358500156,-4.909000000000006,52.394,sous la mediane regionale,below regional median,en degradation,worsening
HND,Youth unemployment,8.301,2024-12-31,-20.776865814086655,-20.776865814086655,-2.472999999999999,15.674,sous la mediane regionale,below regional median,en amelioration,improving
HRV,Agriculture value added,2.8962225714452,2024-12-31,7.924837902333742,7.924837902333742,0.03861138141131981,2.6262814922641997,au-dessus de la mediane regionale,above regional median,stable,stable
HRV,CO2 per capita,6.94268273757178,2024-12-31,-0.02173176787355667,-0.02173176787355667,0.3566276759040301,6.87868940323143,proche de la mediane regionale,near regional median,en amelioration,improving
HRV,Commodity dependence,13.0917820766944,2024-12-31,9.159085853020098,9.159085853020098,3.61330875255144,5.79530570621524,au-dessus de la mediane regionale,above regional median,en degradation,worsening
HRV,Control of corruption,0.1486813,2024-12-31,30.757114714883837,30.757114714883837,0.12370619999999999,0.5531621,sous la mediane regionale,below regional median,en amelioration,improving
HRV,Current account,-2.07644437837535,2024-12-31,-379.5539777326686,-379.5539777326686,-4.71586230441077,-0.432631418354181,sous la mediane regionale,below regional median,en degradation,worsening
HRV,Dependency ratio,59.0102882477899,2024-12-31,0.6758822458696904,0.6758822458696904,3.447651420150798,55.30208239407135,proche de la mediane regionale,near regional median,en degradation,worsening
HRV,Domestic credit,46.8610674582388,2024-12-31,0.9066320701608377,0.9066320701608377,-6.063931631113903,51.23226305443685,proche de la mediane regionale,near regional median,en degradation,worsening
HRV,Electricity access,100.0,2024-12-31,0.0,0.0,0.0,100.0,proche de la mediane regionale,near regional median,stable,stable
HRV,FDI net inflows,4.87790164584768,2024-12-31,24.973998271663646,24.973998271663646,-1.59490391033901,2.46510904267828,au-dessus de la mediane regionale,above regional median,en degradation,worsening
HRV,Fiscal balance,-2.908,2026-12-31,-0.4837595024187903,-0.4837595024187903,-1.7349999999999999,-2.067,sous la mediane regionale,below regional median,en degradation,worsening
HRV,GDP growth,3.82578440126859,2024-12-31,1.6943854501114661,1.6943854501114661,0.7233115479060501,2.59946721553708,au-dessus de la mediane regionale,above regional median,en amelioration,improving
HRV,GDP per capita,24049.9441746337,2024-12-31,8.413668258190386,8.413668258190386,8486.2086749712,29603.7772588256,sous la mediane regionale,below regional median,en amelioration,improving
HRV,Gen gov debt,56.485,2026-12-31,1.0935318752908276,1.0935318752908276,-21.72,46.406,au-dessus de la mediane regionale,above regional median,en amelioration,improving
HRV,Gini,30.1,2023-12-31,0.3333333333333381,0.3333333333333381,0.40000000000000213,30.65,proche de la mediane regionale,near regional median,en degradation,worsening
HRV,Inflation,2.97200477643626,2024-12-31,-62.57525094415466,-62.57525094415466,2.200184429938148,2.83581658224034,proche de la mediane regionale,near regional median,en degradation,worsening
HRV,Interest rate,8.58,2014-12-31,-7.209805335255978,-7.209805335255978,-2.974166666666699,6.65405833333333,au-dessus de la mediane regionale,above regional median,en degradation,worsening
HRV,Political stability,0.5814089,2024-12-31,-14.905194069975133,-14.905194069975133,-0.16620819999999992,0.3087034999999999,au-dessus de la mediane regionale,above regional median,en degradation,worsening
HRV,Regulatory quality,0.2858764,2024-12-31,-35.58887756325157,-35.58887756325157,-0.09890359999999992,0.6500427999999999,sous la mediane regionale,below regional median,en degradation,worsening
HRV,Reserves,0.693330579617451,2024-12-31,-4.054475981640278,-4.054475981640278,-6.389917440450828,2.89106960627006,sous la mediane regionale,below regional median,en degradation,worsening
HRV,Rule of law,0.3774834999999999,2024-12-31,-11.344501204710621,-11.344501204710621,0.06746350000000001,0.6192042999999999,sous la mediane regionale,below regional median,en amelioration,improving
HRV,Tax revenue,21.1835412825499,2023-12-31,-2.271361723193944,-2.271361723193944,-0.6032695261905019,20.82863605996785,proche de la mediane regionale,near regional median,en degradation,worsening
HRV,Unemployment,5.0,2024-12-31,-18.314000980231995,-18.314000980231995,-1.5510000000000002,5.4,proche de la mediane regionale,near regional median,en amelioration,improving
HRV,Women in workforce,47.541,2024-12-31,0.8527970470311077,0.8527970470311077,2.7609999999999957,54.888,sous la mediane regionale,below regional median,en amelioration,improving
HRV,Youth unemployment,16.479,2024-12-31,-12.855631940772083,-12.855631940772083,-0.23100000000000165,14.316,au-dessus de la mediane regionale,above regional median,en amelioration,improving
HTI,Agriculture value added,16.5038344560188,2024-12-31,-6.786179934511052,-6.786179934511052,-2.683569275485798,3.86944846371998,au-dessus de la mediane regionale,above regional median,en degradation,worsening
HTI,CO2 per capita,1.17071422971237,2024-12-31,0.0643939937153801,0.0643939937153801,-0.07418420176494989,4.11421182432227,sous la mediane regionale,below regional median,en degradation,worsening
HTI,Commodity dependence,0.0001049773608441,2016-12-31,-97.57276200592365,-97.57276200592365,,3.00864273328603,sous la mediane regionale,below regional median,en degradation,worsening
HTI,Control of corruption,-1.5403494,2024-12-31,-2.603355927373579,-2.603355927373579,-0.07791979999999987,-0.2654917,sous la mediane regionale,below regional median,en degradation,worsening
HTI,Current account,-0.598367468302653,2024-12-31,82.8408402272654,82.8408402272654,0.524285134505317,-1.66760721722233,au-dessus de la mediane regionale,above regional median,en amelioration,improving
HTI,Debt service,63.162658981726,2024-12-31,892.7713392408584,892.7713392408584,61.64060136774567,19.75493011522935,au-dessus de la mediane regionale,above regional median,en degradation,worsening
HTI,Dependency ratio,55.9912955357223,2024-12-31,-1.2779633140393214,-1.2779633140393214,-3.5053745444054982,48.981079443401555,au-dessus de la mediane regionale,above regional median,en amelioration,improving
HTI,Domestic credit,4.28122614544525,2024-12-31,-18.322102314906893,-18.322102314906893,-6.087474720459551,45.1288088227477,sous la mediane regionale,below regional median,en degradation,worsening
HTI,Electricity access,53.9,2024-12-31,5.068226120857703,5.068226120857703,8.5,99.8,sous la mediane regionale,below regional median,en amelioration,improving
HTI,External debt,3.74484478267583,2024-12-31,-76.4446008336872,-76.4446008336872,-12.652091819595071,47.6233832283027,sous la mediane regionale,below regional median,en amelioration,improving
HTI,FDI net inflows,0.0824597396111034,2024-12-31,-31.751889984169008,-31.751889984169008,-0.4170044708286156,3.01317166597907,sous la mediane regionale,below regional median,en degradation,worsening
HTI,Fiscal balance,-0.378,2026-12-31,-690.625,-690.625,2.076,-0.749,au-dessus de la mediane regionale,above regional median,en amelioration,improving
HTI,GDP growth,-4.18495104762965,2024-12-31,-124.52848958684297,-124.52848958684297,-2.4618540492373304,3.3669492581395,sous la mediane regionale,below regional median,en degradation,worsening
HTI,GDP per capita,2060.35591768638,2024-12-31,22.50576294593843,22.50576294593843,708.18387577106,13969.7836603737,sous la mediane regionale,below regional median,en amelioration,improving
HTI,Gen gov debt,10.667,2026-12-31,-13.325749573413509,-13.325749573413509,-17.762999999999998,63.608,sous la mediane regionale,below regional median,en amelioration,improving
HTI,Gini,41.1,2012-12-31,-30.338983050847457,-30.338983050847457,-17.9,43.0,proche de la mediane regionale,near regional median,en amelioration,improving
HTI,Inflation,26.9490564091987,2024-12-31,-26.795755652276238,-26.795755652276238,8.245273841948102,3.42967284899735,au-dessus de la mediane regionale,above regional median,en degradation,worsening
HTI,Interest rate,13.3766666666667,2024-12-31,-5.892009145805218,-5.892009145805218,-0.7449999999999992,8.80431027070166,au-dessus de la mediane regionale,above regional median,en degradation,worsening
HTI,Political stability,-1.2013046,2024-12-31,-23.623936457972192,-23.623936457972192,-0.25033000000000005,0.3600136,sous la mediane regionale,below regional median,en degradation,worsening
HTI,Regulatory quality,-1.4634157,2024-12-31,5.257492404948712,5.257492404948712,-0.1915528000000002,-0.0738011,sous la mediane regionale,below regional median,en degradation,worsening
HTI,Reserves,6.76937385035421,2024-12-31,16.855215834376768,16.855215834376768,0.9452843945879197,4.20470125653228,au-dessus de la mediane regionale,above regional median,en amelioration,improving
HTI,Rule of law,-1.6033955,2024-12-31,2.3231011509446233,2.3231011509446233,-0.42211770000000004,-0.2513801,sous la mediane regionale,below regional median,en degradation,worsening
HTI,Unemployment,14.609,2024-12-31,1.037416142195175,1.037416142195175,0.5139999999999993,6.448,au-dessus de la mediane regionale,above regional median,en degradation,worsening
HTI,Women in workforce,58.321,2024-12-31,-1.7354383245438174,-1.7354383245438174,-3.6310000000000002,52.394,au-dessus de la mediane regionale,above regional median,en degradation,worsening
HTI,Youth unemployment,36.758,2024-12-31,1.1892308539338274,1.1892308539338274,1.5110000000000028,15.674,au-dessus de la mediane regionale,above regional median,en degradation,worsening
HUN,Agriculture value added,2.71223925604515,2024-12-31,-7.354031863483873,-7.354031863483873,-0.61281186566206,2.6262814922641997,proche de la mediane regionale,near regional median,en degradation,worsening
HUN,CO2 per capita,6.32215949169975,2024-12-31,-0.5034769926112723,-0.5034769926112723,-0.9310407726887497,6.87868940323143,proche de la mediane regionale,near regional median,en degradation,worsening
HUN,Commodity dependence,3.35037243793325,2024-12-31,11.274091335481781,11.274091335481781,0.72641823725849,5.79530570621524,sous la mediane regionale,below regional median,en degradation,worsening
HUN,Control of corruption,0.0394373,2024-12-31,-52.584011638392255,-52.584011638392255,-0.045318699999999996,0.5531621,sous la mediane regionale,below regional median,stable,stable
HUN,Current account,1.84213300452467,2024-12-31,23184.314927338703,23184.314927338703,2.448870573499791,-0.432631418354181,au-dessus de la mediane regionale,above regional median,en amelioration,improving
HUN,Dependency ratio,54.7857651144164,2024-12-31,0.3947511358912572,0.3947511358912572,2.9196102645191004,55.30208239407135,proche de la mediane regionale,near regional median,en degradation,worsening
HUN,Domestic credit,32.3662527124233,2024-12-31,-1.640269294795497,-1.640269294795497,-0.8058525574095015,51.23226305443685,sous la mediane regionale,below regional median,en degradation,worsening
HUN,Electricity access,100.0,2024-12-31,0.0,0.0,0.0,100.0,proche de la mediane regionale,near regional median,stable,stable
HUN,FDI net inflows,-27.5090725956422,2024-12-31,17.340395859484982,17.340395859484982,-87.0866219790374,2.46510904267828,sous la mediane regionale,below regional median,en degradation,worsening
HUN,Fiscal balance,-1.78,2026-12-31,-54.51388888888891,-54.51388888888891,5.33,-2.067,au-dessus de la mediane regionale,above regional median,en amelioration,improving
HUN,GDP growth,0.709070599066038,2024-12-31,186.77814258614157,186.77814258614157,-4.368114351823292,2.59946721553708,sous la mediane regionale,below regional median,en degradation,worsening
HUN,GDP per capita,23305.4482514359,2024-12-31,4.938603746242606,4.938603746242606,6292.588396116,29603.7772588256,sous la mediane regionale,below regional median,en amelioration,improving
HUN,Gen gov debt,77.861,2026-12-31,3.5909103004177614,3.5909103004177614,1.6460000000000008,46.406,au-dessus de la mediane regionale,above regional median,en degradation,worsening
HUN,Gini,30.6,2017-12-31,0.9900990099009923,0.9900990099009923,-0.1999999999999993,30.65,proche de la mediane regionale,near regional median,en amelioration,improving
HUN,Gov debt,81.9885115322258,2024-12-31,-0.4650997291868266,-0.4650997291868266,-2.5968690612499046,40.04160644426225,au-dessus de la mediane regionale,above regional median,en amelioration,improving
HUN,Inflation,3.70370370370369,2024-12-31,-78.37249013719614,-78.37249013719614,0.3651173498836098,2.83581658224034,au-dessus de la mediane regionale,above regional median,en degradation,worsening
HUN,Interest rate,9.12671515640833,2024-12-31,-40.356384400948365,-40.356384400948365,7.334281368500001,6.65405833333333,au-dessus de la mediane regionale,above regional median,en amelioration,improving
HUN,Political stability,0.4363287999999999,2024-12-31,-25.305630963985088,-25.305630963985088,-0.2962868,0.3087034999999999,au-dessus de la mediane regionale,above regional median,en degradation,worsening
HUN,Regulatory quality,0.3350443999999999,2024-12-31,41.06051662567334,41.06051662567334,-0.12479040000000008,0.6500427999999999,sous la mediane regionale,below regional median,en degradation,worsening
HUN,Reserves,2.8245674279119,2024-12-31,3.7081679125106195,3.7081679125106195,0.31482780272883026,2.89106960627006,proche de la mediane regionale,near regional median,en amelioration,improving
HUN,Rule of law,0.1923364,2024-12-31,1.5501015044838802,1.5501015044838802,-0.11577449999999992,0.6192042999999999,sous la mediane regionale,below regional median,en degradation,worsening
HUN,Tax revenue,22.7430789981067,2024-12-31,-0.7704362598492275,-0.7704362598492275,0.5032548627868998,20.82863605996785,proche de la mediane regionale,near regional median,en amelioration,improving
HUN,Unemployment,4.5,2024-12-31,9.863281249999996,9.863281249999996,1.089,5.4,sous la mediane regionale,below regional median,en degradation,worsening
HUN,Women in workforce,54.398,2024-12-31,0.7463654042041037,0.7463654042041037,3.0590000000000046,54.888,proche de la mediane regionale,near regional median,en amelioration,improving
HUN,Youth unemployment,15.088,2024-12-31,18.068706471554886,18.068706471554886,3.6159999999999997,14.316,proche de la mediane regionale,near regional median,en degradation,worsening
IDN,Agriculture value added,12.6097220294251,2024-12-31,0.6407215516928968,0.6407215516928968,-0.10288062832709954,9.79503060602777,au-dessus de la mediane regionale,above regional median,en degradation,worsening
IDN,CO2 per capita,4.6696093739525,2024-12-31,4.100892589113123,4.100892589113123,0.7712244310177905,2.96182966114834,au-dessus de la mediane regionale,above regional median,en amelioration,improving
IDN,Commodity dependence,20.8482942182543,2024-12-31,-9.309522641312542,-9.309522641312542,0.5102724808978003,1.446086854730515,au-dessus de la mediane regionale,above regional median,en degradation,worsening
IDN,Control of corruption,-0.5446152,2024-12-31,-22.891890873421943,-22.891890873421943,-0.11676480000000006,0.38264925,sous la mediane regionale,below regional median,en degradation,worsening
IDN,Current account,-0.614730078804115,2024-12-31,-312.848720335532,-312.848720335532,2.090931902591385,2.19482817825998,sous la mediane regionale,below regional median,en amelioration,improving
IDN,Debt service,24.6905963826299,2024-12-31,21.734044244355406,21.734044244355406,-14.795392879323899,9.284516256809514,au-dessus de la mediane regionale,above regional median,en amelioration,improving
IDN,Dependency ratio,46.8135550051726,2024-12-31,-0.44425981283288846,-0.44425981283288846,-1.5051760476637952,53.5253966955507,sous la mediane regionale,below regional median,en amelioration,improving
IDN,Domestic credit,36.3924067095141,2024-12-31,1.0536638553096824,1.0536638553096824,-1.980287242146801,92.64512899225335,sous la mediane regionale,below regional median,en degradation,worsening
IDN,Electricity access,99.9,2024-12-31,0.5030181086519114,0.5030181086519114,1.1000000000000085,100.0,proche de la mediane regionale,near regional median,en amelioration,improving
IDN,External debt,30.9729980083421,2024-12-31,3.4662090663306144,3.4662090663306144,-6.109999808547801,36.46641372051265,sous la mediane regionale,below regional median,en amelioration,improving
IDN,FDI net inflows,1.73855290316368,2024-12-31,10.65341591695163,10.65341591695163,-0.4948091396587302,2.35252841903892,sous la mediane regionale,below regional median,en degradation,worsening
IDN,Fiscal balance,-0.667,2026-12-31,11.889035667106997,11.889035667106997,3.7380000000000004,-1.435,au-dessus de la mediane regionale,above regional median,en amelioration,improving
IDN,GDP growth,5.03257477088519,2024-12-31,-0.32198358580534275,-0.32198358580534275,0.013287090422370085,3.6482536159531502,au-dessus de la mediane regionale,above regional median,stable,stable
IDN,GDP per capita,4925.43644992666,2024-12-31,1.0076730520381512,1.0076730520381512,818.4878883230804,7488.460293591284,sous la mediane regionale,below regional median,en amelioration,improving
IDN,Gen gov debt,41.48,2026-12-31,1.1189390799834136,1.1189390799834136,0.3399999999999963,43.4465,proche de la mediane regionale,near regional median,en degradation,worsening
IDN,Gini,34.9,2024-12-31,-3.3240997229916975,-3.3240997229916975,-0.5,34.25,proche de la mediane regionale,near regional median,en amelioration,improving
IDN,Gov debt,29.997306381567,2009-12-31,-12.352719778591597,-12.352719778591597,0.2799101349242008,50.3420177209934,sous la mediane regionale,below regional median,en degradation,worsening
IDN,Inflation,2.18151273615189,2024-12-31,-40.54829854364527,-40.54829854364527,-0.84907187326472,2.18151273615189,proche de la mediane regionale,near regional median,en amelioration,improving
IDN,Interest rate,8.79568784927158,2024-12-31,-1.4672757736567121,-1.4672757736567121,-1.5701454840617206,6.01747975323522,au-dessus de la mediane regionale,above regional median,en degradation,worsening
IDN,Political stability,-0.6091274999999999,2024-12-31,0.7523482879697679,0.7523482879697679,-0.028858999999999968,0.87674265,sous la mediane regionale,below regional median,stable,stable
IDN,Regulatory quality,0.1247201999999999,2024-12-31,-63.40456696891891,-63.40456696891891,0.0137375,-0.07101989999999994,au-dessus de la mediane regionale,above regional median,stable,stable
IDN,Reserves,5.72012468838059,2024-12-31,-0.13863154850382423,-0.13863154850382423,-0.59764965581443,5.704288535730781,proche de la mediane regionale,near regional median,en degradation,worsening
IDN,Rule of law,-0.2065980999999999,2024-12-31,-152.69713248496754,-152.69713248496754,-0.014625199999999894,0.6409370999999999,sous la mediane regionale,below regional median,stable,stable
IDN,Tax revenue,11.0577865188848,2009-12-31,-16.92506942467373,-16.92506942467373,-1.2729813763505007,16.67863628412195,sous la mediane regionale,below regional median,en degradation,worsening
IDN,Unemployment,3.301,2024-12-31,-0.2116082224909212,-0.2116082224909212,-0.2889999999999997,2.988,au-dessus de la mediane regionale,above regional median,en amelioration,improving
IDN,Women in workforce,53.588,2024-12-31,0.18883093088039915,0.18883093088039915,-0.3609999999999971,55.596,proche de la mediane regionale,near regional median,en degradation,worsening
IDN,Youth unemployment,13.075,2024-12-31,0.461006530925845,0.461006530925845,-0.5020000000000007,9.408,au-dessus de la mediane regionale,above regional median,en amelioration,improving
IMN,Agriculture value added,0.372599048577164,2023-12-31,0.035510699921267194,0.035510699921267194,-0.038336850587090965,2.6262814922641997,sous la mediane regionale,below regional median,stable,stable
IMN,Dependency ratio,59.6823770491803,2024-12-31,0.6005797129120184,0.6005797129120184,0.9686017415185049,55.30208239407135,proche de la mediane regionale,near regional median,en degradation,worsening
IMN,Electricity access,100.0,2024-12-31,0.0,0.0,0.0,100.0,proche de la mediane regionale,near regional median,stable,stable
IMN,GDP growth,-2.03524496955581,2023-12-31,51.175336703005804,51.175336703005804,-4.24864250878091,2.59946721553708,sous la mediane regionale,below regional median,en degradation,worsening
IMN,GDP per capita,90015.2074234398,2023-12-31,1.9095290631845945,1.9095290631845945,621.3829985586053,29603.7772588256,au-dessus de la mediane regionale,above regional median,en amelioration,improving
IND,Agriculture value added,17.5735799524173,2024-12-31,-0.46984848345885727,-0.46984848345885727,0.8180116491336022,12.6569295141747,au-dessus de la mediane regionale,above regional median,en amelioration,improving
IND,CO2 per capita,3.0126552305856,2024-12-31,2.9973640514776374,2.9973640514776374,0.39119105623143025,2.35425835082848,au-dessus de la mediane regionale,above regional median,en amelioration,improving
IND,Commodity dependence,17.094437885147,2024-12-31,-17.441738303123113,-17.441738303123113,3.318087714954199,0.59937914960686,au-dessus de la mediane regionale,above regional median,en degradation,worsening
IND,Control of corruption,-0.2953362,2024-12-31,11.92344213366671,11.92344213366671,-0.0770033,-0.36036234999999994,au-dessus de la mediane regionale,above regional median,en degradation,worsening
IND,Current account,-0.851289719084462,2024-12-31,6.7363832703196085,6.7363832703196085,0.19832232001625794,-0.7603781635361471,sous la mediane regionale,below regional median,en amelioration,improving
IND,Debt service,10.493447761841,2024-12-31,3.2623760412394986,3.2623760412394986,1.4911020613767008,14.0787539605461,sous la mediane regionale,below regional median,en degradation,worsening
IND,Dependency ratio,46.5639973059355,2024-12-31,-0.9555202221126822,-0.9555202221126822,-2.8141340797428,49.19395879080635,proche de la mediane regionale,near regional median,en amelioration,improving
IND,Domestic credit,41.6079694330613,2024-12-31,1.745713825594362,1.745713825594362,2.870024456901298,44.3082311889876,proche de la mediane regionale,near regional median,en amelioration,improving
IND,Electricity access,99.9,2024-12-31,0.40201005025126196,0.40201005025126196,4.0,99.95,proche de la mediane regionale,near regional median,en amelioration,improving
IND,External debt,18.5795533694083,2024-12-31,2.966343945680806,2.966343945680806,-1.3970832659062005,41.08227176547265,sous la mediane regionale,below regional median,en amelioration,improving
IND,FDI net inflows,0.721648483526777,2024-12-31,-10.04749272092796,-10.04749272092796,-1.0631778560448328,0.5027596284384255,au-dessus de la mediane regionale,above regional median,en degradation,worsening
IND,Fiscal balance,-7.414,2026-12-31,-256.7853705486045,-256.7853705486045,-3.037,-4.8629999999999995,sous la mediane regionale,below regional median,en degradation,worsening
IND,GDP growth,7.09927893176518,2024-12-31,-1.5387273389297051,-1.5387273389297051,3.2278419910599396,4.6078376282413505,au-dessus de la mediane regionale,above regional median,en amelioration,improving
IND,GDP per capita,2591.9916607122,2024-12-31,6.471421047233171,6.471421047233171,550.5630237263499,3410.73357042214,sous la mediane regionale,below regional median,en amelioration,improving
IND,Gen gov debt,83.362,2026-12-31,-0.8480523342254036,-0.8480523342254036,-2.350999999999999,92.101,proche de la mediane regionale,near regional median,en amelioration,improving
IND,Gini,25.5,2022-12-31,-11.458333333333336,-11.458333333333336,-3.3000000000000007,29.65,sous la mediane regionale,below regional median,en amelioration,improving
IND,Gov debt,46.5224986659322,2018-12-31,-2.2299920664132387,-2.2299920664132387,-3.7893286967685995,51.9103096380514,sous la mediane regionale,below regional median,en amelioration,improving
IND,Inflation,4.95303550973661,2024-12-31,-12.322358560291647,-12.322358560291647,1.22352977434538,3.72320611944934,au-dessus de la mediane regionale,above regional median,en degradation,worsening
IND,Interest rate,8.56714285714286,2022-12-31,-1.5082254400130717,-1.5082254400130717,-0.941190476190469,10.54,sous la mediane regionale,below regional median,en degradation,worsening
IND,Political stability,-0.7857624999999999,2024-12-31,6.230682574877034,6.230682574877034,-0.19529629999999998,-0.3824578999999999,sous la mediane regionale,below regional median,en degradation,worsening
IND,Regulatory quality,-0.0960695999999999,2024-12-31,24.455708465603973,24.455708465603973,0.0020509000000001054,-0.26728214999999994,au-dessus de la mediane regionale,above regional median,stable,stable
IND,Reserves,7.52136088188696,2024-12-31,-5.657189570407168,-5.657189570407168,-0.7522985185969988,4.844242751776751,au-dessus de la mediane regionale,above regional median,en degradation,worsening
IND,Rule of law,-0.0392287,2024-12-31,55.374720300681744,55.374720300681744,-0.019122399999999998,-0.1484874,au-dessus de la mediane regionale,above regional median,stable,stable
IND,Tax revenue,6.93372148022965,2022-12-31,-42.30278204750659,-42.30278204750659,-4.453722499583449,11.081777030623034,sous la mediane regionale,below regional median,en degradation,worsening
IND,Unemployment,4.173,2024-12-31,0.0239693192713407,0.0239693192713407,-2.3369999999999997,4.2059999999999995,proche de la mediane regionale,near regional median,en amelioration,improving
IND,Women in workforce,32.415,2024-12-31,4.618512780790077,4.618512780790077,5.875999999999998,35.561499999999995,proche de la mediane regionale,near regional median,en amelioration,improving
IND,Youth unemployment,15.746,2024-12-31,0.9682590573901879,0.9682590573901879,-7.200999999999999,16.84,proche de la mediane regionale,near regional median,en amelioration,improving
IRL,Agriculture value added,1.02114448018423,2024-12-31,20.57286180570405,20.57286180570405,0.06724786406439598,2.6262814922641997,sous la mediane regionale,below regional median,en amelioration,improving
IRL,CO2 per capita,11.0600672005397,2024-12-31,-2.6707856154604723,-2.6707856154604723,-2.0574003305707986,6.87868940323143,au-dessus de la mediane regionale,above regional median,en degradation,worsening
IRL,Commodity dependence,0.35300599772993,2024-12-31,-27.161395209465162,-27.161395209465162,-0.22787630519037594,5.79530570621524,sous la mediane regionale,below regional median,en amelioration,improving
IRL,Control of corruption,1.572589,2024-12-31,-0.8401407164289939,-0.8401407164289939,0.053652299999999986,0.5531621,au-dessus de la mediane regionale,above regional median,en amelioration,improving
IRL,Current account,17.3995604849009,2024-12-31,120.6338545234138,120.6338545234138,37.9571304327659,-0.432631418354181,au-dessus de la mediane regionale,above regional median,en amelioration,improving
IRL,Dependency ratio,52.5496229649835,2024-12-31,-0.49080448308984087,-0.49080448308984087,-0.48754573722560224,55.30208239407135,proche de la mediane regionale,near regional median,en amelioration,improving
IRL,Domestic credit,23.7845375555383,2024-12-31,-5.701316899019739,-5.701316899019739,-12.270734699581396,51.23226305443685,sous la mediane regionale,below regional median,en degradation,worsening
IRL,Electricity access,100.0,2024-12-31,0.0,0.0,0.0,100.0,proche de la mediane regionale,near regional median,stable,stable
IRL,FDI net inflows,0.791076186083952,2024-12-31,103.2065986319357,103.2065986319357,-6.883599598136468,2.46510904267828,sous la mediane regionale,below regional median,en degradation,worsening
IRL,Fiscal balance,0.837,2026-12-31,-52.60475651189128,-52.60475651189128,1.4129999999999998,-2.067,au-dessus de la mediane regionale,above regional median,en amelioration,improving
IRL,GDP growth,2.59946721553708,2024-12-31,202.48753220494163,202.48753220494163,-2.37341282213108,2.59946721553708,proche de la mediane regionale,near regional median,en degradation,worsening
IRL,GDP per capita,112894.953240805,2024-12-31,5.688164861810627,5.688164861810627,31067.284353405397,29603.7772588256,au-dessus de la mediane regionale,above regional median,en amelioration,improving
IRL,Gen gov debt,31.625,2026-12-31,-3.9629517157607035,-3.9629517157607035,-20.819000000000003,46.406,sous la mediane regionale,below regional median,en amelioration,improving
IRL,Gini,29.0,2023-12-31,-3.010033444816049,-3.010033444816049,-1.6000000000000014,30.65,proche de la mediane regionale,near regional median,en amelioration,improving
IRL,Inflation,2.11344999577317,2024-12-31,-66.45011190732703,-66.45011190732703,1.1756070345838958,2.83581658224034,sous la mediane regionale,below regional median,en degradation,worsening
IRL,Political stability,0.7099698999999999,2024-12-31,-19.01311586862687,-19.01311586862687,-0.23093470000000005,0.3087034999999999,au-dessus de la mediane regionale,above regional median,en degradation,worsening
IRL,Regulatory quality,1.7944361,2024-12-31,-0.15980008325784326,-0.15980008325784326,0.21116730000000006,0.6500427999999999,au-dessus de la mediane regionale,above regional median,en amelioration,improving
IRL,Reserves,0.1406788790813,2024-12-31,-10.836692959420208,-10.836692959420208,0.0476633732596059,2.89106960627006,sous la mediane regionale,below regional median,stable,stable
IRL,Rule of law,1.5913218999999998,2024-12-31,-0.4206704144140292,-0.4206704144140292,0.05033069999999995,0.6192042999999999,au-dessus de la mediane regionale,above regional median,en amelioration,improving
IRL,Tax revenue,17.9419509627541,2024-12-31,2.409065786182302,2.409065786182302,0.5823075367287984,20.82863605996785,sous la mediane regionale,below regional median,en amelioration,improving
IRL,Unemployment,4.3,2024-12-31,1.343389111477716,1.343389111477716,-0.6500000000000004,5.4,sous la mediane regionale,below regional median,en amelioration,improving
IRL,Women in workforce,59.838,2024-12-31,-0.5269719890283437,-0.5269719890283437,3.6310000000000002,54.888,proche de la mediane regionale,near regional median,en amelioration,improving
IRL,Youth unemployment,10.439,2024-12-31,2.7359511859069037,2.7359511859069037,-2.0180000000000007,14.316,sous la mediane regionale,below regional median,en amelioration,improving
IRN,Agriculture value added,10.8003685937198,2024-12-31,0.4603913506228549,0.4603913506228549,-1.0077328739684006,3.39457505861722,au-dessus de la mediane regionale,above regional median,en degradation,worsening
IRN,CO2 per capita,11.5189598764578,2024-12-31,1.3225347524572801,1.3225347524572801,1.2794730835138992,4.671020451612931,au-dessus de la mediane regionale,above regional median,en amelioration,improving
IRN,Commodity dependence,56.361512409332,2022-12-31,17.635597651385858,17.635597651385858,-14.696371900194102,10.0847170807725,au-dessus de la mediane regionale,above regional median,en amelioration,improving
IRN,Control of corruption,-1.1472382,2024-12-31,2.040047140803693,2.040047140803693,-0.1552829000000001,-0.5708422,sous la mediane regionale,below regional median,en degradation,worsening
IRN,Current account,11.3886353724179,2000-12-31,,,,0.124893414067427,au-dessus de la mediane regionale,above regional median,en degradation,worsening
IRN,Debt service,0.284993582584259,2024-12-31,-13.795917010900604,-13.795917010900604,-0.137620037296044,12.9254798325863,sous la mediane regionale,below regional median,en amelioration,improving
IRN,Dependency ratio,44.2576475929094,2024-12-31,-0.35311334710514863,-0.35311334710514863,-0.5210471879332985,51.2977156907185,sous la mediane regionale,below regional median,en amelioration,improving
IRN,Domestic credit,57.8313383703997,2016-12-31,2.5888385500431186,2.5888385500431186,8.583830473289396,58.6252720787942,proche de la mediane regionale,near regional median,en amelioration,improving
IRN,Electricity access,100.0,2024-12-31,0.0,0.0,0.0,100.0,proche de la mediane regionale,near regional median,stable,stable
IRN,External debt,2.21280566524888,2024-12-31,-9.784790385735926,-9.784790385735926,0.75726903750084,35.6282760521045,sous la mediane regionale,below regional median,en degradation,worsening
IRN,FDI net inflows,0.304914200880697,2024-12-31,-1.9207100276716003,-1.9207100276716003,-0.12843357618558804,1.47747574805229,sous la mediane regionale,below regional median,en degradation,worsening
IRN,Fiscal balance,-5.185,2026-12-31,-42.87682557178285,-42.87682557178285,-2.1759999999999997,-2.4939999999999998,sous la mediane regionale,below regional median,en degradation,worsening
IRN,GDP growth,3.66312057949303,2024-12-31,-31.30383823137447,-31.30383823137447,6.02455596719878,2.3991692678251,au-dessus de la mediane regionale,above regional median,en amelioration,improving
IRN,GDP per capita,5190.16959024821,2024-12-31,2.7898974687905276,2.7898974687905276,1192.6760452897097,5190.16959024821,proche de la mediane regionale,near regional median,en amelioration,improving
IRN,Gen gov debt,37.254,2026-12-31,-0.05633802816901622,-0.05633802816901622,-2.6600000000000037,53.242000000000004,sous la mediane regionale,below regional median,en amelioration,improving
IRN,Gini,35.9,2023-12-31,3.1609195402298895,3.1609195402298895,-1.5,33.7,proche de la mediane regionale,near regional median,en amelioration,improving
IRN,Inflation,32.455871402917,2024-12-31,-27.195010739699278,-27.195010739699278,-7.451474166861402,2.6116961151764,au-dessus de la mediane regionale,above regional median,en amelioration,improving
IRN,Interest rate,18.0,2016-12-31,26.671358198451788,26.671358198451788,7.0,8.0,au-dessus de la mediane regionale,above regional median,en amelioration,improving
IRN,Political stability,-1.5811883999999998,2024-12-31,-24.560772742512423,-24.560772742512423,-0.3255756999999999,-0.9248175,sous la mediane regionale,below regional median,en degradation,worsening
IRN,Regulatory quality,-1.5113535,2024-12-31,-2.924847227082947,-2.924847227082947,-0.15079179999999992,-0.4676244,sous la mediane regionale,below regional median,en degradation,worsening
IRN,Rule of law,-1.2348012,2024-12-31,-2.8604130239749246,-2.8604130239749246,-0.18107830000000003,-0.6967772,sous la mediane regionale,below regional median,en degradation,worsening
IRN,Tax revenue,7.35847804149632,2009-12-31,18.72708080419306,18.72708080419306,2.16315468963493,11.1389424540703,sous la mediane regionale,below regional median,en amelioration,improving
IRN,Unemployment,8.146,2024-12-31,0.2091278139992771,0.2091278139992771,-2.5939999999999994,9.103,sous la mediane regionale,below regional median,en amelioration,improving
IRN,Women in workforce,14.144,2024-12-31,0.11325028312570791,0.11325028312570791,-2.668000000000001,22.234,sous la mediane regionale,below regional median,en degradation,worsening
IRN,Youth unemployment,21.307,2024-12-31,0.19750764166469806,0.19750764166469806,-4.641000000000002,21.307,proche de la mediane regionale,near regional median,en amelioration,improving
IRQ,Agriculture value added,3.39457505861722,2024-12-31,9.289792156226746,9.289792156226746,-0.37543319444476975,3.39457505861722,proche de la mediane regionale,near regional median,en degradation,worsening
IRQ,CO2 per capita,8.97607109506393,2024-12-31,-0.14446454839678743,-0.14446454839678743,-0.17922688619566074,4.671020451612931,au-dessus de la mediane regionale,above regional median,en degradation,worsening
IRQ,Commodity dependence,99.9864810010682,2016-12-31,0.19962789471984455,0.19962789471984455,0.20740847425800268,10.0847170807725,au-dessus de la mediane regionale,above regional median,en degradation,worsening
IRQ,Control of corruption,-1.2050155,2024-12-31,14.958303286829883,14.958303286829883,0.2383150999999999,-0.5708422,sous la mediane regionale,below regional median,en amelioration,improving
IRQ,Current account,2.99186896502489,2024-12-31,-71.64868370080414,-71.64868370080414,-3.7547768437364204,0.124893414067427,au-dessus de la mediane regionale,above regional median,en degradation,worsening
IRQ,Debt service,2.95676245098624,2024-12-31,-25.942161367425776,-25.942161367425776,-0.03824383440390999,12.9254798325863,sous la mediane regionale,below regional median,stable,stable
IRQ,Dependency ratio,66.6548244604985,2024-12-31,-2.0266384462257254,-2.0266384462257254,-6.440317465834994,51.2977156907185,au-dessus de la mediane regionale,above regional median,en amelioration,improving
IRQ,Domestic credit,13.9914475902598,2024-12-31,11.46876846755615,11.46876846755615,5.18248726209133,58.6252720787942,sous la mediane regionale,below regional median,en amelioration,improving
IRQ,Electricity access,100.0,2024-12-31,0.0,0.0,0.0,100.0,proche de la mediane regionale,near regional median,stable,stable
IRQ,External debt,6.22639916968424,2024-12-31,-17.30558751086705,-17.30558751086705,-5.5972730430111595,35.6282760521045,sous la mediane regionale,below regional median,en amelioration,improving
IRQ,FDI net inflows,-2.73525447039729,2024-12-31,-37.12279267514544,-37.12279267514544,-1.4188483033038999,1.47747574805229,sous la mediane regionale,below regional median,en degradation,worsening
IRQ,Fiscal balance,-7.191,2026-12-31,-22.12975543478261,-22.12975543478261,-6.814,-2.4939999999999998,sous la mediane regionale,below regional median,en degradation,worsening
IRQ,GDP growth,-1.54525198319173,2024-12-31,-398.48087535353983,-398.48087535353983,-7.0590425621298305,2.3991692678251,sous la mediane regionale,below regional median,en degradation,worsening
IRQ,GDP per capita,6073.61032342708,2024-12-31,1.815359487651715,1.815359487651715,401.7534601328807,5190.16959024821,au-dessus de la mediane regionale,above regional median,en amelioration,improving
IRQ,Gen gov debt,61.698,2026-12-31,14.422952096585748,14.422952096585748,6.982999999999997,53.242000000000004,au-dessus de la mediane regionale,above regional median,en degradation,worsening
IRQ,Gini,29.8,2023-12-31,1.0169491525423753,1.0169491525423753,0.3000000000000007,33.7,sous la mediane regionale,below regional median,en degradation,worsening
IRQ,Gov debt,27.438248367378,2018-12-31,-23.491499163948937,-23.491499163948937,,53.1293715924658,sous la mediane regionale,below regional median,en degradation,worsening
IRQ,Inflation,2.6116961151764,2024-12-31,-40.07608357956462,-40.07608357956462,2.810661495200282,2.6116961151764,proche de la mediane regionale,near regional median,en degradation,worsening
IRQ,Interest rate,12.2925,2015-12-31,-2.4662787622319504,-2.4662787622319504,-2.053333333333299,8.0,au-dessus de la mediane regionale,above regional median,en degradation,worsening
IRQ,Political stability,-2.0642762,2024-12-31,7.210817986772016,7.210817986772016,0.1584490999999999,-0.9248175,sous la mediane regionale,below regional median,en amelioration,improving
IRQ,Regulatory quality,-1.030546,2024-12-31,19.553146065372076,19.553146065372076,0.12988939999999993,-0.4676244,sous la mediane regionale,below regional median,en amelioration,improving
IRQ,Reserves,11.2072163127604,2024-12-31,-29.397591741622463,-29.397591741622463,0.3476321694439992,5.978693032108115,au-dessus de la mediane regionale,above regional median,en amelioration,improving
IRQ,Rule of law,-1.3581614,2024-12-31,9.472364590784066,9.472364590784066,0.015918600000000005,-0.6967772,sous la mediane regionale,below regional median,stable,stable
IRQ,Tax revenue,1.34459361810327,2019-12-31,-32.22838892576288,-32.22838892576288,0.42982032487521005,11.1389424540703,sous la mediane regionale,below regional median,en amelioration,improving
IRQ,Unemployment,15.293,2024-12-31,0.3543539602336012,0.3543539602336012,1.1969999999999992,9.103,au-dessus de la mediane regionale,above regional median,en degradation,worsening
IRQ,Women in workforce,11.003,2024-12-31,0.8247044808943449,0.8247044808943449,-0.5790000000000006,22.234,sous la mediane regionale,below regional median,en degradation,worsening
IRQ,Youth unemployment,31.726,2024-12-31,0.6727168877324355,0.6727168877324355,1.975999999999999,21.307,au-dessus de la mediane regionale,above regional median,en degradation,worsening
ISL,Agriculture value added,3.54137501752702,2024-12-31,-17.65288958775966,-17.65288958775966,-0.8835528607924097,2.6262814922641997,au-dessus de la mediane regionale,above regional median,en degradation,worsening
ISL,CO2 per capita,11.0797762518564,2024-12-31,0.6349296676875161,0.6349296676875161,-0.9472481516459013,6.87868940323143,au-dessus de la mediane regionale,above regional median,en degradation,worsening
ISL,Commodity dependence,1.9525495830387,2024-12-31,-20.197573022763166,-20.197573022763166,0.3590076547593102,5.79530570621524,sous la mediane regionale,below regional median,en degradation,worsening
ISL,Control of corruption,1.828818,2024-12-31,10.012269182839697,10.012269182839697,0.0027306000000000274,0.5531621,au-dessus de la mediane regionale,above regional median,stable,stable
ISL,Current account,-3.24001683583074,2024-12-31,-168.9674026751053,-168.9674026751053,-10.60417553717177,-0.432631418354181,sous la mediane regionale,below regional median,en degradation,worsening
ISL,Dependency ratio,50.1688158799601,2024-12-31,0.017914013487470015,0.017914013487470015,0.5309136816426019,55.30208239407135,proche de la mediane regionale,near regional median,en degradation,worsening
ISL,Domestic credit,91.0796731043812,2024-12-31,3.163125056685418,3.163125056685418,3.368118323295107,51.23226305443685,au-dessus de la mediane regionale,above regional median,en amelioration,improving
ISL,Electricity access,100.0,2024-12-31,0.0,0.0,0.0,100.0,proche de la mediane regionale,near regional median,stable,stable
ISL,FDI net inflows,8.53649263499069,2024-12-31,43.17346972701178,43.17346972701178,10.76362259208124,2.46510904267828,au-dessus de la mediane regionale,above regional median,en amelioration,improving
ISL,Fiscal balance,1.281,2026-12-31,710.7594936708861,710.7594936708861,7.085,-2.067,au-dessus de la mediane regionale,above regional median,en amelioration,improving
ISL,GDP growth,-1.2828764442695,2024-12-31,-125.4930490705387,-125.4930490705387,-2.42108871763838,2.59946721553708,sous la mediane regionale,below regional median,en degradation,worsening
ISL,GDP per capita,85863.1479330343,2024-12-31,4.454744011049751,4.454744011049751,16566.8334968742,29603.7772588256,au-dessus de la mediane regionale,above regional median,en amelioration,improving
ISL,Gen gov debt,53.577,2026-12-31,-4.507539300609566,-4.507539300609566,-20.012,46.406,au-dessus de la mediane regionale,above regional median,en amelioration,improving
ISL,Gini,26.8,2019-12-31,0.7518796992481176,0.7518796992481176,-1.0,30.65,sous la mediane regionale,below regional median,en amelioration,improving
ISL,Gov debt,80.0942484071315,2023-12-31,-5.871289013154636,-5.871289013154636,-0.587400716083593,40.04160644426225,au-dessus de la mediane regionale,above regional median,en amelioration,improving
ISL,Inflation,5.85683849970072,2024-12-31,-32.95975997946642,-32.95975997946642,2.8428667081401096,2.83581658224034,au-dessus de la mediane regionale,above regional median,en degradation,worsening
ISL,Interest rate,12.4573766403134,2024-12-31,8.034054000214914,8.034054000214914,5.5073766403134,6.65405833333333,au-dessus de la mediane regionale,above regional median,en amelioration,improving
ISL,Political stability,1.2056034,2024-12-31,-0.018510124092467273,-0.018510124092467273,-0.35081260000000003,0.3087034999999999,au-dessus de la mediane regionale,above regional median,en degradation,worsening
ISL,Regulatory quality,1.3302839,2024-12-31,-4.635995497772364,-4.635995497772364,-0.18612580000000012,0.6500427999999999,au-dessus de la mediane regionale,above regional median,en degradation,worsening
ISL,Reserves,4.82564004817907,2024-12-31,5.4535517866386165,5.4535517866386165,-3.3061607644148703,2.89106960627006,au-dessus de la mediane regionale,above regional median,en degradation,worsening
ISL,Rule of law,1.6278886,2024-12-31,2.36554798870631,2.36554798870631,-0.11881180000000002,0.6192042999999999,au-dessus de la mediane regionale,above regional median,en degradation,worsening
ISL,Tax revenue,23.1574850740894,2023-12-31,4.521065581309229,4.521065581309229,0.5381295800704002,20.82863605996785,au-dessus de la mediane regionale,above regional median,en amelioration,improving
ISL,Unemployment,3.6,2024-12-31,2.330869812393414,2.330869812393414,0.09299999999999997,5.4,sous la mediane regionale,below regional median,en degradation,worsening
ISL,Women in workforce,70.252,2024-12-31,-0.16484765802637516,-0.16484765802637516,-1.2049999999999983,54.888,au-dessus de la mediane regionale,above regional median,en degradation,worsening
ISL,Youth unemployment,8.78,2024-12-31,3.440150801131007,3.440150801131007,0.3309999999999995,14.316,sous la mediane regionale,below regional median,en degradation,worsening
ISR,Agriculture value added,1.28513289583824,2024-12-31,-7.6961930134227865,-7.6961930134227865,-0.06819596591060995,3.39457505861722,sous la mediane regionale,below regional median,en degradation,worsening
ISR,CO2 per capita,7.66038471536262,2024-12-31,-4.56181636513231,-4.56181636513231,-1.4377707960135693,4.671020451612931,au-dessus de la mediane regionale,above regional median,en degradation,worsening
ISR,Commodity dependence,5.31969619319333,2022-12-31,158.9916135746029,158.9916135746029,3.8824337672571403,10.0847170807725,sous la mediane regionale,below regional median,en degradation,worsening
ISR,Control of corruption,0.8533189999999999,2024-12-31,-2.0632033491274386,-2.0632033491274386,0.052164199999999994,-0.5708422,au-dessus de la mediane regionale,above regional median,en amelioration,improving
ISR,Current account,2.85372348964758,2024-12-31,-6.796605924908679,-6.796605924908679,-0.04729719154363021,0.124893414067427,au-dessus de la mediane regionale,above regional median,stable,stable
ISR,Dependency ratio,66.5610624258446,2024-12-31,-0.2844517771280214,-0.2844517771280214,-0.13328230188980683,51.2977156907185,au-dessus de la mediane regionale,above regional median,en amelioration,improving
ISR,Domestic credit,69.5099804468565,2024-12-31,0.17177084720665023,0.17177084720665023,4.826908034210703,58.6252720787942,au-dessus de la mediane regionale,above regional median,en amelioration,improving
ISR,Electricity access,100.0,2024-12-31,0.0,0.0,0.0,100.0,proche de la mediane regionale,near regional median,stable,stable
ISR,FDI net inflows,2.7251194069041,2024-12-31,-13.479755760166418,-13.479755760166418,-1.6241195753326796,1.47747574805229,au-dessus de la mediane regionale,above regional median,en degradation,worsening
ISR,Fiscal balance,-5.859,2026-12-31,-182.77027027027026,-182.77027027027026,-2.4899999999999998,-2.4939999999999998,sous la mediane regionale,below regional median,en degradation,worsening
ISR,GDP growth,0.953618469238535,2024-12-31,-53.76899744930659,-53.76899744930659,-2.625369159997515,2.3991692678251,sous la mediane regionale,below regional median,en degradation,worsening
ISR,GDP per capita,54216.5218142787,2024-12-31,4.009620699776022,4.009620699776022,10124.6540120243,5190.16959024821,au-dessus de la mediane regionale,above regional median,en amelioration,improving
ISR,Gen gov debt,69.829,2026-12-31,1.9237786632803462,1.9237786632803462,2.1429999999999865,53.242000000000004,au-dessus de la mediane regionale,above regional median,en degradation,worsening
ISR,Gini,38.3,2022-12-31,1.0554089709762495,1.0554089709762495,0.09999999999999432,33.7,au-dessus de la mediane regionale,above regional median,en degradation,worsening
ISR,Inflation,3.07480889805025,2024-12-31,-27.227351270933337,-27.227351270933337,2.257162957757456,2.6116961151764,au-dessus de la mediane regionale,above regional median,en degradation,worsening
ISR,Interest rate,2.95817645390829,2022-12-31,-4.598036338004689,-4.598036338004689,-0.5391338467597899,8.0,sous la mediane regionale,below regional median,en degradation,worsening
ISR,Political stability,-1.0375015,2024-12-31,0.46189451777526236,0.46189451777526236,-0.6013878000000001,-0.9248175,sous la mediane regionale,below regional median,en degradation,worsening
ISR,Regulatory quality,1.1138772,2024-12-31,5.671163656951684,5.671163656951684,-0.12777630000000006,-0.4676244,au-dessus de la mediane regionale,above regional median,en degradation,worsening
ISR,Reserves,15.8333842967618,2024-12-31,4.559197995215203,4.559197995215203,3.5039717851090995,5.978693032108115,au-dessus de la mediane regionale,above regional median,en amelioration,improving
ISR,Rule of law,0.5997177,2024-12-31,-9.713403844225663,-9.713403844225663,-0.34941579999999994,-0.6967772,au-dessus de la mediane regionale,above regional median,en degradation,worsening
ISR,Tax revenue,23.2419259606462,2024-12-31,5.239709954925355,5.239709954925355,0.9454238796856984,11.1389424540703,au-dessus de la mediane regionale,above regional median,en amelioration,improving
ISR,Unemployment,3.595,2024-12-31,6.644912488875711,6.644912488875711,-0.13599999999999968,9.103,sous la mediane regionale,below regional median,en amelioration,improving
ISR,Women in workforce,62.196,2024-12-31,1.398806612540345,1.398806612540345,1.5779999999999959,22.234,au-dessus de la mediane regionale,above regional median,en amelioration,improving
ISR,Youth unemployment,6.163,2024-12-31,4.937851183381578,4.937851183381578,-0.3620000000000001,21.307,sous la mediane regionale,below regional median,en amelioration,improving
ITA,Agriculture value added,2.00789616423237,2024-12-31,7.972120180749309,7.972120180749309,0.18922736549388008,2.6262814922641997,sous la mediane regionale,below regional median,en amelioration,improving
ITA,CO2 per capita,6.29609288150718,2024-12-31,-1.8865241153271768,-1.8865241153271768,-0.6266923527072903,6.87868940323143,proche de la mediane regionale,near regional median,en degradation,worsening
ITA,Commodity dependence,3.05293641850331,2024-12-31,-15.867906253377592,-15.867906253377592,0.0034608864954801533,5.79530570621524,sous la mediane regionale,below regional median,stable,stable
ITA,Control of corruption,0.5531621,2024-12-31,-3.200093096671793,-3.200093096671793,0.2702819000000001,0.5531621,proche de la mediane regionale,near regional median,en amelioration,improving
ITA,Current account,1.09768567168063,2024-12-31,335.76145911798136,335.76145911798136,-2.13619629249822,-0.432631418354181,au-dessus de la mediane regionale,above regional median,en degradation,worsening
ITA,Dependency ratio,57.5226887063978,2024-12-31,0.6665255694391056,0.6665255694391056,0.9594039775424008,55.30208239407135,proche de la mediane regionale,near regional median,en degradation,worsening
ITA,Domestic credit,60.3040047752275,2024-12-31,-4.465625927635125,-4.465625927635125,-13.13640219861631,51.23226305443685,au-dessus de la mediane regionale,above regional median,en degradation,worsening
ITA,Electricity access,100.0,2024-12-31,0.0,0.0,0.0,100.0,proche de la mediane regionale,near regional median,stable,stable
ITA,FDI net inflows,1.19623307999136,2024-12-31,-34.04218153191552,-34.04218153191552,-0.57443586210072,2.46510904267828,sous la mediane regionale,below regional median,en degradation,worsening
ITA,Fiscal balance,0.787,2026-12-31,58.35010060362173,58.35010060362173,6.379,-2.067,au-dessus de la mediane regionale,above regional median,en amelioration,improving
ITA,GDP growth,0.783039135276795,2024-12-31,-15.144986113369278,-15.144986113369278,0.353876601496453,2.59946721553708,sous la mediane regionale,below regional median,en amelioration,improving
ITA,GDP per capita,40429.6224047352,2024-12-31,2.9275239600821754,2.9275239600821754,6616.833679867203,29603.7772588256,au-dessus de la mediane regionale,above regional median,en amelioration,improving
ITA,Gen gov debt,138.384,2026-12-31,0.9453781512604986,0.9453781512604986,-7.435000000000002,46.406,au-dessus de la mediane regionale,above regional median,en amelioration,improving
ITA,Gini,34.3,2023-12-31,1.7804154302670454,1.7804154302670454,-0.9000000000000057,30.65,au-dessus de la mediane regionale,above regional median,en amelioration,improving
ITA,Inflation,0.982373023061417,2024-12-31,-82.52687564086202,-82.52687564086202,0.3711260792961131,2.83581658224034,sous la mediane regionale,below regional median,en degradation,worsening
ITA,Interest rate,5.25244583333333,2024-12-31,7.357505628321618,7.357505628321618,2.64994583333333,6.65405833333333,sous la mediane regionale,below regional median,en amelioration,improving
ITA,Political stability,0.3087034999999999,2024-12-31,-34.8367845663508,-34.8367845663508,-0.013629100000000005,0.3087034999999999,proche de la mediane regionale,near regional median,stable,stable
ITA,Regulatory quality,0.6401491,2024-12-31,-7.991241081541004,-7.991241081541004,-0.06096139999999994,0.6500427999999999,proche de la mediane regionale,near regional median,en degradation,worsening
ITA,Reserves,4.01757094227997,2024-12-31,18.97851347270236,18.97851347270236,0.7494879163368897,2.89106960627006,au-dessus de la mediane regionale,above regional median,en amelioration,improving
ITA,Rule of law,0.6192042999999999,2024-12-31,-4.819099132556326,-4.819099132556326,0.08957329999999997,0.6192042999999999,proche de la mediane regionale,near regional median,en amelioration,improving
ITA,Tax revenue,25.6045418430039,2024-12-31,3.511881773087337,3.511881773087337,0.9429273174220008,20.82863605996785,au-dessus de la mediane regionale,above regional median,en amelioration,improving
ITA,Unemployment,6.5,2024-12-31,-14.776452078143434,-14.776452078143434,-3.3840000000000003,5.4,au-dessus de la mediane regionale,above regional median,en amelioration,improving
ITA,Women in workforce,41.03,2024-12-31,-0.6826103795507273,-0.6826103795507273,0.12199999999999989,54.888,sous la mediane regionale,below regional median,en amelioration,improving
ITA,Youth unemployment,20.246,2024-12-31,-10.916530998371988,-10.916530998371988,-8.856000000000002,14.316,au-dessus de la mediane regionale,above regional median,en amelioration,improving
JAM,Agriculture value added,7.96875195089791,2024-12-31,2.392440389077403,2.392440389077403,1.6634609306882702,3.86944846371998,au-dessus de la mediane regionale,above regional median,en amelioration,improving
JAM,CO2 per capita,3.31952063539585,2024-12-31,4.250290045875364,4.250290045875364,-0.14128776733983983,4.11421182432227,sous la mediane regionale,below regional median,en degradation,worsening
JAM,Commodity dependence,28.7976547528445,2023-12-31,-28.69242000979508,-28.69242000979508,14.151102719254101,3.00864273328603,au-dessus de la mediane regionale,above regional median,en degradation,worsening
JAM,Control of corruption,-0.0962722999999999,2024-12-31,29.44716981961721,29.44716981961721,-0.0325885999999999,-0.2654917,au-dessus de la mediane regionale,above regional median,stable,stable
JAM,Current account,3.08347028977771,2024-12-31,16.084556805830267,16.084556805830267,4.8609270495404004,-1.66760721722233,au-dessus de la mediane regionale,above regional median,en amelioration,improving
JAM,Debt service,31.8505046193829,2024-12-31,-16.276167561155074,-16.276167561155074,-54.1909246126543,19.75493011522935,au-dessus de la mediane regionale,above regional median,en amelioration,improving
JAM,Dependency ratio,36.8213630495345,2024-12-31,-0.42722698646238355,-0.42722698646238355,-2.2143838794641013,48.981079443401555,sous la mediane regionale,below regional median,en amelioration,improving
JAM,Domestic credit,45.1288088227477,2024-12-31,1.262049076704869,1.262049076704869,0.22072484356579736,45.1288088227477,proche de la mediane regionale,near regional median,en amelioration,improving
JAM,Electricity access,97.7,2024-12-31,0.0,0.0,-1.2000000000000028,99.8,proche de la mediane regionale,near regional median,en degradation,worsening
JAM,External debt,76.0700580586773,2024-12-31,-5.454759212656201,-5.454759212656201,-17.921912636141897,47.6233832283027,au-dessus de la mediane regionale,above regional median,en amelioration,improving
JAM,FDI net inflows,1.38581611857042,2024-12-31,-39.72019070419656,-39.72019070419656,-2.52235392586136,3.01317166597907,sous la mediane regionale,below regional median,en degradation,worsening
JAM,Fiscal balance,-4.885,2026-12-31,-29.54123574648634,-29.54123574648634,-11.131,-0.749,sous la mediane regionale,below regional median,en degradation,worsening
JAM,GDP growth,-0.535039063867487,2024-12-31,-119.4818638091546,-119.4818638091546,-2.344470536881057,3.3669492581395,sous la mediane regionale,below regional median,en degradation,worsening
JAM,GDP per capita,7753.8119527678,2024-12-31,2.8029995052339127,2.8029995052339127,1723.1229886085903,13969.7836603737,sous la mediane regionale,below regional median,en amelioration,improving
JAM,Gen gov debt,65.793,2026-12-31,-2.8369318013999942,-2.8369318013999942,-20.482,63.608,proche de la mediane regionale,near regional median,en amelioration,improving
JAM,Gini,39.9,2021-12-31,13.031161473087824,13.031161473087824,-5.600000000000001,43.0,proche de la mediane regionale,near regional median,en amelioration,improving
JAM,Gov debt,97.8664003352989,2020-12-31,14.104169233798853,14.104169233798853,-20.3289583713821,59.3486130705839,au-dessus de la mediane regionale,above regional median,en amelioration,improving
JAM,Inflation,5.41194447981659,2024-12-31,-16.406708877723812,-16.406708877723812,1.5068444711578701,3.42967284899735,au-dessus de la mediane regionale,above regional median,en degradation,worsening
JAM,Interest rate,11.9964329707509,2024-12-31,2.958944106000861,2.958944106000861,-1.0020222970902992,8.80431027070166,au-dessus de la mediane regionale,above regional median,en degradation,worsening
JAM,Political stability,0.476823,2024-12-31,0.11245311129374419,0.11245311129374419,0.29779,0.3600136,au-dessus de la mediane regionale,above regional median,en amelioration,improving
JAM,Regulatory quality,0.0908785,2024-12-31,-38.82587907276057,-38.82587907276057,-0.04463439999999999,-0.0738011,au-dessus de la mediane regionale,above regional median,stable,stable
JAM,Reserves,6.47177111104504,2024-12-31,18.64508613225804,18.64508613225804,1.6993300956057507,4.20470125653228,au-dessus de la mediane regionale,above regional median,en amelioration,improving
JAM,Rule of law,-0.0776697,2024-12-31,-1.0550516011180262,-1.0550516011180262,0.09282800000000001,-0.2513801,au-dessus de la mediane regionale,above regional median,en amelioration,improving
JAM,Tax revenue,23.6736609385396,2020-12-31,-7.257613198959357,-7.257613198959357,0.14302025501670101,15.9189020036855,au-dessus de la mediane regionale,above regional median,en amelioration,improving
JAM,Unemployment,3.151,2024-12-31,4.268696227663799,4.268696227663799,-1.8360000000000003,6.448,sous la mediane regionale,below regional median,en amelioration,improving
JAM,Women in workforce,62.913,2024-12-31,-0.2125398512221047,-0.2125398512221047,3.077999999999996,52.394,au-dessus de la mediane regionale,above regional median,en amelioration,improving
JAM,Youth unemployment,10.383,2024-12-31,3.913130504403505,3.913130504403505,-5.577000000000002,15.674,sous la mediane regionale,below regional median,en amelioration,improving
JOR,Agriculture value added,5.24177916006358,2024-12-31,5.760012248577427,5.760012248577427,0.8449173280914106,3.39457505861722,au-dessus de la mediane regionale,above regional median,en amelioration,improving
JOR,CO2 per capita,3.01705826324112,2024-12-31,0.32578437829813994,0.32578437829813994,0.02797226151940002,4.671020451612931,sous la mediane regionale,below regional median,stable,stable
JOR,Commodity dependence,0.264858580668078,2024-12-31,-46.8944184321901,-46.8944184321901,-1.768286603313252,10.0847170807725,sous la mediane regionale,below regional median,en amelioration,improving
JOR,Control of corruption,0.2721934,2024-12-31,156.70993997066907,156.70993997066907,0.18277030000000008,-0.5708422,au-dessus de la mediane regionale,above regional median,en amelioration,improving
JOR,Current account,-5.33366328480029,2024-12-31,-63.815345199826055,-63.815345199826055,-3.7447637782811096,0.124893414067427,sous la mediane regionale,below regional median,en degradation,worsening
JOR,Debt service,18.1501287979427,2024-12-31,11.766544253499285,11.766544253499285,-1.064403440301401,12.9254798325863,au-dessus de la mediane regionale,above regional median,en amelioration,improving
JOR,Dependency ratio,54.3009741648251,2024-12-31,-1.5492991062161983,-1.5492991062161983,-4.579298530818001,51.2977156907185,proche de la mediane regionale,near regional median,en amelioration,improving
JOR,Domestic credit,72.9559938224227,2024-12-31,-2.0400427016237823,-2.0400427016237823,2.597160690874503,58.6252720787942,au-dessus de la mediane regionale,above regional median,en amelioration,improving
JOR,Electricity access,100.0,2024-12-31,0.0,0.0,0.09999999999999432,100.0,proche de la mediane regionale,near regional median,en amelioration,improving
JOR,External debt,90.1349716229773,2024-12-31,2.576176630194691,2.576176630194691,14.887215976226798,35.6282760521045,au-dessus de la mediane regionale,above regional median,en degradation,worsening
JOR,FDI net inflows,2.78862682935517,2024-12-31,-21.993493672248118,-21.993493672248118,1.2883920387013101,1.47747574805229,au-dessus de la mediane regionale,above regional median,en amelioration,improving
JOR,Fiscal balance,0.22,2026-12-31,130.17832647462276,130.17832647462276,2.5580000000000003,-2.4939999999999998,au-dessus de la mediane regionale,above regional median,en amelioration,improving
JOR,GDP growth,2.55605891810194,2024-12-31,-18.31070358804109,-18.31070358804109,0.6997288521742899,2.3991692678251,proche de la mediane regionale,near regional median,en amelioration,improving
JOR,GDP per capita,5073.92103605892,2024-12-31,3.417805940679476,3.417805940679476,516.1276887677104,5190.16959024821,proche de la mediane regionale,near regional median,en amelioration,improving
JOR,Gen gov debt,81.77,2026-12-31,-1.2999867225125814,-1.2999867225125814,1.8709999999999951,53.242000000000004,au-dessus de la mediane regionale,above regional median,en degradation,worsening
JOR,Gini,33.7,2010-12-31,3.37423312883436,3.37423312883436,-3.299999999999997,33.7,proche de la mediane regionale,near regional median,en amelioration,improving
JOR,Gov debt,93.6205554347008,2023-12-31,1.818732675159632,1.818732675159632,24.741177558980098,53.1293715924658,au-dessus de la mediane regionale,above regional median,en degradation,worsening
JOR,Inflation,1.55659611283953,2024-12-31,-25.33845204145755,-25.33845204145755,0.795082065573929,2.6116961151764,sous la mediane regionale,below regional median,en degradation,worsening
JOR,Interest rate,8.48,2024-12-31,-5.550399108965989,-5.550399108965989,-0.18499999999999872,8.0,proche de la mediane regionale,near regional median,en degradation,worsening
JOR,Political stability,-0.3501687,2024-12-31,-16.43286573146293,-16.43286573146293,-0.06553890000000001,-0.9248175,au-dessus de la mediane regionale,above regional median,en degradation,worsening
JOR,Regulatory quality,0.2760104,2024-12-31,-12.129996860994261,-12.129996860994261,0.1162974,-0.4676244,au-dessus de la mediane regionale,above regional median,en amelioration,improving
JOR,Reserves,7.79308209953668,2024-12-31,6.64921710932163,6.64921710932163,-0.16369833961327007,5.978693032108115,au-dessus de la mediane regionale,above regional median,en degradation,worsening
JOR,Rule of law,0.1685335,2024-12-31,36.76692083215664,36.76692083215664,0.032020099999999996,-0.6967772,au-dessus de la mediane regionale,above regional median,stable,stable
JOR,Tax revenue,15.5196043957928,2023-12-31,-2.493679548452762,-2.493679548452762,2.052937071158201,11.1389424540703,au-dessus de la mediane regionale,above regional median,en amelioration,improving
JOR,Unemployment,16.693,2024-12-31,0.4392298435619759,0.4392298435619759,-0.10799999999999699,9.103,au-dessus de la mediane regionale,above regional median,en amelioration,improving
JOR,Women in workforce,16.008,2024-12-31,0.4707211447938197,0.4707211447938197,2.3229999999999986,22.234,sous la mediane regionale,below regional median,en amelioration,improving
JOR,Youth unemployment,39.053,2024-12-31,0.556170661997564,0.556170661997564,1.847999999999999,21.307,au-dessus de la mediane regionale,above regional median,en degradation,worsening
JPN,Agriculture value added,0.958270395726444,2024-12-31,16.105378548215793,16.105378548215793,-0.022881608862267977,9.79503060602777,sous la mediane regionale,below regional median,stable,stable
JPN,CO2 per capita,8.57699228018443,2024-12-31,-2.3807473193761974,-2.3807473193761974,-1.0187750158600402,2.96182966114834,au-dessus de la mediane regionale,above regional median,en degradation,worsening
JPN,Commodity dependence,1.39430977776367,2024-12-31,-21.341927823545106,-21.341927823545106,-0.59115885516967,1.446086854730515,proche de la mediane regionale,near regional median,en amelioration,improving
JPN,Control of corruption,1.3570132,2024-12-31,1.4369673676637864,1.4369673676637864,-0.07651629999999998,0.38264925,au-dessus de la mediane regionale,above regional median,en degradation,worsening
JPN,Current account,4.62202410018024,2024-12-31,27.988693529687183,27.988693529687183,1.25530191045601,2.19482817825998,au-dessus de la mediane regionale,above regional median,en amelioration,improving
JPN,Dependency ratio,70.1168403833763,2024-12-31,0.02382370809618813,0.02382370809618813,0.638730124865603,53.5253966955507,au-dessus de la mediane regionale,above regional median,en degradation,worsening
JPN,Domestic credit,187.06798522924,2024-12-31,0.5142606459234906,0.5142606459234906,14.583382946775004,92.64512899225335,au-dessus de la mediane regionale,above regional median,en amelioration,improving
JPN,Electricity access,100.0,2024-12-31,0.0,0.0,0.0,100.0,proche de la mediane regionale,near regional median,stable,stable
JPN,FDI net inflows,0.450454817292247,2024-12-31,-1.2804976604202747,-1.2804976604202747,-0.31131435294854803,2.35252841903892,sous la mediane regionale,below regional median,en degradation,worsening
JPN,Fiscal balance,-1.738,2026-12-31,-64.89563567362427,-64.89563567362427,4.0,-1.435,sous la mediane regionale,below regional median,en amelioration,improving
JPN,GDP growth,-0.240084236041696,2024-12-31,-133.30870294657723,-133.30870294657723,0.06841268510156301,3.6482536159531502,sous la mediane regionale,below regional median,en amelioration,improving
JPN,GDP per capita,33797.1014287876,2024-12-31,-4.0264147784463935,-4.0264147784463935,-7627.764131366697,7488.460293591284,au-dessus de la mediane regionale,above regional median,en degradation,worsening
JPN,Gen gov debt,204.351,2026-12-31,-1.05265706330953,-1.05265706330953,-18.333,43.4465,au-dessus de la mediane regionale,above regional median,en amelioration,improving
JPN,Gini,32.3,2020-12-31,-2.1212121212121295,-2.1212121212121295,1.5999999999999979,34.25,proche de la mediane regionale,near regional median,en degradation,worsening
JPN,Inflation,2.73853681635241,2024-12-31,-16.2048709809356,-16.2048709809356,2.26976065696846,2.18151273615189,au-dessus de la mediane regionale,above regional median,en degradation,worsening
JPN,Interest rate,0.994,2017-12-31,-4.85762144053602,-4.85762144053602,-0.4135,6.01747975323522,sous la mediane regionale,below regional median,en degradation,worsening
JPN,Political stability,1.1343228,2024-12-31,-10.501823538991154,-10.501823538991154,0.01818350000000013,0.87674265,au-dessus de la mediane regionale,above regional median,stable,stable
JPN,Regulatory quality,1.3296352,2024-12-31,-4.882171044169527,-4.882171044169527,-0.0590196999999999,-0.07101989999999994,au-dessus de la mediane regionale,above regional median,en degradation,worsening
JPN,Reserves,12.9546613262798,2024-12-31,-4.182537883809648,-4.182537883809648,-2.468690974560701,5.704288535730781,au-dessus de la mediane regionale,above regional median,en degradation,worsening
JPN,Rule of law,1.5115752999999998,2024-12-31,0.2047150284072557,0.2047150284072557,-0.00041960000000007547,0.6409370999999999,au-dessus de la mediane regionale,above regional median,stable,stable
JPN,Unemployment,2.5,2024-12-31,-3.8461538461538494,-3.8461538461538494,0.14900000000000002,2.988,sous la mediane regionale,below regional median,en degradation,worsening
JPN,Women in workforce,55.596,2024-12-31,1.36561708024139,1.36561708024139,2.3559999999999945,55.596,proche de la mediane regionale,near regional median,en amelioration,improving
JPN,Youth unemployment,3.93,2024-12-31,-4.5189504373177725,-4.5189504373177725,-0.008000000000000007,9.408,sous la mediane regionale,below regional median,stable,stable
KAZ,Agriculture value added,3.88229151651226,2024-12-31,1.4977348042329421,1.4977348042329421,-0.5840444416152497,2.6262814922641997,au-dessus de la mediane regionale,above regional median,en degradation,worsening
KAZ,CO2 per capita,16.0442957802598,2024-12-31,-0.2082518941599795,-0.2082518941599795,1.0447968329911017,6.87868940323143,au-dessus de la mediane regionale,above regional median,en amelioration,improving
KAZ,Commodity dependence,56.7199106286709,2024-12-31,-3.7511858530597735,-3.7511858530597735,-9.520845811147893,5.79530570621524,au-dessus de la mediane regionale,above regional median,en amelioration,improving
KAZ,Control of corruption,-0.0670902999999999,2024-12-31,69.82215437097761,69.82215437097761,0.14010270000000008,0.5531621,sous la mediane regionale,below regional median,en amelioration,improving
KAZ,Current account,-2.32054721716038,2024-12-31,26.655406499905737,26.655406499905737,1.5478748663445203,-0.432631418354181,sous la mediane regionale,below regional median,en amelioration,improving
KAZ,Debt service,48.4343756201676,2024-12-31,-3.638868325475617,-3.638868325475617,-0.4395476369237983,13.953203049199,au-dessus de la mediane regionale,above regional median,en amelioration,improving
KAZ,Dependency ratio,61.3593284528818,2024-12-31,0.7642677401407729,0.7642677401407729,3.8937372440098983,55.30208239407135,au-dessus de la mediane regionale,above regional median,en degradation,worsening
KAZ,Domestic credit,27.2796795779653,2024-12-31,4.7367410653292055,4.7367410653292055,3.0132009755941986,51.23226305443685,sous la mediane regionale,below regional median,en amelioration,improving
KAZ,Electricity access,100.0,2024-12-31,0.0,0.0,0.0,100.0,proche de la mediane regionale,near regional median,stable,stable
KAZ,External debt,62.6029318152699,2024-12-31,-14.12701890033055,-14.12701890033055,-44.77041108812111,56.144278869823,au-dessus de la mediane regionale,above regional median,en amelioration,improving
KAZ,FDI net inflows,0.71809281452939,2024-12-31,-67.14879905619532,-67.14879905619532,-1.3355836783782697,2.46510904267828,sous la mediane regionale,below regional median,en degradation,worsening
KAZ,Fiscal balance,-1.344,2026-12-31,37.3134328358209,37.3134328358209,3.622,-2.067,au-dessus de la mediane regionale,above regional median,en amelioration,improving
KAZ,GDP growth,4.99999999996936,2024-12-31,-1.9607843092591848,-1.9607843092591848,0.4999999990505293,2.59946721553708,au-dessus de la mediane regionale,above regional median,en amelioration,improving
KAZ,GDP per capita,14154.6324958076,2024-12-31,9.901099776802761,9.901099776802761,4697.506349236241,29603.7772588256,sous la mediane regionale,below regional median,en amelioration,improving
KAZ,Gen gov debt,24.931,2026-12-31,1.506453320304552,1.506453320304552,-0.16900000000000048,46.406,sous la mediane regionale,below regional median,en amelioration,improving
KAZ,Gini,29.2,2021-12-31,1.7421602787456445,1.7421602787456445,2.0,30.65,proche de la mediane regionale,near regional median,en degradation,worsening
KAZ,Gov debt,20.8858497183933,2023-12-31,-2.195916912685248,-2.195916912685248,-1.1063872178902017,40.04160644426225,sous la mediane regionale,below regional median,en amelioration,improving
KAZ,Inflation,8.69082156104494,2024-12-31,-40.17700363238558,-40.17700363238558,3.3572605718782498,2.83581658224034,au-dessus de la mediane regionale,above regional median,en degradation,worsening
KAZ,Political stability,-0.2827558,2024-12-31,-39.90574183157724,-39.90574183157724,-0.0616918000000001,0.3087034999999999,sous la mediane regionale,below regional median,en degradation,worsening
KAZ,Regulatory quality,0.0470549,2024-12-31,756.8210786991515,756.8210786991515,-0.0656700999999999,0.6500427999999999,sous la mediane regionale,below regional median,en degradation,worsening
KAZ,Reserves,5.37012273083905,2024-12-31,27.823547553679408,27.823547553679408,0.9095521132508901,2.89106960627006,au-dessus de la mediane regionale,above regional median,en amelioration,improving
KAZ,Rule of law,-0.3815477,2024-12-31,-0.9949739113494126,-0.9949739113494126,0.049422499999999925,0.6192042999999999,sous la mediane regionale,below regional median,stable,stable
KAZ,Tax revenue,11.8924774148637,2023-12-31,-1.4029100915733,-1.4029100915733,0.174677828276101,20.82863605996785,sous la mediane regionale,below regional median,en amelioration,improving
KAZ,Unemployment,4.833,2024-12-31,-0.0413650465356728,-0.0413650465356728,0.03300000000000036,5.4,sous la mediane regionale,below regional median,stable,stable
KAZ,Women in workforce,65.291,2024-12-31,0.40289716895538985,0.40289716895538985,0.6299999999999955,54.888,au-dessus de la mediane regionale,above regional median,en amelioration,improving
KAZ,Youth unemployment,3.816,2024-12-31,0.052438384897739374,0.052438384897739374,0.04999999999999982,14.316,sous la mediane regionale,below regional median,stable,stable
KEN,Agriculture value added,22.4419960332165,2024-12-31,4.613930794964816,4.613930794964816,1.580832222147901,20.7932870939229,proche de la mediane regionale,near regional median,en amelioration,improving
KEN,CO2 per capita,1.82227246553006,2024-12-31,0.2651141143726237,0.2651141143726237,-0.07645472779464013,1.52210243022339,au-dessus de la mediane regionale,above regional median,en degradation,worsening
KEN,Commodity dependence,1.63087288958127,2024-12-31,-12.545702039889306,-12.545702039889306,-6.10620744088472,1.604781106301575,proche de la mediane regionale,near regional median,en amelioration,improving
KEN,Control of corruption,-0.8018297,2024-12-31,-5.580356408067575,-5.580356408067575,0.007781599999999944,-0.7934948,au-dessus de la mediane regionale,above regional median,stable,stable
KEN,Current account,-1.28724447407872,2024-12-31,49.4310878703896,49.4310878703896,3.9512848849993905,-4.05918464223764,au-dessus de la mediane regionale,above regional median,en amelioration,improving
KEN,Debt service,27.2238636965006,2024-12-31,28.942973905601015,28.942973905601015,-11.203438746918401,11.8141665228846,au-dessus de la mediane regionale,above regional median,en amelioration,improving
KEN,Dependency ratio,66.1190997974295,2024-12-31,-2.2975426107210692,-2.2975426107210692,-8.144840769323096,76.3947216046137,sous la mediane regionale,below regional median,en amelioration,improving
KEN,Domestic credit,31.7980848696513,2023-12-31,1.7264741480704209,1.7264741480704209,0.5993951023512025,15.8986695709198,au-dessus de la mediane regionale,above regional median,en amelioration,improving
KEN,Electricity access,77.0,2024-12-31,1.0498687664041957,1.0498687664041957,7.299999999999997,57.8,au-dessus de la mediane regionale,above regional median,en amelioration,improving
KEN,External debt,34.992669732423,2024-12-31,-13.43430369431168,-13.43430369431168,-0.41161647144049596,43.99766261125275,sous la mediane regionale,below regional median,en amelioration,improving
KEN,FDI net inflows,0.384924569449646,2024-12-31,-18.538144254727605,-18.538144254727605,-0.08324397803182904,2.351663747275275,sous la mediane regionale,below regional median,en degradation,worsening
KEN,Fiscal balance,-6.425,2026-12-31,-0.2027448533998737,-0.2027448533998737,0.7709999999999999,-2.4305,sous la mediane regionale,below regional median,en amelioration,improving
KEN,GDP growth,4.66019594571891,2024-12-31,-18.527934830359097,-18.527934830359097,-0.4539629119591,4.366019176358015,proche de la mediane regionale,near regional median,en degradation,worsening
KEN,GDP per capita,2133.46193404026,2024-12-31,9.82575326163782,9.82575326163782,173.0538454913301,1189.858061476885,au-dessus de la mediane regionale,above regional median,en amelioration,improving
KEN,Gen gov debt,71.583,2026-12-31,3.243718810396047,3.243718810396047,3.350999999999999,53.801,au-dessus de la mediane regionale,above regional median,en degradation,worsening
KEN,Gini,38.5,2022-12-31,-0.5167958656330822,-0.5167958656330822,-2.299999999999997,38.5,proche de la mediane regionale,near regional median,en amelioration,improving
KEN,Inflation,4.06912878540729,2025-12-31,-9.369255434891757,-9.369255434891757,-1.3360332939266293,4.214928221107796,proche de la mediane regionale,near regional median,en amelioration,improving
KEN,Interest rate,16.5931072517574,2024-12-31,22.11138209640342,22.11138209640342,4.151974364242799,11.7409744802492,au-dessus de la mediane regionale,above regional median,en amelioration,improving
KEN,Political stability,-1.3556816,2024-12-31,-39.5233684487862,-39.5233684487862,-0.28051439999999994,-0.5953656,sous la mediane regionale,below regional median,en degradation,worsening
KEN,Regulatory quality,-0.3335684,2024-12-31,16.326506039811886,16.326506039811886,0.010045799999999994,-0.7386300499999999,au-dessus de la mediane regionale,above regional median,stable,stable
KEN,Reserves,4.02886150176484,2024-12-31,28.35798102036997,28.35798102036997,-0.8918133692186601,3.5612582316005197,au-dessus de la mediane regionale,above regional median,en degradation,worsening
KEN,Rule of law,-0.464532,2024-12-31,-8.647486931040401,-8.647486931040401,0.09447689999999992,-0.8753552499999999,au-dessus de la mediane regionale,above regional median,en amelioration,improving
KEN,Tax revenue,14.0631113797385,2023-12-31,-3.673028374734534,-3.673028374734534,-0.29816753753910064,12.7396805065136,au-dessus de la mediane regionale,above regional median,en degradation,worsening
KEN,Unemployment,5.487,2024-12-31,1.4420410427066055,1.4420410427066055,0.47299999999999986,5.487,proche de la mediane regionale,near regional median,en degradation,worsening
KEN,Women in workforce,63.012,2024-12-31,0.10485177771423523,0.10485177771423523,0.19500000000000028,57.104,au-dessus de la mediane regionale,above regional median,en amelioration,improving
KEN,Youth unemployment,15.477,2024-12-31,2.0640991822738104,2.0640991822738104,2.9299999999999997,8.814,au-dessus de la mediane regionale,above regional median,en degradation,worsening
KGZ,Agriculture value added,8.6216835341199,2024-12-31,-9.170488579273153,-9.170488579273153,-1.7522190907732007,2.6262814922641997,au-dessus de la mediane regionale,above regional median,en degradation,worsening
KGZ,CO2 per capita,3.09739806930838,2024-12-31,1.2600758967458967,1.2600758967458967,-0.12340927661727008,6.87868940323143,sous la mediane regionale,below regional median,en degradation,worsening
KGZ,Commodity dependence,7.31721333967097,2024-12-31,23.18725187649571,23.18725187649571,1.27796666875017,5.79530570621524,au-dessus de la mediane regionale,above regional median,en degradation,worsening
KGZ,Control of corruption,-1.1364649,2024-12-31,5.0221873852699,5.0221873852699,-0.15379640000000006,0.5531621,sous la mediane regionale,below regional median,en degradation,worsening
KGZ,Current account,-22.6410105179248,2024-12-31,49.60619903838888,49.60619903838888,-11.2569306270414,-0.432631418354181,sous la mediane regionale,below regional median,en degradation,worsening
KGZ,Debt service,13.953203049199,2024-12-31,-49.07758704548199,-49.07758704548199,-12.8268073363089,13.953203049199,proche de la mediane regionale,near regional median,en amelioration,improving
KGZ,Dependency ratio,61.3514807542057,2024-12-31,-0.3185101985271682,-0.3185101985271682,0.6237367455116001,55.30208239407135,au-dessus de la mediane regionale,above regional median,en degradation,worsening
KGZ,Domestic credit,22.2913984931237,2024-12-31,11.764312312219092,11.764312312219092,-1.0087932482162998,51.23226305443685,sous la mediane regionale,below regional median,en degradation,worsening
KGZ,Electricity access,100.0,2024-12-31,0.0,0.0,0.09999999999999432,100.0,proche de la mediane regionale,near regional median,en amelioration,improving
KGZ,External debt,69.2449937236268,2024-12-31,2.0607516065159057,2.0607516065159057,-29.15300567022969,56.144278869823,au-dessus de la mediane regionale,above regional median,en amelioration,improving
KGZ,FDI net inflows,1.40593817941355,2024-12-31,34.06855955871031,34.06855955871031,-2.9036684494262506,2.46510904267828,sous la mediane regionale,below regional median,en degradation,worsening
KGZ,Fiscal balance,-2.317,2026-12-31,-349.9460625674218,-349.9460625674218,-1.6100000000000003,-2.067,sous la mediane regionale,below regional median,en degradation,worsening
KGZ,GDP growth,11.5397119406559,2024-12-31,28.029923727874127,28.029923727874127,6.93908628357992,2.59946721553708,au-dessus de la mediane regionale,above regional median,en amelioration,improving
KGZ,GDP per capita,2514.81066933171,2024-12-31,17.612228722379697,17.612228722379697,1092.81139429069,29603.7772588256,sous la mediane regionale,below regional median,en amelioration,improving
KGZ,Gen gov debt,37.384,2026-12-31,3.772380291464266,3.772380291464266,-18.817,46.406,sous la mediane regionale,below regional median,en amelioration,improving
KGZ,Gini,27.5,2024-12-31,1.102941176470591,1.102941176470591,-2.1999999999999993,30.65,sous la mediane regionale,below regional median,en amelioration,improving
KGZ,Gov debt,38.7180366994573,2024-12-31,-4.49892162034931,-4.49892162034931,-12.614501137583801,40.04160644426225,proche de la mediane regionale,near regional median,en amelioration,improving
KGZ,Inflation,4.99760701207323,2024-12-31,-53.52479999627033,-53.52479999627033,3.86398443488519,2.83581658224034,au-dessus de la mediane regionale,above regional median,en degradation,worsening
KGZ,Interest rate,19.783640031297,2024-12-31,3.5474699354993895,3.5474699354993895,0.7868863595488023,6.65405833333333,au-dessus de la mediane regionale,above regional median,en amelioration,improving
KGZ,Political stability,-0.5045251,2024-12-31,1.008932690011697,1.008932690011697,-0.2977059000000001,0.3087034999999999,sous la mediane regionale,below regional median,en degradation,worsening
KGZ,Regulatory quality,-0.5167463999999999,2024-12-31,3.2806568763112485,3.2806568763112485,-0.09555689999999994,0.6500427999999999,sous la mediane regionale,below regional median,en degradation,worsening
KGZ,Reserves,3.9493282772254,2024-12-31,49.7998677883926,49.7998677883926,-0.5463737734462097,2.89106960627006,au-dessus de la mediane regionale,above regional median,en degradation,worsening
KGZ,Rule of law,-0.9360937,2024-12-31,3.8818995183794636,3.8818995183794636,-0.1976441000000001,0.6192042999999999,sous la mediane regionale,below regional median,en degradation,worsening
KGZ,Tax revenue,19.6152650825459,2024-12-31,0.03467176451871155,0.03467176451871155,3.6514312144645,20.82863605996785,proche de la mediane regionale,near regional median,en amelioration,improving
KGZ,Unemployment,3.491,2024-12-31,-0.20011435105775063,-0.20011435105775063,-1.959,5.4,sous la mediane regionale,below regional median,en amelioration,improving
KGZ,Women in workforce,44.256,2024-12-31,1.749626393838379,1.749626393838379,0.21600000000000108,54.888,sous la mediane regionale,below regional median,en amelioration,improving
KGZ,Youth unemployment,8.42,2024-12-31,-0.3668204946160286,-0.3668204946160286,-4.401,14.316,sous la mediane regionale,below regional median,en amelioration,improving
KHM,Agriculture value added,16.576872609135,2024-12-31,-2.936886645425154,-2.936886645425154,1.1383660914192983,9.79503060602777,au-dessus de la mediane regionale,above regional median,en amelioration,improving
KHM,CO2 per capita,2.82529407752829,2024-12-31,0.501788361317074,0.501788361317074,0.1555599351327599,2.96182966114834,proche de la mediane regionale,near regional median,en amelioration,improving
KHM,Commodity dependence,0.0012428809053059,2024-12-31,33619.032305714005,33619.032305714005,0.0012360207430721683,1.446086854730515,sous la mediane regionale,below regional median,stable,stable
KHM,Control of corruption,-1.2328592,2024-12-31,-9.915942591826848,-9.915942591826848,0.10604520000000006,0.38264925,sous la mediane regionale,below regional median,en amelioration,improving
KHM,Current account,0.492323754520323,2024-12-31,-62.26489343022048,-62.26489343022048,8.492242988124293,2.19482817825998,sous la mediane regionale,below regional median,en amelioration,improving
KHM,Debt service,10.5425721165318,2024-12-31,9.213752464685127,9.213752464685127,3.3638226978051895,9.284516256809514,au-dessus de la mediane regionale,above regional median,en degradation,worsening
KHM,Dependency ratio,56.1447301469383,2024-12-31,-0.49732475086636574,-0.49732475086636574,-1.5758367677038976,53.5253966955507,proche de la mediane regionale,near regional median,en amelioration,improving
KHM,Domestic credit,124.659765749466,2024-12-31,-4.20346299770324,-4.20346299770324,40.33609189149091,92.64512899225335,au-dessus de la mediane regionale,above regional median,en amelioration,improving
KHM,Electricity access,99.2,2024-12-31,4.4210526315789505,4.4210526315789505,15.200000000000003,100.0,proche de la mediane regionale,near regional median,en amelioration,improving
KHM,External debt,46.1114046291379,2024-12-31,-15.315328203059977,-15.315328203059977,2.269344159843399,36.46641372051265,au-dessus de la mediane regionale,above regional median,en degradation,worsening
KHM,FDI net inflows,9.48089832015712,2024-12-31,1.3894958669308186,1.3894958669308186,-0.5041021218709592,2.35252841903892,au-dessus de la mediane regionale,above regional median,en degradation,worsening
KHM,Fiscal balance,-3.318,2026-12-31,-349.5934959349594,-349.5934959349594,1.677,-1.435,sous la mediane regionale,below regional median,en amelioration,improving
KHM,GDP growth,6.0158145735202,2024-12-31,20.14015547534068,20.14015547534068,-1.9211355623650404,3.6482536159531502,au-dessus de la mediane regionale,above regional median,en degradation,worsening
KHM,GDP per capita,2627.87969756224,2024-12-31,8.15438965054537,8.15438965054537,402.0026427053799,7488.460293591284,sous la mediane regionale,below regional median,en amelioration,improving
KHM,Gen gov debt,27.094,2026-12-31,2.39219984127585,2.39219984127585,0.703000000000003,43.4465,sous la mediane regionale,below regional median,en degradation,worsening
KHM,Gov debt,50.3420177209934,2023-12-31,83.11252368276733,83.11252368276733,,50.3420177209934,proche de la mediane regionale,near regional median,en degradation,worsening
KHM,Inflation,0.808042016536654,2024-12-31,-62.01860476997161,-62.01860476997161,-1.134532991794416,2.18151273615189,sous la mediane regionale,below regional median,en amelioration,improving
KHM,Political stability,0.1284232,2024-12-31,-4.618908484858389,-4.618908484858389,0.3219546,0.87674265,sous la mediane regionale,below regional median,en amelioration,improving
KHM,Regulatory quality,-0.6313721,2024-12-31,6.634534948013063,6.634534948013063,0.017857000000000012,-0.07101989999999994,sous la mediane regionale,below regional median,stable,stable
KHM,Reserves,7.65136409383053,2024-12-31,-1.5289271343361894,-1.5289271343361894,-0.44798462417734974,5.704288535730781,au-dessus de la mediane regionale,above regional median,en degradation,worsening
KHM,Rule of law,-1.0562612,2024-12-31,3.9332865245182322,3.9332865245182322,0.07442039999999994,0.6409370999999999,sous la mediane regionale,below regional median,en amelioration,improving
KHM,Tax revenue,12.2035420550215,2023-12-31,-9.728691402022365,-9.728691402022365,-0.43753025210070007,16.67863628412195,sous la mediane regionale,below regional median,en degradation,worsening
KHM,Unemployment,0.254,2024-12-31,-0.7812500000000007,-0.7812500000000007,0.135,2.988,sous la mediane regionale,below regional median,en degradation,worsening
KHM,Women in workforce,77.299,2024-12-31,0.10230510230511232,0.10230510230511232,0.010000000000005116,55.596,au-dessus de la mediane regionale,above regional median,stable,stable
KHM,Youth unemployment,0.704,2024-12-31,0.14224751066856345,0.14224751066856345,0.32599999999999996,9.408,sous la mediane regionale,below regional median,en degradation,worsening
KIR,Agriculture value added,23.1655122114262,2024-12-31,-14.154419916063334,-14.154419916063334,-3.824519839855899,9.79503060602777,au-dessus de la mediane regionale,above regional median,en degradation,worsening
KIR,CO2 per capita,0.856390966264738,2024-12-31,2.434562056918582,2.434562056918582,-0.010290225785036022,2.96182966114834,sous la mediane regionale,below regional median,stable,stable
KIR,Commodity dependence,0.0166411164417841,2021-12-31,-99.51004504187883,-99.51004504187883,-8.265740887459206,1.446086854730515,sous la mediane regionale,below regional median,en amelioration,improving
KIR,Control of corruption,0.3745658,2024-12-31,12.895936671230936,12.895936671230936,0.024062300000000092,0.38264925,proche de la mediane regionale,near regional median,stable,stable
KIR,Current account,-17.3510233551176,2024-12-31,-889.008877537648,-889.008877537648,-57.3794478889848,2.19482817825998,sous la mediane regionale,below regional median,en degradation,worsening
KIR,Dependency ratio,63.7487979159819,2024-12-31,-0.487127394714226,-0.487127394714226,-0.26332554211540327,53.5253966955507,au-dessus de la mediane regionale,above regional median,en amelioration,improving
KIR,Electricity access,97.7,2024-12-31,1.8769551616266915,1.8769551616266915,8.400000000000006,100.0,proche de la mediane regionale,near regional median,en amelioration,improving
KIR,FDI net inflows,2.35252841903892,2024-12-31,34.25608119362025,34.25608119362025,2.609929191634326,2.35252841903892,proche de la mediane regionale,near regional median,en amelioration,improving
KIR,Fiscal balance,-16.645,2026-12-31,-15.791304347826085,-15.791304347826085,-5.888999999999999,-1.435,sous la mediane regionale,below regional median,en degradation,worsening
KIR,GDP growth,4.69613259668509,2024-12-31,49.849321948769884,49.849321948769884,1.3848743185394001,3.6482536159531502,au-dessus de la mediane regionale,above regional median,en amelioration,improving
KIR,GDP per capita,2550.98377226188,2024-12-31,15.91749477048803,15.91749477048803,800.7433689295099,7488.460293591284,sous la mediane regionale,below regional median,en amelioration,improving
KIR,Gen gov debt,7.745,2026-12-31,-2.5908690730725636,-2.5908690730725636,-9.584,43.4465,sous la mediane regionale,below regional median,en amelioration,improving
KIR,Gini,24.7,2023-12-31,-11.151079136690651,-11.151079136690651,-12.3,34.25,sous la mediane regionale,below regional median,en amelioration,improving
KIR,Inflation,2.45545072159028,2024-12-31,-73.54916282049415,-73.54916282049415,4.2685306746197496,2.18151273615189,au-dessus de la mediane regionale,above regional median,en degradation,worsening
KIR,Political stability,1.2381638,2024-12-31,-0.41534497858529557,-0.41534497858529557,0.13891370000000003,0.87674265,au-dessus de la mediane regionale,above regional median,en amelioration,improving
KIR,Regulatory quality,-0.5014363,2024-12-31,16.39254443554631,16.39254443554631,0.0035023000000000692,-0.07101989999999994,sous la mediane regionale,below regional median,stable,stable
KIR,Rule of law,0.78601,2024-12-31,6.991084189750232,6.991084189750232,0.20248860000000002,0.6409370999999999,au-dessus de la mediane regionale,above regional median,en amelioration,improving
KIR,Tax revenue,17.531915667426,2023-12-31,-13.067507510156478,-13.067507510156478,-0.3549754475900002,16.67863628412195,proche de la mediane regionale,near regional median,en degradation,worsening
KNA,Agriculture value added,1.28792753551453,2024-12-31,-7.788788310081926,-7.788788310081926,0.38829160223000614,3.86944846371998,sous la mediane regionale,below regional median,en amelioration,improving
KNA,CO2 per capita,3.96003671839976,2024-12-31,3.2701599994065877,3.2701599994065877,0.32653867784770974,4.11421182432227,proche de la mediane regionale,near regional median,en amelioration,improving
KNA,Commodity dependence,0.0268583062948506,2017-12-31,6916.812280561387,6916.812280561387,0.017938756738592,3.00864273328603,sous la mediane regionale,below regional median,stable,stable
KNA,Control of corruption,0.3480989,2024-12-31,-1.1025916828181674,-1.1025916828181674,0.0238969,-0.2654917,au-dessus de la mediane regionale,above regional median,stable,stable
KNA,Current account,-12.189028494118,2024-12-31,9.327899030115018,9.327899030115018,-7.40391213652358,-1.66760721722233,sous la mediane regionale,below regional median,en degradation,worsening
KNA,Dependency ratio,41.6706992499395,2024-12-31,1.8637557208098683,1.8637557208098683,2.2521049570987017,48.981079443401555,sous la mediane regionale,below regional median,en degradation,worsening
KNA,Domestic credit,64.3325248725437,2024-12-31,4.253813674236595,4.253813674236595,15.815235882469402,45.1288088227477,au-dessus de la mediane regionale,above regional median,en amelioration,improving
KNA,Electricity access,100.0,2024-12-31,0.0,0.0,0.0,99.8,proche de la mediane regionale,near regional median,stable,stable
KNA,FDI net inflows,3.74957950139418,2024-12-31,32.679637487984195,32.679637487984195,-1.88826973018769,3.01317166597907,au-dessus de la mediane regionale,above regional median,en degradation,worsening
KNA,Fiscal balance,-7.486,2026-12-31,28.06764677620832,28.06764677620832,-12.989,-0.749,sous la mediane regionale,below regional median,en degradation,worsening
KNA,GDP growth,0.312226855858171,2024-12-31,-89.66572626273826,-89.66572626273826,-2.626019724705389,3.3669492581395,sous la mediane regionale,below regional median,en degradation,worsening
KNA,GDP per capita,23960.6534357084,2024-12-31,6.1289506934982185,6.1289506934982185,365.1611125792988,13969.7836603737,au-dessus de la mediane regionale,above regional median,en amelioration,improving
KNA,Gen gov debt,64.02,2026-12-31,9.608272839337067,9.608272839337067,-8.984000000000009,63.608,proche de la mediane regionale,near regional median,en amelioration,improving
KNA,Gov debt,57.666394367293,2014-12-31,-14.09595376215907,-14.09595376215907,-43.087956183281996,59.3486130705839,proche de la mediane regionale,near regional median,en amelioration,improving
KNA,Inflation,3.55711230848243,2023-12-31,33.316287989189206,33.316287989189206,4.59423444979815,3.42967284899735,proche de la mediane regionale,near regional median,en degradation,worsening
KNA,Interest rate,6.450589,2024-12-31,-3.2573282818773084,-3.2573282818773084,-2.0728340833333307,8.80431027070166,sous la mediane regionale,below regional median,en degradation,worsening
KNA,Political stability,0.9121334,2024-12-31,-0.6589746717433561,-0.6589746717433561,0.2474552,0.3600136,au-dessus de la mediane regionale,above regional median,en amelioration,improving
KNA,Regulatory quality,0.4799757,2024-12-31,-3.2028764721470324,-3.2028764721470324,0.0019497000000001097,-0.0738011,au-dessus de la mediane regionale,above regional median,stable,stable
KNA,Reserves,4.64962050528788,2024-12-31,1.7980475426234235,1.7980475426234235,-2.022944641949411,4.20470125653228,au-dessus de la mediane regionale,above regional median,en degradation,worsening
KNA,Rule of law,0.5904494,2024-12-31,4.82266408726965,4.82266408726965,-0.04277659999999994,-0.2513801,au-dessus de la mediane regionale,above regional median,stable,stable
KNA,Tax revenue,15.0423826463699,2020-12-31,-13.612474007372825,-13.612474007372825,-4.5927498744272,15.9189020036855,proche de la mediane regionale,near regional median,en degradation,worsening
KOR,Agriculture value added,1.45825105459538,2024-12-31,0.7261213667493289,0.7261213667493289,-0.04864328496050008,9.79503060602777,sous la mediane regionale,below regional median,stable,stable
KOR,CO2 per capita,12.9126869176509,2024-12-31,-0.35303531086067597,-0.35303531086067597,-1.1715805796854006,2.96182966114834,au-dessus de la mediane regionale,above regional median,en degradation,worsening
KOR,Commodity dependence,7.70232630112563,2024-12-31,-9.952429285753555,-9.952429285753555,-0.07729012391846979,1.446086854730515,au-dessus de la mediane regionale,above regional median,en amelioration,improving
KOR,Control of corruption,0.8495585999999999,2024-12-31,-3.333627655211937,-3.333627655211937,0.23624099999999992,0.38264925,au-dessus de la mediane regionale,above regional median,en amelioration,improving
KOR,Current account,5.33081628105267,2024-12-31,202.3127695604582,202.3127695604582,1.9227899670641397,2.19482817825998,au-dessus de la mediane regionale,above regional median,en amelioration,improving
KOR,Dependency ratio,42.5346866514455,2024-12-31,2.6059574058164308,2.6059574058164308,4.653298401505296,53.5253966955507,sous la mediane regionale,below regional median,en degradation,worsening
KOR,Domestic credit,160.347182678236,2024-12-31,-1.9377039331848829,-1.9377039331848829,17.694704231148023,92.64512899225335,au-dessus de la mediane regionale,above regional median,en amelioration,improving
KOR,Electricity access,100.0,2024-12-31,0.0,0.0,0.0,100.0,proche de la mediane regionale,near regional median,stable,stable
KOR,FDI net inflows,0.685857996519477,2024-12-31,-33.554692823921386,-33.554692823921386,0.135655353973136,2.35252841903892,sous la mediane regionale,below regional median,en amelioration,improving
KOR,Fiscal balance,-1.435,2026-12-31,3.5618279569892426,3.5618279569892426,-1.4160000000000001,-1.435,au-dessus de la mediane regionale,above regional median,en degradation,worsening
KOR,GDP growth,2.00361101838986,2024-12-31,26.56932694636083,26.56932694636083,-0.3101910875648901,3.6482536159531502,sous la mediane regionale,below regional median,en degradation,worsening
KOR,GDP per capita,36238.639908315,2024-12-31,1.5825037661840853,1.5825037661840853,2411.6955781553042,7488.460293591284,au-dessus de la mediane regionale,above regional median,en amelioration,improving
KOR,Gen gov debt,54.441,2026-12-31,4.187319388360482,4.187319388360482,6.453000000000003,43.4465,au-dessus de la mediane regionale,above regional median,en degradation,worsening
KOR,Gini,32.9,2021-12-31,0.6116207951070205,0.6116207951070205,-2.3000000000000043,34.25,proche de la mediane regionale,near regional median,en amelioration,improving
KOR,Gov debt,47.8141426119509,2024-12-31,-1.5245532098091552,-1.5245532098091552,10.1186592021771,50.3420177209934,proche de la mediane regionale,near regional median,en degradation,worsening
KOR,Inflation,2.32174328643542,2024-12-31,-35.46152823267291,-35.46152823267291,1.938742982827284,2.18151273615189,proche de la mediane regionale,near regional median,en degradation,worsening
KOR,Interest rate,4.72666666666667,2024-12-31,-8.912799100690526,-8.912799100690526,1.28083333333334,6.01747975323522,sous la mediane regionale,below regional median,en amelioration,improving
KOR,Political stability,0.6393495,2024-12-31,-31.412631628633463,-31.412631628633463,-0.2151325999999999,0.87674265,sous la mediane regionale,below regional median,en degradation,worsening
KOR,Regulatory quality,1.013674,2024-12-31,1.402343247483082,1.402343247483082,0.10165849999999998,-0.07101989999999994,au-dessus de la mediane regionale,above regional median,en amelioration,improving
KOR,Reserves,6.19834331246318,2024-12-31,-1.8895861737404214,-1.8895861737404214,-1.5145490817276794,5.704288535730781,proche de la mediane regionale,near regional median,en degradation,worsening
KOR,Rule of law,1.1174546,2024-12-31,-5.656795110062675,-5.656795110062675,0.00691850000000005,0.6409370999999999,au-dessus de la mediane regionale,above regional median,stable,stable
KOR,Tax revenue,13.2937188380388,2024-12-31,-8.941516738466387,-8.941516738466387,-1.0410937754193004,16.67863628412195,sous la mediane regionale,below regional median,en degradation,worsening
KOR,Unemployment,2.784,2024-12-31,4.074766355140187,4.074766355140187,-0.9620000000000002,2.988,proche de la mediane regionale,near regional median,en amelioration,improving
KOR,Women in workforce,56.826,2024-12-31,1.40618865769657,1.40618865769657,3.054000000000002,55.596,proche de la mediane regionale,near regional median,en amelioration,improving
KOR,Youth unemployment,6.434,2024-12-31,19.037927844588342,19.037927844588342,-3.393,9.408,sous la mediane regionale,below regional median,en amelioration,improving
KWT,Agriculture value added,0.490910108743826,2024-12-31,4.780239589903894,4.780239589903894,0.12047597036353502,3.39457505861722,sous la mediane regionale,below regional median,en amelioration,improving
KWT,CO2 per capita,35.3933819768307,2024-12-31,2.317768337995854,2.317768337995854,1.8938515517101067,4.671020451612931,au-dessus de la mediane regionale,above regional median,en amelioration,improving
KWT,Commodity dependence,90.7321487415169,2024-12-31,-5.00886343131617,-5.00886343131617,-3.635595754528609,10.0847170807725,au-dessus de la mediane regionale,above regional median,en amelioration,improving
KWT,Control of corruption,0.2183455,2024-12-31,31.52661970524418,31.52661970524418,0.35294539999999996,-0.5708422,au-dessus de la mediane regionale,above regional median,en amelioration,improving
KWT,Current account,29.025293802042,2024-12-31,-6.557173245614814,-6.557173245614814,7.546067238158301,0.124893414067427,au-dessus de la mediane regionale,above regional median,en amelioration,improving
KWT,Dependency ratio,27.1029912369309,2024-12-31,-1.3677479822594314,-1.3677479822594314,-5.139257423921297,51.2977156907185,sous la mediane regionale,below regional median,en amelioration,improving
KWT,Domestic credit,91.9570581282983,2019-12-31,1.4664184917882765,1.4664184917882765,24.316342390516894,58.6252720787942,au-dessus de la mediane regionale,above regional median,en amelioration,improving
KWT,Electricity access,100.0,2024-12-31,0.0,0.0,0.0,100.0,proche de la mediane regionale,near regional median,stable,stable
KWT,FDI net inflows,0.381956730773215,2024-12-31,-70.11279898340604,-70.11279898340604,0.015897688940231025,1.47747574805229,sous la mediane regionale,below regional median,stable,stable
KWT,Fiscal balance,27.58,2026-12-31,1325.7777777777778,1325.7777777777778,17.590999999999998,-2.4939999999999998,au-dessus de la mediane regionale,above regional median,en amelioration,improving
KWT,GDP growth,-1.47401818168846,2024-12-31,10.168935047697548,10.168935047697548,-3.7378352476463705,2.3991692678251,sous la mediane regionale,below regional median,en degradation,worsening
KWT,GDP per capita,32855.7209688827,2024-12-31,-3.6262218308366143,-3.6262218308366143,1147.8472245275989,5190.16959024821,au-dessus de la mediane regionale,above regional median,en amelioration,improving
KWT,Gen gov debt,22.296,2026-12-31,52.82747275344437,52.82747275344437,15.099,53.242000000000004,sous la mediane regionale,below regional median,en degradation,worsening
KWT,Inflation,2.89855072463762,2024-12-31,-20.416798899822535,-20.416798899822535,1.80670269807906,2.6116961151764,au-dessus de la mediane regionale,above regional median,en degradation,worsening
KWT,Interest rate,5.17131666666667,2024-12-31,4.9418688222411955,4.9418688222411955,0.3602166666666706,8.0,sous la mediane regionale,below regional median,en amelioration,improving
KWT,Political stability,0.2939367,2024-12-31,1.1138332872375174,1.1138332872375174,0.04785300000000001,-0.9248175,au-dessus de la mediane regionale,above regional median,stable,stable
KWT,Regulatory quality,0.4035132999999999,2024-12-31,25.1233129452623,25.1233129452623,0.2975537999999999,-0.4676244,au-dessus de la mediane regionale,above regional median,en amelioration,improving
KWT,Reserves,8.95073906369193,2024-12-31,-2.345566070459141,-2.345566070459141,0.7563710215626909,5.978693032108115,au-dessus de la mediane regionale,above regional median,en amelioration,improving
KWT,Rule of law,0.2308269,2024-12-31,20.81528250366251,20.81528250366251,0.1646023,-0.6967772,au-dessus de la mediane regionale,above regional median,en amelioration,improving
KWT,Unemployment,2.151,2024-12-31,3.4134615384615254,3.4134615384615254,-0.06200000000000028,9.103,sous la mediane regionale,below regional median,en amelioration,improving
KWT,Women in workforce,47.336,2024-12-31,-1.7497249839141606,-1.7497249839141606,-1.9840000000000018,22.234,au-dessus de la mediane regionale,above regional median,en degradation,worsening
KWT,Youth unemployment,15.145,2024-12-31,0.35782916970379874,0.35782916970379874,-0.07800000000000118,21.307,sous la mediane regionale,below regional median,en amelioration,improving
LAO,Agriculture value added,16.771883812878,2024-12-31,3.9210902108574115,3.9210902108574115,0.7215447558438974,9.79503060602777,au-dessus de la mediane regionale,above regional median,en amelioration,improving
LAO,CO2 per capita,5.34756343744944,2024-12-31,-0.4472901909351491,-0.4472901909351491,0.7930238060007202,2.96182966114834,au-dessus de la mediane regionale,above regional median,en amelioration,improving
LAO,Commodity dependence,1.82681289929622,2023-12-31,-92.67835905104133,-92.67835905104133,-22.425164045595878,1.446086854730515,au-dessus de la mediane regionale,above regional median,en amelioration,improving
LAO,Control of corruption,-0.9798961,2024-12-31,-1.581669903975456,-1.581669903975456,0.1251181,0.38264925,sous la mediane regionale,below regional median,en amelioration,improving
LAO,Current account,3.21986797869176,2024-12-31,26.106337451548207,26.106337451548207,10.26111141433732,2.19482817825998,au-dessus de la mediane regionale,above regional median,en amelioration,improving
LAO,Debt service,19.0423898045972,2024-12-31,48.705012830171505,48.705012830171505,3.9573769625108,9.284516256809514,au-dessus de la mediane regionale,above regional median,en degradation,worsening
LAO,Dependency ratio,53.5253966955507,2024-12-31,-1.0015951404596435,-1.0015951404596435,-2.964965518455706,53.5253966955507,proche de la mediane regionale,near regional median,en amelioration,improving
LAO,Domestic credit,20.9192615607493,2010-12-31,21.328625419676914,21.328625419676914,13.564478416632202,92.64512899225335,sous la mediane regionale,below regional median,en amelioration,improving
LAO,Electricity access,96.5,2024-12-31,0.0,0.0,-1.9000000000000057,100.0,proche de la mediane regionale,near regional median,en degradation,worsening
LAO,External debt,115.404417712173,2024-12-31,-6.139417534508414,-6.139417534508414,7.573910504504994,36.46641372051265,au-dessus de la mediane regionale,above regional median,en degradation,worsening
LAO,FDI net inflows,5.98958863567394,2024-12-31,-46.72399358971337,-46.72399358971337,1.9580972433632295,2.35252841903892,au-dessus de la mediane regionale,above regional median,en amelioration,improving
LAO,Fiscal balance,0.359,2026-12-31,-93.12523937188817,-93.12523937188817,1.028,-1.435,au-dessus de la mediane regionale,above regional median,en amelioration,improving
LAO,GDP growth,4.13019264438475,2024-12-31,10.2654551089155,10.2654551089155,-1.3275424481000497,3.6482536159531502,au-dessus de la mediane regionale,above regional median,en degradation,worsening
LAO,GDP per capita,2123.97909415109,2024-12-31,2.759104088694359,2.759104088694359,-465.3417162012797,7488.460293591284,sous la mediane regionale,below regional median,en degradation,worsening
LAO,Gen gov debt,74.617,2026-12-31,-7.441450828619622,-7.441450828619622,-17.58999999999999,43.4465,au-dessus de la mediane regionale,above regional median,en amelioration,improving
LAO,Gini,34.7,2024-12-31,-10.567010309278336,-10.567010309278336,-4.099999999999994,34.25,proche de la mediane regionale,near regional median,en amelioration,improving
LAO,Inflation,23.1305695942588,2024-12-31,-25.935093759346216,-25.935093759346216,19.808010781689553,2.18151273615189,au-dessus de la mediane regionale,above regional median,en degradation,worsening
LAO,Interest rate,22.6125,2010-12-31,-8.728557013118055,-8.728557013118055,-4.2208333333332995,6.01747975323522,au-dessus de la mediane regionale,above regional median,en degradation,worsening
LAO,Political stability,0.5576599,2024-12-31,-24.416541024018752,-24.416541024018752,0.1994591,0.87674265,sous la mediane regionale,below regional median,en amelioration,improving
LAO,Regulatory quality,-0.6360281999999999,2024-12-31,17.39982543045316,17.39982543045316,0.0846346,-0.07101989999999994,sous la mediane regionale,below regional median,en amelioration,improving
LAO,Reserves,2.39405886523859,2024-12-31,10.4009934702773,10.4009934702773,0.8612305600635999,5.704288535730781,sous la mediane regionale,below regional median,en amelioration,improving
LAO,Rule of law,-0.7424166999999999,2024-12-31,12.110173764364207,12.110173764364207,0.2018289000000001,0.6409370999999999,sous la mediane regionale,below regional median,en amelioration,improving
LAO,Tax revenue,12.1129327825423,2022-12-31,16.571143571599247,16.571143571599247,-0.1263877102025006,16.67863628412195,sous la mediane regionale,below regional median,en degradation,worsening
LAO,Unemployment,1.174,2024-12-31,-1.011804384485667,-1.011804384485667,-1.3570000000000002,2.988,sous la mediane regionale,below regional median,en amelioration,improving
LAO,Women in workforce,61.466,2024-12-31,0.09608025143714008,0.09608025143714008,3.341000000000001,55.596,au-dessus de la mediane regionale,above regional median,en amelioration,improving
LAO,Youth unemployment,2.178,2024-12-31,0.09191176470587223,0.09191176470587223,-2.2940000000000005,9.408,sous la mediane regionale,below regional median,en amelioration,improving
LBN,Agriculture value added,1.04505447197468,2024-12-31,8.132719550144314,8.132719550144314,-2.12404537952777,3.39457505861722,sous la mediane regionale,below regional median,en degradation,worsening
LBN,CO2 per capita,3.23569117400355,2024-12-31,1.7496750722835994,1.7496750722835994,-2.55646613675886,4.671020451612931,sous la mediane regionale,below regional median,en degradation,worsening
LBN,Commodity dependence,7.70940000965568,2024-12-31,-21.988361489097286,-21.988361489097286,6.25530457271417,10.0847170807725,sous la mediane regionale,below regional median,en degradation,worsening
LBN,Control of corruption,-1.3041344,2024-12-31,-3.8810798918505425,-3.8810798918505425,-0.07545479999999993,-0.5708422,sous la mediane regionale,below regional median,en degradation,worsening
LBN,Current account,-28.103669636709,2023-12-31,18.7901369662038,18.7901369662038,-3.7566278490334994,0.124893414067427,sous la mediane regionale,below regional median,en degradation,worsening
LBN,Debt service,21.04734596175,2024-12-31,-38.99552694539529,-38.99552694539529,-59.239773488383804,12.9254798325863,au-dessus de la mediane regionale,above regional median,en amelioration,improving
LBN,Dependency ratio,57.0475892933219,2024-12-31,-0.9250502468173663,-0.9250502468173663,-0.9003504800131026,51.2977156907185,au-dessus de la mediane regionale,above regional median,en amelioration,improving
LBN,Domestic credit,106.567725062094,2017-12-31,2.4696086367959555,2.4696086367959555,16.612394789624403,58.6252720787942,au-dessus de la mediane regionale,above regional median,en amelioration,improving
LBN,Electricity access,100.0,2024-12-31,0.0,0.0,0.0,100.0,proche de la mediane regionale,near regional median,stable,stable
LBN,External debt,331.649550570327,2023-12-31,-0.3647508052843506,-0.3647508052843506,183.53002714817,35.6282760521045,au-dessus de la mediane regionale,above regional median,en degradation,worsening
LBN,FDI net inflows,7.09437049742925,2024-12-31,117.32842188292042,117.32842188292042,3.4002380474258302,1.47747574805229,au-dessus de la mediane regionale,above regional median,en amelioration,improving
LBN,Fiscal balance,3.908,2025-12-31,891.8781725888325,891.8781725888325,8.515,-2.4939999999999998,au-dessus de la mediane regionale,above regional median,en amelioration,improving
LBN,GDP growth,-7.07989192861814,2024-12-31,-830.8488676113693,-830.8488676113693,-0.16496720010787946,2.3991692678251,sous la mediane regionale,below regional median,en degradation,worsening
LBN,GDP per capita,4473.27134441128,2024-12-31,28.626371408353158,28.626371408353158,-4432.60871056309,5190.16959024821,sous la mediane regionale,below regional median,en degradation,worsening
LBN,Gen gov debt,139.398,2025-12-31,-11.69069761548793,-11.69069761548793,-17.805000000000007,53.242000000000004,au-dessus de la mediane regionale,above regional median,en amelioration,improving
LBN,Gini,35.5,2022-12-31,11.63522012578616,11.63522012578616,3.6999999999999993,33.7,proche de la mediane regionale,near regional median,en degradation,worsening
LBN,Inflation,45.2430422716718,2024-12-31,-79.55963394448452,-79.55963394448452,42.23765277776797,2.6116961151764,au-dessus de la mediane regionale,above regional median,en degradation,worsening
LBN,Interest rate,10.5133333333333,2019-12-31,15.594649074582728,15.594649074582728,3.2391666666666303,8.0,au-dessus de la mediane regionale,above regional median,en amelioration,improving
LBN,Political stability,-1.3896806,2024-12-31,-8.874163385915445,-8.874163385915445,-0.0497919,-0.9248175,sous la mediane regionale,below regional median,stable,stable
LBN,Regulatory quality,-0.9588794,2024-12-31,-5.075649737387429,-5.075649737387429,-0.39771120000000004,-0.4676244,sous la mediane regionale,below regional median,en degradation,worsening
LBN,Reserves,13.6032284132075,2023-12-31,-8.721001718587345,-8.721001718587345,-3.518980484255401,5.978693032108115,au-dessus de la mediane regionale,above regional median,en degradation,worsening
LBN,Rule of law,-1.0853525,2024-12-31,-1.7672686800665143,-1.7672686800665143,-0.22490769999999993,-0.6967772,sous la mediane regionale,below regional median,en degradation,worsening
LBN,Tax revenue,11.1389424540703,2024-12-31,95.94271006992516,95.94271006992516,-4.266448072690901,11.1389424540703,proche de la mediane regionale,near regional median,en degradation,worsening
LBN,Unemployment,10.985,2023-12-31,-1.0805943268797928,-1.0805943268797928,0.22999999999999865,9.103,au-dessus de la mediane regionale,above regional median,en degradation,worsening
LBN,Women in workforce,22.234,2023-12-31,-0.4700299923899766,-0.4700299923899766,-6.235999999999997,22.234,proche de la mediane regionale,near regional median,en degradation,worsening
LBN,Youth unemployment,22.744,2023-12-31,-0.6812227074235756,-0.6812227074235756,0.07600000000000051,21.307,proche de la mediane regionale,near regional median,en degradation,worsening
LBR,Agriculture value added,33.8327264558714,2024-12-31,-2.118547009328578,-2.118547009328578,-2.604424866586001,20.7932870939229,au-dessus de la mediane regionale,above regional median,en degradation,worsening
LBR,CO2 per capita,0.794592091635983,2024-12-31,-1.085097409434415,-1.085097409434415,-0.06463465782141198,1.52210243022339,sous la mediane regionale,below regional median,en degradation,worsening
LBR,Commodity dependence,1.8414552089698,2023-12-31,-62.300283662137126,-62.300283662137126,1.8180516621815577,1.604781106301575,au-dessus de la mediane regionale,above regional median,en degradation,worsening
LBR,Control of corruption,-1.0473848,2024-12-31,-3.4832284390345034,-3.4832284390345034,-0.05628539999999993,-0.7934948,sous la mediane regionale,below regional median,en degradation,worsening
LBR,Current account,2.50632277204121,2024-12-31,121.78117670745353,121.78117670745353,22.189539445541808,-4.05918464223764,au-dessus de la mediane regionale,above regional median,en amelioration,improving
LBR,Debt service,9.14927792628863,2024-12-31,-5.135420063285674,-5.135420063285674,2.62402111765483,11.8141665228846,sous la mediane regionale,below regional median,en degradation,worsening
LBR,Dependency ratio,74.930982144805,2024-12-31,-1.777577637310954,-1.777577637310954,-6.647077519343398,76.3947216046137,proche de la mediane regionale,near regional median,en amelioration,improving
LBR,Domestic credit,14.787430409394,2022-12-31,14.633952615072221,14.633952615072221,-1.964923385569099,15.8986695709198,proche de la mediane regionale,near regional median,en degradation,worsening
LBR,Electricity access,34.9,2024-12-31,7.38461538461538,7.38461538461538,11.799999999999997,57.8,sous la mediane regionale,below regional median,en amelioration,improving
LBR,External debt,50.457044003161,2024-12-31,-1.3456340495573766,-1.3456340495573766,7.757099791840005,43.99766261125275,au-dessus de la mediane regionale,above regional median,en degradation,worsening
LBR,FDI net inflows,9.86626133953545,2024-12-31,38.698282885943875,38.698282885943875,7.255049390743601,2.351663747275275,au-dessus de la mediane regionale,above regional median,en amelioration,improving
LBR,Fiscal balance,-1.628,2026-12-31,-735.9374999999999,-735.9374999999999,0.0050000000000001155,-2.4305,au-dessus de la mediane regionale,above regional median,stable,stable
LBR,GDP growth,4.02185464964835,2024-12-31,-14.131865804462631,-14.131865804462631,6.4891522849752095,4.366019176358015,proche de la mediane regionale,near regional median,en amelioration,improving
LBR,GDP per capita,851.497723870206,2024-12-31,6.544496438461976,6.544496438461976,193.333543099699,1189.858061476885,sous la mediane regionale,below regional median,en amelioration,improving
LBR,Gen gov debt,53.801,2026-12-31,-1.9786105999599148,-1.9786105999599148,0.2540000000000049,53.801,proche de la mediane regionale,near regional median,en degradation,worsening
LBR,Gini,35.3,2016-12-31,6.32530120481926,6.32530120481926,-1.1000000000000014,38.5,proche de la mediane regionale,near regional median,en amelioration,improving
LBR,Inflation,8.21497439118964,2024-12-31,-18.618929325631093,-18.618929325631093,-18.751301628598156,4.214928221107796,au-dessus de la mediane regionale,above regional median,en amelioration,improving
LBR,Interest rate,13.2501851851852,2017-12-31,-2.5004769302045564,-2.5004769302045564,-0.26814814814810006,11.7409744802492,au-dessus de la mediane regionale,above regional median,en degradation,worsening
LBR,Political stability,-0.228549,2024-12-31,-31.313775510204163,-31.313775510204163,0.02864479999999997,-0.5953656,au-dessus de la mediane regionale,above regional median,stable,stable
LBR,Regulatory quality,-0.8418216,2024-12-31,6.985858964877957,6.985858964877957,0.09334310000000001,-0.7386300499999999,sous la mediane regionale,below regional median,en amelioration,improving
LBR,Reserves,2.01571374383086,2024-12-31,-2.041797513770898,-2.041797513770898,-0.5822004843387201,3.5612582316005197,sous la mediane regionale,below regional median,en degradation,worsening
LBR,Rule of law,-0.868004,2024-12-31,3.527852369841832,3.527852369841832,0.0026615999999999307,-0.8753552499999999,au-dessus de la mediane regionale,above regional median,stable,stable
LBR,Unemployment,2.914,2024-12-31,0.30981067125646616,0.30981067125646616,-0.15700000000000003,5.487,sous la mediane regionale,below regional median,en amelioration,improving
LBR,Women in workforce,72.021,2024-12-31,0.076424978462061,0.076424978462061,-0.0589999999999975,57.104,au-dessus de la mediane regionale,above regional median,en degradation,worsening
LBR,Youth unemployment,2.218,2024-12-31,0.1354401805869126,0.1354401805869126,-0.08400000000000007,8.814,sous la mediane regionale,below regional median,en amelioration,improving
LBY,Agriculture value added,2.39197609901835,2024-12-31,35.19504291216257,35.19504291216257,0.3499599066931802,3.39457505861722,sous la mediane regionale,below regional median,en amelioration,improving
LBY,CO2 per capita,13.3004462931493,2024-12-31,-0.7994507843028938,-0.7994507843028938,0.11711080905650029,4.671020451612931,au-dessus de la mediane regionale,above regional median,en amelioration,improving
LBY,Commodity dependence,94.4050188673453,2019-12-31,-1.0395830531566819,-1.0395830531566819,-3.3131471801302013,10.0847170807725,au-dessus de la mediane regionale,above regional median,en amelioration,improving
LBY,Control of corruption,-1.5315957,2024-12-31,0.7178207280069693,0.7178207280069693,0.014943799999999952,-0.5708422,sous la mediane regionale,below regional median,stable,stable
LBY,Current account,4.23506448409627,2023-12-31,-80.93648017179743,-80.93648017179743,-10.46904789921993,0.124893414067427,au-dessus de la mediane regionale,above regional median,en degradation,worsening
LBY,Dependency ratio,47.9982306839978,2024-12-31,-1.8373313986638466,-1.8373313986638466,-4.6922591885257035,51.2977156907185,proche de la mediane regionale,near regional median,en amelioration,improving
LBY,Domestic credit,13.041851907924,2024-12-31,6.742870010182229,6.742870010182229,-1.5871012728692993,58.6252720787942,sous la mediane regionale,below regional median,en degradation,worsening
LBY,Electricity access,77.4,2024-12-31,5.73770491803279,5.73770491803279,8.900000000000006,100.0,sous la mediane regionale,below regional median,en amelioration,improving
LBY,FDI net inflows,1.80500147243983,2023-12-31,11.196056163120943,11.196056163120943,0.873362870595187,1.47747574805229,au-dessus de la mediane regionale,above regional median,en amelioration,improving
LBY,Fiscal balance,-20.908,2026-12-31,32.687292746531014,32.687292746531014,-35.736000000000004,-2.4939999999999998,sous la mediane regionale,below regional median,en degradation,worsening
LBY,GDP growth,1.89995052025442,2024-12-31,-81.37312503119773,-81.37312503119773,13.096033405593019,2.3991692678251,sous la mediane regionale,below regional median,en amelioration,improving
LBY,GDP per capita,6569.16408678648,2024-12-31,9.004356296338413,9.004356296338413,-3394.0308040583504,5190.16959024821,au-dessus de la mediane regionale,above regional median,en degradation,worsening
LBY,Inflation,2.12615766885021,2024-12-31,-10.40873988566072,-10.40873988566072,4.2883365035561205,2.6116961151764,sous la mediane regionale,below regional median,en degradation,worsening
LBY,Interest rate,6.0,2014-12-31,0.0,0.0,0.0,8.0,sous la mediane regionale,below regional median,stable,stable
LBY,Political stability,-1.8964767,2024-12-31,7.120840968062982,7.120840968062982,0.3624830000000001,-0.9248175,sous la mediane regionale,below regional median,en amelioration,improving
LBY,Regulatory quality,-1.7391073,2024-12-31,4.5382692840559535,4.5382692840559535,0.3025743000000001,-0.4676244,sous la mediane regionale,below regional median,en amelioration,improving
LBY,Reserves,31.5696640862316,2023-12-31,-10.179506956971881,-10.179506956971881,-19.053858275311303,5.978693032108115,au-dessus de la mediane regionale,above regional median,en degradation,worsening
LBY,Rule of law,-1.6980126,2024-12-31,-1.7704632781269731,-1.7704632781269731,-0.07663400000000009,-0.6967772,sous la mediane regionale,below regional median,en degradation,worsening
LBY,Unemployment,19.085,2024-12-31,1.9879228343932016,1.9879228343932016,-0.0019999999999988916,9.103,au-dessus de la mediane regionale,above regional median,stable,stable
LBY,Women in workforce,33.28,2024-12-31,-0.5528163753175027,-0.5528163753175027,-0.713000000000001,22.234,au-dessus de la mediane regionale,above regional median,en degradation,worsening
LBY,Youth unemployment,50.586,2024-12-31,1.4479383924274052,1.4479383924274052,0.016999999999995907,21.307,au-dessus de la mediane regionale,above regional median,stable,stable
LCA,Agriculture value added,1.45012013250117,2024-12-31,15.578256848466484,15.578256848466484,-0.28648321311834013,3.86944846371998,sous la mediane regionale,below regional median,en degradation,worsening
LCA,CO2 per capita,2.60648477835143,2024-12-31,2.884989759299152,2.884989759299152,0.15012125456174008,4.11421182432227,sous la mediane regionale,below regional median,en amelioration,improving
LCA,Commodity dependence,3.40129879745195,2020-12-31,-3.04791888360206,-3.04791888360206,3.067695863173447,3.00864273328603,au-dessus de la mediane regionale,above regional median,en degradation,worsening
LCA,Control of corruption,0.4492828,2024-12-31,19.111926017872,19.111926017872,-0.025282299999999924,-0.2654917,au-dessus de la mediane regionale,above regional median,stable,stable
LCA,Current account,-1.53670013790358,2024-12-31,27.52294411036857,27.52294411036857,-4.8707499146260105,-1.66760721722233,au-dessus de la mediane regionale,above regional median,en degradation,worsening
LCA,Debt service,4.74628702405992,2024-12-31,1.7772537958739147,1.7772537958739147,0.6589342736805097,19.75493011522935,sous la mediane regionale,below regional median,en degradation,worsening
LCA,Dependency ratio,37.2759418651718,2024-12-31,-0.07301761508818234,-0.07301761508818234,-0.8540243914951944,48.981079443401555,sous la mediane regionale,below regional median,en amelioration,improving
LCA,Domestic credit,49.6239781628968,2024-12-31,-1.5169406220166504,-1.5169406220166504,-4.472119795708203,45.1288088227477,proche de la mediane regionale,near regional median,en degradation,worsening
LCA,Electricity access,100.0,2024-12-31,0.0,0.0,0.0,99.8,proche de la mediane regionale,near regional median,stable,stable
LCA,External debt,51.3109697332727,2024-12-31,5.3870638530829265,5.3870638530829265,18.8821503042114,47.6233832283027,proche de la mediane regionale,near regional median,en degradation,worsening
LCA,FDI net inflows,7.16313123587196,2024-12-31,-13.88894840001175,-13.88894840001175,3.5503407269408602,3.01317166597907,au-dessus de la mediane regionale,above regional median,en amelioration,improving
LCA,Fiscal balance,0.414,2026-12-31,21.764705882352924,21.764705882352924,2.576,-0.749,au-dessus de la mediane regionale,above regional median,en amelioration,improving
LCA,GDP growth,4.76890217855616,2024-12-31,22.03709509541005,22.03709509541005,5.79827007334786,3.3669492581395,au-dessus de la mediane regionale,above regional median,en amelioration,improving
LCA,GDP per capita,14493.658470648,2024-12-31,6.440786616763361,6.440786616763361,2729.264067407701,13969.7836603737,proche de la mediane regionale,near regional median,en amelioration,improving
LCA,Gen gov debt,77.453,2026-12-31,0.48912761430277857,0.48912761430277857,-4.444999999999993,63.608,au-dessus de la mediane regionale,above regional median,en amelioration,improving
LCA,Gini,43.7,2015-12-31,,,,43.0,proche de la mediane regionale,near regional median,en degradation,worsening
LCA,Gov debt,45.8570272133998,2010-12-31,5.666947132837123,5.666947132837123,-6.178197835523896,59.3486130705839,sous la mediane regionale,below regional median,en amelioration,improving
LCA,Inflation,-0.674240853418779,2024-12-31,-117.6542333934236,-117.6542333934236,-1.2133284126105361,3.42967284899735,sous la mediane regionale,below regional median,en amelioration,improving
LCA,Interest rate,6.28812308333333,2024-12-31,-1.816839552747139,-1.816839552747139,-1.43435675,8.80431027070166,sous la mediane regionale,below regional median,en degradation,worsening
LCA,Political stability,1.0382485,2024-12-31,-0.5793838737756314,-0.5793838737756314,0.1679596,0.3600136,au-dessus de la mediane regionale,above regional median,en amelioration,improving
LCA,Regulatory quality,0.1818488,2024-12-31,-15.250333571482166,-15.250333571482166,-0.16448739999999998,-0.0738011,au-dessus de la mediane regionale,above regional median,en degradation,worsening
LCA,Reserves,2.67775627364292,2024-12-31,-17.958254046477176,-17.958254046477176,0.05736071622310002,4.20470125653228,sous la mediane regionale,below regional median,en amelioration,improving
LCA,Rule of law,0.5032686,2024-12-31,-1.7186157102625388,-1.7186157102625388,-0.1635548,-0.2513801,au-dessus de la mediane regionale,above regional median,en degradation,worsening
LCA,Tax revenue,18.2251165686921,2017-12-31,-4.803970671817431,-4.803970671817431,1.0707282957196007,15.9189020036855,au-dessus de la mediane regionale,above regional median,en amelioration,improving
LCA,Unemployment,10.199,2024-12-31,-15.668926740532493,-15.668926740532493,-5.414,6.448,au-dessus de la mediane regionale,above regional median,en amelioration,improving
LCA,Women in workforce,61.885,2024-12-31,-0.4023497223786916,-0.4023497223786916,-2.4269999999999996,52.394,au-dessus de la mediane regionale,above regional median,en degradation,worsening
LCA,Youth unemployment,21.294,2024-12-31,-29.632199861207493,-29.632199861207493,-14.589000000000002,15.674,au-dessus de la mediane regionale,above regional median,en amelioration,improving
LIE,Agriculture value added,0.159394839929758,2023-12-31,-5.80561934350964,-5.80561934350964,0.020348908933211007,2.6262814922641997,sous la mediane regionale,below regional median,stable,stable
LIE,Control of corruption,1.7550399,2024-12-31,0.07056667675713979,0.07056667675713979,-0.26526819999999973,0.5531621,au-dessus de la mediane regionale,above regional median,en degradation,worsening
LIE,Dependency ratio,53.8198273567327,2024-12-31,2.1328190585368807,2.1328190585368807,4.726457938600099,55.30208239407135,proche de la mediane regionale,near regional median,en degradation,worsening
LIE,Electricity access,100.0,2024-12-31,0.0,0.0,0.0,100.0,proche de la mediane regionale,near regional median,stable,stable
LIE,FDI net inflows,-1303.10826691135,2018-12-31,-316.32858136319936,-316.32858136319936,-1321.177249976219,2.46510904267828,sous la mediane regionale,below regional median,en degradation,worsening
LIE,Fiscal balance,3.007,2026-12-31,7.125044531528328,7.125044531528328,0.5740000000000003,-2.067,au-dessus de la mediane regionale,above regional median,en amelioration,improving
LIE,GDP growth,-1.15748291975636,2009-12-31,-164.37296794256926,-164.37296794256926,-4.19665502282137,2.59946721553708,sous la mediane regionale,below regional median,en degradation,worsening
LIE,GDP per capita,220167.225473557,2024-12-31,6.473835429763709,6.473835429763709,53259.38616854098,29603.7772588256,au-dessus de la mediane regionale,above regional median,en amelioration,improving
LIE,Gen gov debt,0.524,2026-12-31,-0.19047619047619063,-0.19047619047619063,0.07,46.406,sous la mediane regionale,below regional median,en degradation,worsening
LIE,Political stability,1.5823538,2024-12-31,-0.32744122224398114,-0.32744122224398114,-0.060754900000000056,0.3087034999999999,au-dessus de la mediane regionale,above regional median,en degradation,worsening
LIE,Regulatory quality,1.5359737999999998,2024-12-31,0.03411377771987705,0.03411377771987705,-0.12118200000000012,0.6500427999999999,au-dessus de la mediane regionale,above regional median,en degradation,worsening
LIE,Rule of law,1.7275435,2024-12-31,-0.003339891173954867,-0.003339891173954867,0.09562059999999994,0.6192042999999999,au-dessus de la mediane regionale,above regional median,en amelioration,improving
LKA,Agriculture value added,8.37364946905484,2024-12-31,4.109444996614956,4.109444996614956,1.1174027691524397,12.6569295141747,sous la mediane regionale,below regional median,en amelioration,improving
LKA,CO2 per capita,1.69586147107136,2024-12-31,6.2136546351598785,6.2136546351598785,0.03074199210058004,2.35425835082848,sous la mediane regionale,below regional median,stable,stable
LKA,Commodity dependence,3.43981418083681,2024-12-31,6.6445981415679105,6.6445981415679105,0.5800966532284302,0.59937914960686,au-dessus de la mediane regionale,above regional median,en degradation,worsening
LKA,Control of corruption,-0.3847708999999999,2024-12-31,0.5326609990812732,0.5326609990812732,-0.22083619999999993,-0.36036234999999994,au-dessus de la mediane regionale,above regional median,en degradation,worsening
LKA,Current account,1.21048332599166,2024-12-31,-29.277484904592765,-29.277484904592765,3.2817496424637103,-0.7603781635361471,au-dessus de la mediane regionale,above regional median,en amelioration,improving
LKA,Debt service,23.7051670387884,2024-12-31,47.54474755726471,47.54474755726471,-8.0277249413402,14.0787539605461,au-dessus de la mediane regionale,above regional median,en amelioration,improving
LKA,Dependency ratio,51.8239202756772,2024-12-31,0.15245308681602388,0.15245308681602388,0.23998179082130378,49.19395879080635,proche de la mediane regionale,near regional median,en degradation,worsening
LKA,Domestic credit,47.0084929449139,2019-12-31,0.6640175463338351,0.6640175463338351,12.514864063886499,44.3082311889876,proche de la mediane regionale,near regional median,en amelioration,improving
LKA,Electricity access,100.0,2024-12-31,0.0,0.0,0.20000000000000284,99.95,proche de la mediane regionale,near regional median,en amelioration,improving
LKA,External debt,58.8897020425324,2024-12-31,-21.04736885769744,-21.04736885769744,-5.965141464693495,41.08227176547265,au-dessus de la mediane regionale,above regional median,en amelioration,improving
LKA,FDI net inflows,0.764077754153862,2024-12-31,-9.898305699211356,-9.898305699211356,-0.071289706111334,0.5027596284384255,au-dessus de la mediane regionale,above regional median,en degradation,worsening
LKA,Fiscal balance,-5.426,2024-12-31,-958.5443037974683,-958.5443037974683,-3.572,-4.8629999999999995,sous la mediane regionale,below regional median,en degradation,worsening
LKA,GDP growth,4.99241614398109,2024-12-31,346.0615673463467,346.0615673463467,5.212900030805913,4.6078376282413505,proche de la mediane regionale,near regional median,en amelioration,improving
LKA,GDP per capita,4545.36006870612,2024-12-31,19.13146250815589,19.13146250815589,463.41234692477974,3410.73357042214,au-dessus de la mediane regionale,above regional median,en amelioration,improving
LKA,Gen gov debt,100.84,2024-12-31,-8.639559324490833,-8.639559324490833,18.24600000000001,92.101,proche de la mediane regionale,near regional median,en degradation,worsening
LKA,Gini,37.7,2019-12-31,-4.071246819338408,-4.071246819338408,-1.0,29.65,au-dessus de la mediane regionale,above regional median,en amelioration,improving
LKA,Gov debt,73.5126591623625,2015-12-31,7.175305489848351,7.175305489848351,4.259633978256289,51.9103096380514,au-dessus de la mediane regionale,above regional median,en degradation,worsening
LKA,Inflation,-0.42936004906973,2024-12-31,-102.59570477374797,-102.59570477374797,-3.95775363138784,3.72320611944934,sous la mediane regionale,below regional median,en amelioration,improving
LKA,Interest rate,11.2441666666667,2019-12-31,-2.6830147854309225,-2.6830147854309225,3.4066666666667,10.54,proche de la mediane regionale,near regional median,en amelioration,improving
LKA,Political stability,-0.3503023999999999,2024-12-31,47.717074146322545,47.717074146322545,-0.1765043,-0.3824578999999999,au-dessus de la mediane regionale,above regional median,en degradation,worsening
LKA,Regulatory quality,-0.2992134999999999,2024-12-31,21.257906091657787,21.257906091657787,-0.11321149999999991,-0.26728214999999994,sous la mediane regionale,below regional median,en degradation,worsening
LKA,Reserves,2.86493580597895,2024-12-31,20.217853027816915,20.217853027816915,-0.4999849320481,4.844242751776751,sous la mediane regionale,below regional median,en degradation,worsening
LKA,Rule of law,-0.2577461,2024-12-31,18.313282413716607,18.313282413716607,-0.17964550000000007,-0.1484874,sous la mediane regionale,below regional median,en degradation,worsening
LKA,Tax revenue,9.87891768094967,2023-12-31,35.75104166665734,35.75104166665734,-1.2748429657983298,11.081777030623034,sous la mediane regionale,below regional median,en degradation,worsening
LKA,Unemployment,4.239,2024-12-31,-6.382508833922255,-6.382508833922255,-0.43100000000000005,4.2059999999999995,proche de la mediane regionale,near regional median,en amelioration,improving
LKA,Women in workforce,30.998,2024-12-31,4.722972972972972,4.722972972972972,-3.053000000000001,35.561499999999995,sous la mediane regionale,below regional median,en degradation,worsening
LKA,Youth unemployment,19.062,2024-12-31,-6.292399960672489,-6.292399960672489,-1.3629999999999995,16.84,au-dessus de la mediane regionale,above regional median,en amelioration,improving
LSO,Agriculture value added,6.6239113196142,2024-12-31,-0.5635047193843256,-0.5635047193843256,2.1601092313924797,20.7932870939229,sous la mediane regionale,below regional median,en amelioration,improving
LSO,CO2 per capita,1.30699492560824,2024-12-31,-1.6254583300056458,-1.6254583300056458,0.03429933561907994,1.52210243022339,sous la mediane regionale,below regional median,stable,stable
LSO,Commodity dependence,0.0200440072118683,2024-12-31,-17.508844345906766,-17.508844345906766,-0.014290450684406503,1.604781106301575,sous la mediane regionale,below regional median,stable,stable
LSO,Control of corruption,-0.302427,2024-12-31,-0.604337243268113,-0.604337243268113,-0.2742038,-0.7934948,au-dessus de la mediane regionale,above regional median,en degradation,worsening
LSO,Current account,3.73488863491482,2024-12-31,152.48803744106382,152.48803744106382,11.19242303033089,-4.05918464223764,au-dessus de la mediane regionale,above regional median,en amelioration,improving
LSO,Debt service,6.88637904028134,2024-12-31,-22.827017352424978,-22.827017352424978,2.3921146361810894,11.8141665228846,sous la mediane regionale,below regional median,en degradation,worsening
LSO,Dependency ratio,62.2736686010548,2024-12-31,-1.5693288862183334,-1.5693288862183334,-3.9815621384237048,76.3947216046137,sous la mediane regionale,below regional median,en amelioration,improving
LSO,Domestic credit,24.30197856093,2024-12-31,-1.7215992969668896,-1.7215992969668896,2.979510775035198,15.8986695709198,au-dessus de la mediane regionale,above regional median,en amelioration,improving
LSO,Electricity access,60.6,2024-12-31,5.759162303664929,5.759162303664929,16.0,57.8,proche de la mediane regionale,near regional median,en amelioration,improving
LSO,External debt,65.3503315479921,2024-12-31,-5.180973379807601,-5.180973379807601,9.8416949711837,43.99766261125275,au-dessus de la mediane regionale,above regional median,en degradation,worsening
LSO,FDI net inflows,-0.525747492760171,2024-12-31,56.34035401051973,56.34035401051973,-2.020395984894451,2.351663747275275,sous la mediane regionale,below regional median,en degradation,worsening
LSO,Fiscal balance,6.087,2026-12-31,60.691657866948255,60.691657866948255,9.524,-2.4305,au-dessus de la mediane regionale,above regional median,en amelioration,improving
LSO,GDP growth,5.22503380336101,2024-12-31,208.38315594987904,208.38315594987904,6.643027634213061,4.366019176358015,au-dessus de la mediane regionale,above regional median,en amelioration,improving
LSO,GDP per capita,1023.04227681523,2024-12-31,11.027052331266272,11.027052331266272,-59.01479095993,1189.858061476885,sous la mediane regionale,below regional median,en degradation,worsening
LSO,Gen gov debt,49.012,2026-12-31,-0.2706277342557792,-0.2706277342557792,-8.979,53.801,proche de la mediane regionale,near regional median,en amelioration,improving
LSO,Gini,44.9,2017-12-31,-12.304687500000009,-12.304687500000009,-6.300000000000004,38.5,au-dessus de la mediane regionale,above regional median,en amelioration,improving
LSO,Gov debt,2.99271686140967,2020-12-31,-90.69632264623326,-90.69632264623326,-30.145667753975232,45.07729323099015,sous la mediane regionale,below regional median,en amelioration,improving
LSO,Inflation,6.10544624245032,2024-12-31,-3.733255621804848,-3.733255621804848,0.9183626504704998,4.214928221107796,au-dessus de la mediane regionale,above regional median,en degradation,worsening
LSO,Interest rate,11.2083333333333,2024-12-31,1.1278195488721838,1.1278195488721838,-0.12524999999999942,11.7409744802492,proche de la mediane regionale,near regional median,en degradation,worsening
LSO,Political stability,-0.2588663,2024-12-31,-90.7267051411554,-90.7267051411554,0.029113799999999912,-0.5953656,au-dessus de la mediane regionale,above regional median,stable,stable
LSO,Regulatory quality,-0.484852,2024-12-31,14.09564445364187,14.09564445364187,0.06601629999999997,-0.7386300499999999,au-dessus de la mediane regionale,above regional median,en amelioration,improving
LSO,Reserves,5.53505392293475,2024-12-31,17.739953257116753,17.739953257116753,1.6147197044924004,3.5612582316005197,au-dessus de la mediane regionale,above regional median,en amelioration,improving
LSO,Rule of law,-0.4065864999999999,2024-12-31,8.064831595453741,8.064831595453741,-0.0650132,-0.8753552499999999,au-dessus de la mediane regionale,above regional median,en degradation,worsening
LSO,Tax revenue,35.4194711264231,2024-12-31,-11.450985514884628,-11.450985514884628,2.8773001667213975,12.7396805065136,au-dessus de la mediane regionale,above regional median,en amelioration,improving
LSO,Unemployment,16.34,2024-12-31,-0.04893564962074332,-0.04893564962074332,-0.5360000000000014,5.487,au-dessus de la mediane regionale,above regional median,en amelioration,improving
LSO,Women in workforce,48.457,2024-12-31,0.06401519844711272,0.06401519844711272,-0.5009999999999977,57.104,sous la mediane regionale,below regional median,en degradation,worsening
LSO,Youth unemployment,24.743,2024-12-31,0.02021181987225728,0.02021181987225728,-0.5750000000000028,8.814,au-dessus de la mediane regionale,above regional median,en amelioration,improving
LTU,Agriculture value added,2.41608345819694,2024-12-31,-3.2483258502679866,-3.2483258502679866,-0.70796398584022,2.6262814922641997,proche de la mediane regionale,near regional median,en degradation,worsening
LTU,CO2 per capita,7.45624209303952,2024-12-31,-0.761819134851896,-0.761819134851896,-1.3148782805950399,6.87868940323143,proche de la mediane regionale,near regional median,en degradation,worsening
LTU,Commodity dependence,14.0701332953485,2024-12-31,-1.6120525130363514,-1.6120525130363514,0.9352883103541991,5.79530570621524,au-dessus de la mediane regionale,above regional median,en degradation,worsening
LTU,Control of corruption,0.9927892,2024-12-31,11.740638243176758,11.740638243176758,0.23466880000000012,0.5531621,au-dessus de la mediane regionale,above regional median,en amelioration,improving
LTU,Current account,3.24144056300641,2024-12-31,196.53301255656118,196.53301255656118,-0.49608934859271026,-0.432631418354181,au-dessus de la mediane regionale,above regional median,en degradation,worsening
LTU,Dependency ratio,53.5449086261818,2024-12-31,0.5707797454010108,0.5707797454010108,-0.22389408829040036,55.30208239407135,proche de la mediane regionale,near regional median,en amelioration,improving
LTU,Domestic credit,35.7017195575053,2024-12-31,4.561332012300861,4.561332012300861,-3.037714096954801,51.23226305443685,sous la mediane regionale,below regional median,en degradation,worsening
LTU,Electricity access,100.0,2024-12-31,0.0,0.0,0.0,100.0,proche de la mediane regionale,near regional median,stable,stable
LTU,FDI net inflows,5.49705606704886,2024-12-31,15.29929847509654,15.29929847509654,-0.7332969385147097,2.46510904267828,au-dessus de la mediane regionale,above regional median,en degradation,worsening
LTU,Fiscal balance,-2.159,2026-12-31,-24.94212962962962,-24.94212962962962,-1.009,-2.067,au-dessus de la mediane regionale,above regional median,en degradation,worsening
LTU,GDP growth,3.03019543767596,2024-12-31,309.74201509071577,309.74201509071577,-1.64715639762855,2.59946721553708,au-dessus de la mediane regionale,above regional median,en degradation,worsening
LTU,GDP per capita,29603.7772588256,2024-12-31,5.790623769958959,5.790623769958959,9994.9828642703,29603.7772588256,proche de la mediane regionale,near regional median,en amelioration,improving
LTU,Gen gov debt,45.12,2026-12-31,13.281446146121013,13.281446146121013,1.7849999999999966,46.406,proche de la mediane regionale,near regional median,en degradation,worsening
LTU,Gini,36.0,2023-12-31,-1.6393442622950858,-1.6393442622950858,0.29999999999999716,30.65,au-dessus de la mediane regionale,above regional median,en degradation,worsening
LTU,Inflation,0.715735835228723,2024-12-31,-92.14971214399317,-92.14971214399317,-1.618773544651547,2.83581658224034,sous la mediane regionale,below regional median,en amelioration,improving
LTU,Political stability,0.9394441,2024-12-31,-1.2973939910858716,-1.2973939910858716,-0.04307510000000003,0.3087034999999999,au-dessus de la mediane regionale,above regional median,stable,stable
LTU,Regulatory quality,1.291591,2024-12-31,6.4899549904487275,6.4899549904487275,0.3159707999999999,0.6500427999999999,au-dessus de la mediane regionale,above regional median,en amelioration,improving
LTU,Reserves,1.38519704933976,2024-12-31,18.635344433998497,18.635344433998497,-0.050124986429579854,2.89106960627006,sous la mediane regionale,below regional median,en degradation,worsening
LTU,Rule of law,1.3742358,2024-12-31,3.412788988773892,3.412788988773892,0.31636869999999995,0.6192042999999999,au-dessus de la mediane regionale,above regional median,en amelioration,improving
LTU,Tax revenue,21.8686469645785,2024-12-31,2.4783083098394507,2.4783083098394507,1.7797069114301998,20.82863605996785,proche de la mediane regionale,near regional median,en amelioration,improving
LTU,Unemployment,6.851,2024-12-31,0.1461774594357519,0.1461774594357519,0.5960000000000001,5.4,au-dessus de la mediane regionale,above regional median,en degradation,worsening
LTU,Women in workforce,57.86,2024-12-31,-0.09324170321511559,-0.09324170321511559,0.6340000000000003,54.888,proche de la mediane regionale,near regional median,en amelioration,improving
LTU,Youth unemployment,13.688,2024-12-31,-0.17502917152858177,-0.17502917152858177,1.838000000000001,14.316,proche de la mediane regionale,near regional median,en degradation,worsening
LUX,Agriculture value added,0.209487599715387,2024-12-31,11.875318412877373,11.875318412877373,-0.0053404633328880124,2.6262814922641997,sous la mediane regionale,below regional median,stable,stable
LUX,CO2 per capita,11.8959486685613,2024-12-31,0.95914767512669,0.95914767512669,-5.297410696988102,6.87868940323143,au-dessus de la mediane regionale,above regional median,en degradation,worsening
LUX,Commodity dependence,0.123247093741778,2024-12-31,-19.9333999321994,-19.9333999321994,0.02583916541041341,5.79530570621524,sous la mediane regionale,below regional median,stable,stable
LUX,Control of corruption,2.0157595,2024-12-31,0.16657163951992535,0.16657163951992535,-0.2432521999999997,0.5531621,au-dessus de la mediane regionale,above regional median,en degradation,worsening
LUX,Current account,7.19327054062351,2024-12-31,4.981565127159566,4.981565127159566,-1.4275296959785306,-0.432631418354181,au-dessus de la mediane regionale,above regional median,en degradation,worsening
LUX,Dependency ratio,45.4622803870045,2024-12-31,1.540536282062625,1.540536282062625,1.599191419429296,55.30208239407135,sous la mediane regionale,below regional median,en degradation,worsening
LUX,Domestic credit,85.1436082593373,2024-12-31,-8.649427593402278,-8.649427593402278,-23.868596012614702,51.23226305443685,au-dessus de la mediane regionale,above regional median,en degradation,worsening
LUX,Electricity access,100.0,2024-12-31,0.0,0.0,0.0,100.0,proche de la mediane regionale,near regional median,stable,stable
LUX,FDI net inflows,113.622225285264,2024-12-31,1187.1762860333315,1187.1762860333315,-120.688392022094,2.46510904267828,au-dessus de la mediane regionale,above regional median,en degradation,worsening
LUX,Fiscal balance,-1.189,2026-12-31,-23.21243523316063,-23.21243523316063,-2.303,-2.067,au-dessus de la mediane regionale,above regional median,en degradation,worsening
LUX,GDP growth,0.358614003982225,2024-12-31,260.64421668539387,260.64421668539387,-2.390706915224695,2.59946721553708,sous la mediane regionale,below regional median,en degradation,worsening
LUX,GDP per capita,137781.681659123,2024-12-31,3.4159283416021013,3.4159283416021013,25085.032599448983,29603.7772588256,au-dessus de la mediane regionale,above regional median,en amelioration,improving
LUX,Gen gov debt,28.04,2026-12-31,3.959661871570509,3.959661871570509,3.8550000000000004,46.406,sous la mediane regionale,below regional median,en degradation,worsening
LUX,Gini,33.6,2023-12-31,-1.4662756598240467,-1.4662756598240467,-1.7999999999999972,30.65,proche de la mediane regionale,near regional median,en amelioration,improving
LUX,Inflation,2.05113269954859,2024-12-31,-45.177454560728656,-45.177454560728656,0.30781194301011006,2.83581658224034,sous la mediane regionale,below regional median,en degradation,worsening
LUX,Political stability,1.0730532,2024-12-31,5.651368949371366,5.651368949371366,-0.23250610000000016,0.3087034999999999,au-dessus de la mediane regionale,above regional median,en degradation,worsening
LUX,Regulatory quality,1.8386524,2024-12-31,0.06787833189978415,0.06787833189978415,0.10500379999999998,0.6500427999999999,au-dessus de la mediane regionale,above regional median,en amelioration,improving
LUX,Reserves,0.0602281074355101,2024-12-31,-7.898504719139239,-7.898504719139239,0.034235847978109205,2.89106960627006,sous la mediane regionale,below regional median,stable,stable
LUX,Rule of law,1.7617682,2024-12-31,1.9155588495748233,1.9155588495748233,-0.08139660000000015,0.6192042999999999,au-dessus de la mediane regionale,above regional median,en degradation,worsening
LUX,Tax revenue,28.636905101724,2024-12-31,6.1255122869855105,6.1255122869855105,1.7484216707299005,20.82863605996785,au-dessus de la mediane regionale,above regional median,en amelioration,improving
LUX,Unemployment,6.4,2024-12-31,23.456790123456795,23.456790123456795,0.8080000000000007,5.4,au-dessus de la mediane regionale,above regional median,en degradation,worsening
LUX,Women in workforce,57.645,2024-12-31,0.7850199314637478,0.7850199314637478,2.7120000000000033,54.888,proche de la mediane regionale,near regional median,en amelioration,improving
LUX,Youth unemployment,21.689,2024-12-31,15.073217317487272,15.073217317487272,4.713999999999999,14.316,au-dessus de la mediane regionale,above regional median,en degradation,worsening
LVA,Agriculture value added,3.94823488294075,2024-12-31,0.3760595877341119,0.3760595877341119,0.09480044094238993,2.6262814922641997,au-dessus de la mediane regionale,above regional median,en amelioration,improving
LVA,CO2 per capita,6.23881371227207,2024-12-31,0.4626070947514091,0.4626070947514091,-0.44106560774828996,6.87868940323143,proche de la mediane regionale,near regional median,en degradation,worsening
LVA,Commodity dependence,7.00435280229489,2024-12-31,-2.6776021683682267,-2.6776021683682267,2.49473396791955,5.79530570621524,au-dessus de la mediane regionale,above regional median,en degradation,worsening
LVA,Control of corruption,0.8251335999999999,2024-12-31,6.3425578190752505,6.3425578190752505,0.12603409999999993,0.5531621,au-dessus de la mediane regionale,above regional median,en amelioration,improving
LVA,Current account,-1.56330652007996,2024-12-31,59.78234922994163,59.78234922994163,-1.389643586417566,-0.432631418354181,sous la mediane regionale,below regional median,en degradation,worsening
LVA,Dependency ratio,59.106810188639,2024-12-31,0.5371222706992747,0.5371222706992747,2.003977067230899,55.30208239407135,proche de la mediane regionale,near regional median,en degradation,worsening
LVA,Domestic credit,29.3267409745245,2024-12-31,2.6714150186569476,2.6714150186569476,-6.392133591076497,51.23226305443685,sous la mediane regionale,below regional median,en degradation,worsening
LVA,Electricity access,100.0,2024-12-31,0.0,0.0,0.0,100.0,proche de la mediane regionale,near regional median,stable,stable
LVA,FDI net inflows,3.44085977034145,2024-12-31,-12.852291406901006,-12.852291406901006,0.06985710322661998,2.46510904267828,au-dessus de la mediane regionale,above regional median,en amelioration,improving
LVA,Fiscal balance,-3.347,2026-12-31,-9.343351845802026,-9.343351845802026,2.3670000000000004,-2.067,sous la mediane regionale,below regional median,en amelioration,improving
LVA,GDP growth,-0.0370556648288982,2024-12-31,96.06463190331891,96.06463190331891,-0.7124284367131252,2.59946721553708,sous la mediane regionale,below regional median,en degradation,worsening
LVA,GDP per capita,23578.9663562625,2024-12-31,3.825154173622225,3.825154173622225,6283.9911961656,29603.7772588256,sous la mediane regionale,below regional median,en amelioration,improving
LVA,Gen gov debt,47.445,2026-12-31,1.0586180454971454,1.0586180454971454,1.570999999999998,46.406,proche de la mediane regionale,near regional median,en degradation,worsening
LVA,Gini,34.0,2023-12-31,0.8902077151335227,0.8902077151335227,-1.1000000000000014,30.65,au-dessus de la mediane regionale,above regional median,en amelioration,improving
LVA,Inflation,1.26579885828729,2024-12-31,-85.83808110557422,-85.83808110557422,-1.5456103424689498,2.83581658224034,sous la mediane regionale,below regional median,en amelioration,improving
LVA,Political stability,0.6201401999999999,2024-12-31,-26.12654187892543,-26.12654187892543,-0.05791040000000003,0.3087034999999999,au-dessus de la mediane regionale,above regional median,en degradation,worsening
LVA,Regulatory quality,1.0998172,2024-12-31,10.256788636289812,10.256788636289812,0.09680979999999995,0.6500427999999999,au-dessus de la mediane regionale,above regional median,en amelioration,improving
LVA,Reserves,1.84788060721375,2024-12-31,5.1026609601738215,5.1026609601738215,-0.5022159880356503,2.89106960627006,sous la mediane regionale,below regional median,en degradation,worsening
LVA,Rule of law,1.0913834999999998,2024-12-31,1.7409487500887895,1.7409487500887895,0.2626544999999999,0.6192042999999999,au-dessus de la mediane regionale,above regional median,en amelioration,improving
LVA,Tax revenue,17.6470478263995,2024-12-31,6.138470271562575,6.138470271562575,1.447197188859402,20.82863605996785,sous la mediane regionale,below regional median,en amelioration,improving
LVA,Unemployment,6.9,2024-12-31,6.728538283062653,6.728538283062653,0.5880000000000001,5.4,au-dessus de la mediane regionale,above regional median,en degradation,worsening
LVA,Women in workforce,55.516,2024-12-31,0.14431055631719153,0.14431055631719153,0.04200000000000159,54.888,proche de la mediane regionale,near regional median,stable,stable
LVA,Youth unemployment,13.614,2024-12-31,10.476345045849229,10.476345045849229,1.1990000000000016,14.316,proche de la mediane regionale,near regional median,en degradation,worsening
MAC,CO2 per capita,2.64934497816594,2024-12-31,1.9544969204059033,1.9544969204059033,-0.8262502599293002,2.96182966114834,sous la mediane regionale,below regional median,en degradation,worsening
MAC,Commodity dependence,0.0,2023-12-31,,,0.0,1.446086854730515,sous la mediane regionale,below regional median,stable,stable
MAC,Control of corruption,0.5733844,2024-12-31,0.21630812232106533,0.21630812232106533,-0.0009505999999999126,0.38264925,au-dessus de la mediane regionale,above regional median,stable,stable
MAC,Current account,33.733852567417,2024-12-31,15.196621154376638,15.196621154376638,0.9701407202906012,2.19482817825998,au-dessus de la mediane regionale,above regional median,en amelioration,improving
MAC,Dependency ratio,39.234272303324,2024-12-31,3.0526134855912637,3.0526134855912637,6.3751721469378,53.5253966955507,sous la mediane regionale,below regional median,en degradation,worsening
MAC,Domestic credit,129.630265117215,2024-12-31,-11.61728695050982,-11.61728695050982,9.838709335472998,92.64512899225335,au-dessus de la mediane regionale,above regional median,en amelioration,improving
MAC,Electricity access,100.0,2024-12-31,0.0,0.0,0.0,100.0,proche de la mediane regionale,near regional median,stable,stable
MAC,FDI net inflows,3.82364491952989,2024-12-31,52.45270436437921,52.45270436437921,-7.95123404080921,2.35252841903892,au-dessus de la mediane regionale,above regional median,en degradation,worsening
MAC,Fiscal balance,4.212,2026-12-31,-6.4623584277148645,-6.4623584277148645,17.244,-1.435,au-dessus de la mediane regionale,above regional median,en amelioration,improving
MAC,GDP growth,7.84960207010525,2024-12-31,-89.57672696649419,-89.57672696649419,10.310511470779149,3.6482536159531502,au-dessus de la mediane regionale,above regional median,en amelioration,improving
MAC,GDP per capita,72004.7437020733,2024-12-31,7.123831711838266,7.123831711838266,-9877.95275031359,7488.460293591284,au-dessus de la mediane regionale,above regional median,en degradation,worsening
MAC,Inflation,0.672498598854365,2024-12-31,41.16718843711773,41.16718843711773,-2.0794322116653854,2.18151273615189,sous la mediane regionale,below regional median,en amelioration,improving
MAC,Interest rate,6.01747975323522,2024-12-31,0.13108942574819096,0.13108942574819096,0.6608323481832894,6.01747975323522,proche de la mediane regionale,near regional median,en amelioration,improving
MAC,Political stability,1.053872,2024-12-31,8.26044298280801,8.26044298280801,-0.09494710000000017,0.87674265,au-dessus de la mediane regionale,above regional median,en degradation,worsening
MAC,Regulatory quality,1.3713907,2024-12-31,-4.150150499402483,-4.150150499402483,-0.15640829999999983,-0.07101989999999994,au-dessus de la mediane regionale,above regional median,en degradation,worsening
MAC,Reserves,9.00280543481805,2024-12-31,5.921394896838025,5.921394896838025,0.9059683822150504,5.704288535730781,au-dessus de la mediane regionale,above regional median,en amelioration,improving
MAC,Rule of law,0.8520978,2024-12-31,9.333914669798157,9.333914669798157,-0.05427959999999998,0.6409370999999999,au-dessus de la mediane regionale,above regional median,en degradation,worsening
MAC,Tax revenue,27.4162061856349,2024-12-31,19.56153049054987,19.56153049054987,-2.392973054730003,16.67863628412195,au-dessus de la mediane regionale,above regional median,en degradation,worsening
MAC,Unemployment,2.262,2024-12-31,2.5385312783318246,2.5385312783318246,0.532,2.988,sous la mediane regionale,below regional median,en degradation,worsening
MAC,Women in workforce,63.512,2024-12-31,1.4066516581245712,1.4066516581245712,-1.2009999999999934,55.596,au-dessus de la mediane regionale,above regional median,en degradation,worsening
MAC,Youth unemployment,6.692,2024-12-31,2.05886838493213,2.05886838493213,1.7560000000000002,9.408,sous la mediane regionale,below regional median,en degradation,worsening
MAF,Dependency ratio,65.9510955859003,2024-12-31,6.085726090820113,6.085726090820113,8.844915501543106,48.981079443401555,au-dessus de la mediane regionale,above regional median,en degradation,worsening
MAF,Electricity access,100.0,2024-12-31,0.0,0.0,0.0,99.8,proche de la mediane regionale,near regional median,stable,stable
MAF,GDP growth,4.89999967133534,2021-12-31,139.19999032493604,139.19999032493604,-0.10000032866465958,3.3669492581395,au-dessus de la mediane regionale,above regional median,en degradation,worsening
MAF,GDP per capita,21668.3776525323,2021-12-31,13.845971177520362,13.845971177520362,1029.6070642943996,13969.7836603737,au-dessus de la mediane regionale,above regional median,en amelioration,improving
MAR,Agriculture value added,10.5673287621047,2024-12-31,-5.065463916471972,-5.065463916471972,-0.27507297489920113,3.39457505861722,au-dessus de la mediane regionale,above regional median,en degradation,worsening
MAR,CO2 per capita,2.85538473302805,2024-12-31,-0.6223706199682939,-0.6223706199682939,-0.1201614685602097,4.671020451612931,sous la mediane regionale,below regional median,en degradation,worsening
MAR,Commodity dependence,0.759031246462188,2024-12-31,-37.491686404205815,-37.491686404205815,-0.7506412545836121,10.0847170807725,sous la mediane regionale,below regional median,en amelioration,improving
MAR,Control of corruption,-0.5186913,2024-12-31,6.066533970819116,6.066533970819116,-0.09303190000000006,-0.5708422,au-dessus de la mediane regionale,above regional median,en degradation,worsening
MAR,Current account,-1.23072108998601,2024-12-31,-17.471355972864778,-17.471355972864778,2.1874846455576904,0.124893414067427,sous la mediane regionale,below regional median,en amelioration,improving
MAR,Debt service,12.9254798325863,2024-12-31,40.4413435904907,40.4413435904907,3.3912172773046603,12.9254798325863,proche de la mediane regionale,near regional median,en degradation,worsening
MAR,Dependency ratio,50.9925352190748,2024-12-31,-0.3985569525653167,-0.3985569525653167,-0.4120303371017968,51.2977156907185,proche de la mediane regionale,near regional median,en amelioration,improving
MAR,Domestic credit,77.7635533817471,2024-12-31,-3.405082561041438,-3.405082561041438,-3.711306167167095,58.6252720787942,au-dessus de la mediane regionale,above regional median,en degradation,worsening
MAR,Electricity access,100.0,2024-12-31,0.0,0.0,0.4000000000000057,100.0,proche de la mediane regionale,near regional median,en amelioration,improving
MAR,External debt,44.7188367863758,2024-12-31,-8.578096654125636,-8.578096654125636,1.184499052275406,35.6282760521045,au-dessus de la mediane regionale,above regional median,en degradation,worsening
MAR,FDI net inflows,1.08850441035779,2024-12-31,49.95980326866687,49.95980326866687,-0.24629348531635986,1.47747574805229,sous la mediane regionale,below regional median,en degradation,worsening
MAR,Fiscal balance,-3.534,2026-12-31,-216.95067264573987,-216.95067264573987,2.3900000000000006,-2.4939999999999998,sous la mediane regionale,below regional median,en amelioration,improving
MAR,GDP growth,4.59524349182247,2025-12-31,21.13897023500131,21.13897023500131,11.77345093429021,2.3991692678251,au-dessus de la mediane regionale,above regional median,en amelioration,improving
MAR,GDP per capita,4153.1943359375,2024-12-31,8.901222980160965,8.901222980160965,645.0966796875,5190.16959024821,sous la mediane regionale,below regional median,en amelioration,improving
MAR,Gen gov debt,65.779,2026-12-31,-1.9190051590970179,-1.9190051590970179,-3.5720000000000027,53.242000000000004,au-dessus de la mediane regionale,above regional median,en amelioration,improving
MAR,Gini,39.5,2013-12-31,-2.948402948402955,-2.948402948402955,-1.2000000000000028,33.7,au-dessus de la mediane regionale,above regional median,en amelioration,improving
MAR,Gov debt,51.2263215704569,2011-12-31,8.764772624685234,8.764772624685234,1.6517115094826025,53.1293715924658,proche de la mediane regionale,near regional median,en degradation,worsening
MAR,Inflation,0.701902154839545,2025-12-31,-28.75945611167916,-28.75945611167916,-0.004066506498715983,2.6116961151764,sous la mediane regionale,below regional median,stable,stable
MAR,Political stability,-0.4408003,2024-12-31,17.603909101172903,17.603909101172903,-0.05040080000000008,-0.9248175,au-dessus de la mediane regionale,above regional median,en degradation,worsening
MAR,Regulatory quality,-0.0266854999999999,2024-12-31,43.63464698651164,43.63464698651164,-0.0538846999999999,-0.4676244,au-dessus de la mediane regionale,above regional median,en degradation,worsening
MAR,Reserves,5.26170979299897,2024-12-31,-6.620599034712242,-6.620599034712242,-0.3225167720293598,5.978693032108115,sous la mediane regionale,below regional median,en degradation,worsening
MAR,Rule of law,-0.3678036,2024-12-31,6.506504063800672,6.506504063800672,-0.04793930000000002,-0.6967772,au-dessus de la mediane regionale,above regional median,stable,stable
MAR,Tax revenue,20.7438772391509,2023-12-31,-5.962274473918915,-5.962274473918915,0.45775586143010116,11.1389424540703,au-dessus de la mediane regionale,above regional median,en amelioration,improving
MAR,Unemployment,9.103,2024-12-31,2.326888489208621,2.326888489208621,-0.08800000000000097,9.103,proche de la mediane regionale,near regional median,en amelioration,improving
MAR,Women in workforce,19.827,2024-12-31,0.793045600122019,0.793045600122019,-2.171999999999997,22.234,sous la mediane regionale,below regional median,en degradation,worsening
MAR,Youth unemployment,22.372,2024-12-31,1.8112314553563287,1.8112314553563287,-0.10300000000000153,21.307,proche de la mediane regionale,near regional median,en amelioration,improving
MCO,Control of corruption,1.8002811,2024-12-31,53.435772652213295,53.435772652213295,-0.0022443999999999242,0.5531621,au-dessus de la mediane regionale,above regional median,stable,stable
MCO,Dependency ratio,98.5659213569776,2024-12-31,0.41495817779049154,0.41495817779049154,3.1302579896253917,55.30208239407135,au-dessus de la mediane regionale,above regional median,en degradation,worsening
MCO,Electricity access,100.0,2024-12-31,0.0,0.0,0.0,100.0,proche de la mediane regionale,near regional median,stable,stable
MCO,GDP growth,8.51053758860212,2024-12-31,56.33016834768004,56.33016834768004,1.3896480688481594,2.59946721553708,au-dessus de la mediane regionale,above regional median,en amelioration,improving
MCO,GDP per capita,288001.574856495,2024-12-31,12.150184747797454,12.150184747797454,94254.84496561001,29603.7772588256,au-dessus de la mediane regionale,above regional median,en amelioration,improving
MCO,Political stability,1.2387076,2024-12-31,-10.182547938782974,-10.182547938782974,-0.31016179999999993,0.3087034999999999,au-dessus de la mediane regionale,above regional median,en degradation,worsening
MCO,Regulatory quality,1.1021324,2024-12-31,-17.602678503342,-17.602678503342,-0.24771769999999993,0.6500427999999999,au-dessus de la mediane regionale,above regional median,en degradation,worsening
MCO,Rule of law,1.3453634,2024-12-31,-0.00957270506658671,-0.00957270506658671,-0.1911194999999999,0.6192042999999999,au-dessus de la mediane regionale,above regional median,en degradation,worsening
MDA,Agriculture value added,7.25493009663921,2024-12-31,2.4049748843727534,2.4049748843727534,-2.90588253200489,2.6262814922641997,au-dessus de la mediane regionale,above regional median,en degradation,worsening
MDA,CO2 per capita,4.85296211223716,2024-12-31,2.3769400640359946,2.3769400640359946,0.0888732067997795,6.87868940323143,sous la mediane regionale,below regional median,en amelioration,improving
MDA,Commodity dependence,2.38321762869108,2024-12-31,45.486335431459224,45.486335431459224,2.3672213312634534,5.79530570621524,sous la mediane regionale,below regional median,en degradation,worsening
MDA,Control of corruption,-0.2915803,2024-12-31,-9.595929792223544,-9.595929792223544,0.48170139999999995,0.5531621,sous la mediane regionale,below regional median,en amelioration,improving
MDA,Current account,-16.5470767102724,2024-12-31,-49.59531638977705,-49.59531638977705,-7.125596600777609,-0.432631418354181,sous la mediane regionale,below regional median,en degradation,worsening
MDA,Debt service,16.6185835066351,2024-12-31,-12.950005675108129,-12.950005675108129,3.1417896381105006,13.953203049199,au-dessus de la mediane regionale,above regional median,en degradation,worsening
MDA,Dependency ratio,56.2505935075156,2024-12-31,1.7259525149906845,1.7259525149906845,5.691526081486202,55.30208239407135,proche de la mediane regionale,near regional median,en degradation,worsening
MDA,Domestic credit,29.3332103367705,2024-12-31,14.684472215305396,14.684472215305396,4.0089850685101,51.23226305443685,sous la mediane regionale,below regional median,en amelioration,improving
MDA,Electricity access,100.0,2024-12-31,0.0,0.0,0.0,100.0,proche de la mediane regionale,near regional median,stable,stable
MDA,External debt,57.1465378506246,2024-12-31,-9.003065094565416,-9.003065094565416,-2.0461263967806005,56.144278869823,proche de la mediane regionale,near regional median,en amelioration,improving
MDA,FDI net inflows,2.51754698286646,2024-12-31,16.57949880499349,16.57949880499349,-1.9246359872426901,2.46510904267828,proche de la mediane regionale,near regional median,en degradation,worsening
MDA,Fiscal balance,-3.079,2026-12-31,-18.014564967420473,-18.014564967420473,-0.4620000000000002,-2.067,sous la mediane regionale,below regional median,en degradation,worsening
MDA,GDP growth,0.270670455512573,2024-12-31,-77.21668820991144,-77.21668820991144,-3.281643629835027,2.59946721553708,sous la mediane regionale,below regional median,en degradation,worsening
MDA,GDP per capita,7578.90216348853,2024-12-31,11.461230480513745,11.461230480513745,3173.5679818669805,29603.7772588256,sous la mediane regionale,below regional median,en amelioration,improving
MDA,Gen gov debt,39.345,2026-12-31,7.411957411957401,7.411957411957401,5.705999999999996,46.406,sous la mediane regionale,below regional median,en degradation,worsening
MDA,Gini,26.8,2023-12-31,3.474903474903483,3.474903474903483,1.1000000000000014,30.65,sous la mediane regionale,below regional median,en degradation,worsening
MDA,Gov debt,34.261803411132,2023-12-31,-0.650202338005579,-0.650202338005579,6.751025240537899,40.04160644426225,sous la mediane regionale,below regional median,en degradation,worsening
MDA,Inflation,4.67773516007048,2024-12-31,-65.13578653276772,-65.13578653276772,-0.1600483542168103,2.83581658224034,au-dessus de la mediane regionale,above regional median,en amelioration,improving
MDA,Interest rate,8.90641056126628,2024-12-31,-27.78001226780115,-27.78001226780115,0.6564105612662807,6.65405833333333,au-dessus de la mediane regionale,above regional median,en amelioration,improving
MDA,Political stability,-0.3449915,2024-12-31,-28.791365912751964,-28.791365912751964,-0.1975307,0.3087034999999999,sous la mediane regionale,below regional median,en degradation,worsening
MDA,Regulatory quality,-0.0467374,2024-12-31,14.278849504609099,14.278849504609099,0.0665353999999999,0.6500427999999999,sous la mediane regionale,below regional median,en amelioration,improving
MDA,Reserves,5.73606219741677,2024-12-31,-6.555320051854338,-6.555320051854338,0.5028017356582595,2.89106960627006,au-dessus de la mediane regionale,above regional median,en amelioration,improving
MDA,Rule of law,-0.1613321999999999,2024-12-31,16.781462631089514,16.781462631089514,0.21341210000000008,0.6192042999999999,sous la mediane regionale,below regional median,en amelioration,improving
MDA,Tax revenue,18.5850270257317,2023-12-31,-1.7756875476163165,-1.7756875476163165,0.5709432872477009,20.82863605996785,sous la mediane regionale,below regional median,en amelioration,improving
MDA,Unemployment,1.427,2024-12-31,-9.108280254777071,-9.108280254777071,-0.07499999999999996,5.4,sous la mediane regionale,below regional median,en amelioration,improving
MDA,Women in workforce,72.177,2024-12-31,3.0158141128111637,3.0158141128111637,3.8400000000000034,54.888,au-dessus de la mediane regionale,above regional median,en amelioration,improving
MDA,Youth unemployment,4.496,2024-12-31,11.53559910692138,11.53559910692138,1.2400000000000007,14.316,sous la mediane regionale,below regional median,en degradation,worsening
MDG,Agriculture value added,21.9198701119518,2024-12-31,-1.3650894621643401,-1.3650894621643401,-1.036381898113902,20.7932870939229,proche de la mediane regionale,near regional median,en degradation,worsening
MDG,CO2 per capita,1.11966367167845,2024-12-31,-2.1745960987655786,-2.1745960987655786,-0.023086493685609888,1.52210243022339,sous la mediane regionale,below regional median,stable,stable
MDG,Commodity dependence,2.55012561538512,2024-12-31,9.255044845045141,9.255044845045141,-0.38127569205117995,1.604781106301575,au-dessus de la mediane regionale,above regional median,en amelioration,improving
MDG,Control of corruption,-1.0099165,2024-12-31,-2.4921036498020204,-2.4921036498020204,-0.08424700000000007,-0.7934948,sous la mediane regionale,below regional median,en degradation,worsening
MDG,Current account,-4.25750009236745,2024-12-31,-50.423682114873415,-50.423682114873415,-2.12185037574063,-4.05918464223764,au-dessus de la mediane regionale,above regional median,en degradation,worsening
MDG,Debt service,7.17223697747634,2024-12-31,17.58394634917676,17.58394634917676,4.11949661972978,11.8141665228846,sous la mediane regionale,below regional median,en degradation,worsening
MDG,Dependency ratio,74.4044379155376,2024-12-31,-0.9970125996203326,-0.9970125996203326,-3.351247080788795,76.3947216046137,proche de la mediane regionale,near regional median,en amelioration,improving
MDG,Domestic credit,16.4779381826938,2024-12-31,-2.679530962478277,-2.679530962478277,2.266246628947501,15.8986695709198,proche de la mediane regionale,near regional median,en amelioration,improving
MDG,Electricity access,42.5,2024-12-31,7.868020304568532,7.868020304568532,11.5,57.8,sous la mediane regionale,below regional median,en amelioration,improving
MDG,External debt,39.2117046150763,2024-12-31,-5.318992845178481,-5.318992845178481,9.579246250113801,43.99766261125275,sous la mediane regionale,below regional median,en degradation,worsening
MDG,FDI net inflows,3.44577112659577,2024-12-31,6.366131071342343,6.366131071342343,0.08297281664924006,2.351663747275275,au-dessus de la mediane regionale,above regional median,en amelioration,improving
MDG,Fiscal balance,-4.608,2026-12-31,-201.5706806282722,-201.5706806282722,-2.4239999999999995,-2.4305,sous la mediane regionale,below regional median,en degradation,worsening
MDG,GDP growth,4.32283728087992,2024-12-31,2.173821579618705,2.173821579618705,-0.08839484821596955,4.366019176358015,proche de la mediane regionale,near regional median,en degradation,worsening
MDG,GDP per capita,550.37875528856,2024-12-31,7.064231949490209,7.064231949490209,50.559917666026024,1189.858061476885,sous la mediane regionale,below regional median,en amelioration,improving
MDG,Gen gov debt,49.301,2026-12-31,1.1613829896378425,1.1613829896378425,-0.1389999999999958,53.801,proche de la mediane regionale,near regional median,en amelioration,improving
MDG,Gini,36.8,2021-12-31,-13.615023474178415,-13.615023474178415,-5.800000000000004,38.5,proche de la mediane regionale,near regional median,en amelioration,improving
MDG,Inflation,7.61335784313723,2024-12-31,-22.897448752228783,-22.897448752228783,2.0028434282135796,4.214928221107796,au-dessus de la mediane regionale,above regional median,en degradation,worsening
MDG,Interest rate,60.0,2024-12-31,11.97511664074657,11.97511664074657,11.0,11.7409744802492,au-dessus de la mediane regionale,above regional median,en amelioration,improving
MDG,Political stability,-0.4805584,2024-12-31,42.854628664440106,42.854628664440106,0.048894599999999955,-0.5953656,au-dessus de la mediane regionale,above regional median,stable,stable
MDG,Regulatory quality,-0.7485885999999999,2024-12-31,11.935881381025466,11.935881381025466,0.10095290000000001,-0.7386300499999999,au-dessus de la mediane regionale,above regional median,en amelioration,improving
MDG,Reserves,5.50471378808998,2024-12-31,0.9112149951454677,0.9112149951454677,1.6247074840437197,3.5612582316005197,au-dessus de la mediane regionale,above regional median,en amelioration,improving
MDG,Rule of law,-0.8827065,2024-12-31,7.609819683997983,7.609819683997983,-0.04317409999999999,-0.8753552499999999,au-dessus de la mediane regionale,above regional median,stable,stable
MDG,Tax revenue,10.9446747862351,2024-12-31,15.026839593339943,15.026839593339943,0.41281016501719847,12.7396805065136,sous la mediane regionale,below regional median,en amelioration,improving
MDG,Unemployment,3.051,2024-12-31,0.22996057818660043,0.22996057818660043,0.5720000000000001,5.487,sous la mediane regionale,below regional median,en degradation,worsening
MDG,Women in workforce,82.915,2024-12-31,0.05913161006927642,0.05913161006927642,-0.000999999999990564,57.104,au-dessus de la mediane regionale,above regional median,stable,stable
MDG,Youth unemployment,5.46,2024-12-31,0.5524861878453085,0.5524861878453085,0.9749999999999996,8.814,sous la mediane regionale,below regional median,en degradation,worsening
MDV,Agriculture value added,3.84195892285095,2024-12-31,-24.39835464779924,-24.39835464779924,-0.6520649878822105,12.6569295141747,sous la mediane regionale,below regional median,en degradation,worsening
MDV,CO2 per capita,3.96628261895153,2024-12-31,4.390335745448621,4.390335745448621,0.51048423828678,2.35425835082848,au-dessus de la mediane regionale,above regional median,en amelioration,improving
MDV,Commodity dependence,0.10188003814864,2024-12-31,-35.813499724200376,-35.813499724200376,0.05550673287027989,0.59937914960686,sous la mediane regionale,below regional median,en degradation,worsening
MDV,Control of corruption,-0.3359537999999999,2024-12-31,-26.076744010624907,-26.076744010624907,0.18479410000000002,-0.36036234999999994,au-dessus de la mediane regionale,above regional median,en amelioration,improving
MDV,Current account,-18.6788603634035,2024-12-31,11.637119201693855,11.637119201693855,7.1380218888022,-0.7603781635361471,sous la mediane regionale,below regional median,en amelioration,improving
MDV,Debt service,9.18470294592451,2024-12-31,-9.312828715200945,-9.312828715200945,-2.9879743923261906,14.0787539605461,sous la mediane regionale,below regional median,en amelioration,improving
MDV,Dependency ratio,31.9824156478728,2024-12-31,-0.8757480229647858,-0.8757480229647858,-2.2515334471995985,49.19395879080635,sous la mediane regionale,below regional median,en amelioration,improving
MDV,Domestic credit,35.7299049882319,2024-12-31,-0.2966388245842466,-0.2966388245842466,4.190570979760903,44.3082311889876,sous la mediane regionale,below regional median,en amelioration,improving
MDV,Electricity access,100.0,2024-12-31,0.0,0.0,0.0,99.95,proche de la mediane regionale,near regional median,stable,stable
MDV,External debt,75.5586486708217,2024-12-31,10.20947766097089,10.20947766097089,23.784104337982598,41.08227176547265,au-dessus de la mediane regionale,above regional median,en degradation,worsening
MDV,FDI net inflows,11.416720004027,2024-12-31,-1.4257301766048633,-1.4257301766048633,-5.366752840808699,0.5027596284384255,au-dessus de la mediane regionale,above regional median,en degradation,worsening
MDV,Fiscal balance,-11.216,2026-12-31,-1193.1773879142297,-1193.1773879142297,0.370000000000001,-4.8629999999999995,sous la mediane regionale,below regional median,en amelioration,improving
MDV,GDP growth,3.49440422654285,2024-12-31,-29.30404468320899,-29.30404468320899,-3.4286556639581396,4.6078376282413505,sous la mediane regionale,below regional median,en degradation,worsening
MDV,GDP per capita,13379.3513577224,2024-12-31,6.289824597987646,6.289824597987646,1639.0789547438999,3410.73357042214,au-dessus de la mediane regionale,above regional median,en amelioration,improving
MDV,Gen gov debt,129.368,2026-12-31,3.150290630456791,3.150290630456791,5.950999999999993,92.101,au-dessus de la mediane regionale,above regional median,en degradation,worsening
MDV,Gini,29.3,2019-12-31,-6.3897763578274756,-6.3897763578274756,-9.099999999999998,29.65,proche de la mediane regionale,near regional median,en amelioration,improving
MDV,Gov debt,57.2981206101706,2011-12-31,4.395889736209432,4.395889736209432,27.75723630304,51.9103096380514,au-dessus de la mediane regionale,above regional median,en degradation,worsening
MDV,Inflation,1.41093527910134,2024-12-31,-51.409460946002085,-51.409460946002085,1.1909055480359572,3.72320611944934,sous la mediane regionale,below regional median,en degradation,worsening
MDV,Interest rate,11.550446525913,2024-12-31,-1.1247434941865937,-1.1247434941865937,0.027810734013199223,10.54,proche de la mediane regionale,near regional median,stable,stable
MDV,Political stability,-0.0544563,2024-12-31,-165.40731612401095,-165.40731612401095,0.026649599999999996,-0.3824578999999999,au-dessus de la mediane regionale,above regional median,stable,stable
MDV,Regulatory quality,-0.2353508,2024-12-31,33.16590078201452,33.16590078201452,-0.009589200000000103,-0.26728214999999994,au-dessus de la mediane regionale,above regional median,stable,stable
MDV,Reserves,1.30326255855386,2024-12-31,6.590291599567695,6.590291599567695,-0.6369723166530101,4.844242751776751,sous la mediane regionale,below regional median,en degradation,worsening
MDV,Rule of law,0.0443492,2024-12-31,-54.0846266137966,-54.0846266137966,0.5280801999999999,-0.1484874,au-dessus de la mediane regionale,above regional median,en amelioration,improving
MDV,Tax revenue,19.4532482767244,2021-12-31,-3.276323246565142,-3.276323246565142,-0.5225773659659012,11.081777030623034,au-dessus de la mediane regionale,above regional median,en degradation,worsening
MDV,Unemployment,4.278,2024-12-31,6.444389151530218,6.444389151530218,-0.2840000000000007,4.2059999999999995,proche de la mediane regionale,near regional median,en amelioration,improving
MDV,Women in workforce,40.455,2024-12-31,0.3572225943290872,0.3572225943290872,-0.3049999999999997,35.561499999999995,au-dessus de la mediane regionale,above regional median,en degradation,worsening
MDV,Youth unemployment,14.809,2024-12-31,4.849900877938252,4.849900877938252,1.3129999999999988,16.84,sous la mediane regionale,below regional median,en degradation,worsening
MEX,Agriculture value added,3.86944846371998,2024-12-31,0.6175960851341815,0.6175960851341815,0.5544240611403,3.86944846371998,proche de la mediane regionale,near regional median,en amelioration,improving
MEX,CO2 per capita,5.24815921674819,2024-12-31,-0.6936891564487146,-0.6936891564487146,-0.25531556568023994,4.11421182432227,au-dessus de la mediane regionale,above regional median,en degradation,worsening
MEX,Commodity dependence,4.49492353677104,2024-12-31,-17.477020651719506,-17.477020651719506,-0.8266816138349302,3.00864273328603,au-dessus de la mediane regionale,above regional median,en amelioration,improving
MEX,Control of corruption,-0.9408772,2024-12-31,-0.9348906440668837,-0.9348906440668837,-0.051225399999999977,-0.2654917,sous la mediane regionale,below regional median,en degradation,worsening
MEX,Current account,-0.912091864173097,2024-12-31,-30.47085759969984,-30.47085759969984,-0.615247462152186,-1.66760721722233,au-dessus de la mediane regionale,above regional median,en degradation,worsening
MEX,Debt service,9.51997025016336,2024-12-31,16.868882690242447,16.868882690242447,-3.782143656464541,19.75493011522935,sous la mediane regionale,below regional median,en amelioration,improving
MEX,Dependency ratio,48.7167150891959,2024-12-31,-0.6623745239757215,-0.6623745239757215,-2.0705795120492,48.981079443401555,proche de la mediane regionale,near regional median,en amelioration,improving
MEX,Domestic credit,35.0748199517549,2024-12-31,5.565616508103395,5.565616508103395,-0.510366532505401,45.1288088227477,sous la mediane regionale,below regional median,en degradation,worsening
MEX,Electricity access,99.8,2024-12-31,0.10030090270811867,0.10030090270811867,0.20000000000000284,99.8,proche de la mediane regionale,near regional median,en amelioration,improving
MEX,External debt,32.8920519832698,2024-12-31,-3.4639211437062887,-3.4639211437062887,-15.824866762807098,47.6233832283027,sous la mediane regionale,below regional median,en amelioration,improving
MEX,FDI net inflows,2.48429388161511,2024-12-31,45.288516009486294,45.288516009486294,0.18777938601686994,3.01317166597907,sous la mediane regionale,below regional median,en amelioration,improving
MEX,Fiscal balance,-4.373,2026-12-31,-455.5284552845528,-455.5284552845528,-4.96,-0.749,sous la mediane regionale,below regional median,en degradation,worsening
MEX,GDP growth,1.35057631384696,2024-12-31,-56.52832904878002,-56.52832904878002,1.743266827137492,3.3669492581395,sous la mediane regionale,below regional median,en amelioration,improving
MEX,GDP per capita,13988.0423745241,2024-12-31,1.1365794262293814,1.1365794262293814,3618.4870151714003,13969.7836603737,proche de la mediane regionale,near regional median,en amelioration,improving
MEX,Gen gov debt,62.68,2026-12-31,1.5044290780716136,1.5044290780716136,5.984999999999999,63.608,proche de la mediane regionale,near regional median,en degradation,worsening
MEX,Gini,42.6,2024-12-31,-2.0689655172413763,-2.0689655172413763,-3.3999999999999986,43.0,proche de la mediane regionale,near regional median,en amelioration,improving
MEX,Gov debt,50.270950655733,2024-12-31,11.333487525014686,11.333487525014686,8.943556596299501,59.3486130705839,sous la mediane regionale,below regional median,en degradation,worsening
MEX,Inflation,4.72225588452932,2024-12-31,-14.575084865901838,-14.575084865901838,1.0862944632588598,3.42967284899735,au-dessus de la mediane regionale,above regional median,en degradation,worsening
MEX,Interest rate,11.2233333333333,2024-12-31,-3.177570093458508,-3.177570093458508,2.79416666666663,8.80431027070166,au-dessus de la mediane regionale,above regional median,en amelioration,improving
MEX,Political stability,-0.7154541,2024-12-31,-19.546656012880792,-19.546656012880792,0.1819733,0.3600136,sous la mediane regionale,below regional median,en amelioration,improving
MEX,Regulatory quality,-0.1957883,2024-12-31,-11.211947535269868,-11.211947535269868,-0.15402430000000011,-0.0738011,sous la mediane regionale,below regional median,en degradation,worsening
MEX,Reserves,3.54735732153754,2024-12-31,3.0445448947119687,3.0445448947119687,-0.36805807199012985,4.20470125653228,sous la mediane regionale,below regional median,en degradation,worsening
MEX,Rule of law,-1.1538644999999998,2024-12-31,-7.066782814672723,-7.066782814672723,-0.2778527999999999,-0.2513801,sous la mediane regionale,below regional median,en degradation,worsening
MEX,Tax revenue,14.8241106773063,2024-12-31,4.215392808501086,4.215392808501086,2.0363620683513997,15.9189020036855,proche de la mediane regionale,near regional median,en amelioration,improving
MEX,Unemployment,2.678,2024-12-31,-3.146473779385178,-3.146473779385178,-0.7989999999999999,6.448,sous la mediane regionale,below regional median,en amelioration,improving
MEX,Women in workforce,47.414,2024-12-31,0.20500031701080226,0.20500031701080226,1.841000000000001,52.394,proche de la mediane regionale,near regional median,en amelioration,improving
MEX,Youth unemployment,5.76,2024-12-31,-1.437371663244362,-1.437371663244362,-1.4000000000000004,15.674,sous la mediane regionale,below regional median,en amelioration,improving
MHL,Agriculture value added,19.9359649122807,2024-12-31,5.361988626036903,5.361988626036903,1.7268193562481002,9.79503060602777,au-dessus de la mediane regionale,above regional median,en amelioration,improving
MHL,CO2 per capita,0.10653030787259,2024-12-31,3.4063065942265394,3.4063065942265394,0.040631700832800904,2.96182966114834,sous la mediane regionale,below regional median,stable,stable
MHL,Control of corruption,0.3907327,2024-12-31,1447.0429245657037,1447.0429245657037,0.040229200000000076,0.38264925,proche de la mediane regionale,near regional median,stable,stable
MHL,Current account,21.8711060344774,2024-12-31,38.975628790128944,38.975628790128944,-15.1116821383822,2.19482817825998,au-dessus de la mediane regionale,above regional median,en degradation,worsening
MHL,Dependency ratio,64.2447836927519,2024-12-31,0.1178923519756538,0.1178923519756538,1.2136274670637945,53.5253966955507,au-dessus de la mediane regionale,above regional median,en degradation,worsening
MHL,Electricity access,97.2,2024-12-31,-2.799999999999997,-2.799999999999997,0.4000000000000057,100.0,proche de la mediane regionale,near regional median,en amelioration,improving
MHL,FDI net inflows,4.68730725530449,2024-12-31,35.25134788189456,35.25134788189456,2.4696515421009,2.35252841903892,au-dessus de la mediane regionale,above regional median,en amelioration,improving
MHL,Fiscal balance,-5.995,2026-12-31,-489.79193758127445,-489.79193758127445,-6.393,-1.435,sous la mediane regionale,below regional median,en degradation,worsening
MHL,GDP growth,3.30188679245282,2024-12-31,161.2052873764498,161.2052873764498,-7.15022793773678,3.6482536159531502,proche de la mediane regionale,near regional median,en degradation,worsening
MHL,GDP per capita,7590.28443592202,2024-12-31,11.631808255130466,11.631808255130466,2297.9445808989594,7488.460293591284,proche de la mediane regionale,near regional median,en amelioration,improving
MHL,Gen gov debt,16.747,2026-12-31,42.22505307855626,42.22505307855626,-3.128,43.4465,sous la mediane regionale,below regional median,en amelioration,improving
MHL,Gini,35.5,2019-12-31,,,,34.25,proche de la mediane regionale,near regional median,en degradation,worsening
MHL,Gov debt,41.5637492486046,2019-12-31,-5.538857878917955,-5.538857878917955,-7.837602364298597,50.3420177209934,sous la mediane regionale,below regional median,en amelioration,improving
MHL,Political stability,1.2772187,2024-12-31,-0.40268790276102195,-0.40268790276102195,0.12634909999999988,0.87674265,au-dessus de la mediane regionale,above regional median,en amelioration,improving
MHL,Regulatory quality,-0.6875722,2024-12-31,25.040740848953387,25.040740848953387,0.10965899999999995,-0.07101989999999994,sous la mediane regionale,below regional median,en amelioration,improving
MHL,Rule of law,0.8357245999999999,2024-12-31,-0.008817916954373487,-0.008817916954373487,-0.01211720000000005,0.6409370999999999,au-dessus de la mediane regionale,above regional median,stable,stable
MHL,Tax revenue,17.1555004135649,2020-12-31,-7.770573588643291,-7.770573588643291,-0.20221052818799734,16.67863628412195,proche de la mediane regionale,near regional median,en degradation,worsening
MKD,Agriculture value added,6.08292801881823,2024-12-31,-2.3746006964810067,-2.3746006964810067,-2.0493633756580296,2.6262814922641997,au-dessus de la mediane regionale,above regional median,en degradation,worsening
MKD,CO2 per capita,5.37838221534248,2024-12-31,-6.986469355778404,-6.986469355778404,-0.66405748657548,6.87868940323143,sous la mediane regionale,below regional median,en degradation,worsening
MKD,Commodity dependence,3.46090673198231,2024-12-31,-15.90025104753818,-15.90025104753818,1.42145852632444,5.79530570621524,sous la mediane regionale,below regional median,en degradation,worsening
MKD,Control of corruption,-0.3292214,2024-12-31,7.046238949047027,7.046238949047027,0.13080379999999991,0.5531621,sous la mediane regionale,below regional median,en amelioration,improving
MKD,Current account,-2.10020379336309,2024-12-31,-761.3043708190548,-761.3043708190548,0.8862853116151399,-0.432631418354181,sous la mediane regionale,below regional median,en amelioration,improving
MKD,Debt service,14.4210946901678,2024-12-31,-15.157160251869275,-15.157160251869275,4.72602947222075,13.953203049199,proche de la mediane regionale,near regional median,en degradation,worsening
MKD,Dependency ratio,53.4859870639466,2024-12-31,1.2338957775245019,1.2338957775245019,4.230371466199806,55.30208239407135,proche de la mediane regionale,near regional median,en degradation,worsening
MKD,Domestic credit,53.9235256635379,2024-12-31,3.6274838998360197,3.6274838998360197,2.6555600102645016,51.23226305443685,proche de la mediane regionale,near regional median,en amelioration,improving
MKD,Electricity access,100.0,2024-12-31,0.0,0.0,0.0,100.0,proche de la mediane regionale,near regional median,stable,stable
MKD,External debt,81.1537085602971,2024-12-31,-3.021917369689857,-3.021917369689857,7.274794717135109,56.144278869823,au-dessus de la mediane regionale,above regional median,en degradation,worsening
MKD,FDI net inflows,6.23445071550033,2024-12-31,54.08882479616559,54.08882479616559,1.8755257816617803,2.46510904267828,au-dessus de la mediane regionale,above regional median,en amelioration,improving
MKD,Fiscal balance,-2.284,2026-12-31,-8.555133079847895,-8.555133079847895,1.787,-2.067,sous la mediane regionale,below regional median,en amelioration,improving
MKD,GDP growth,2.99373536567732,2024-12-31,17.173232069982745,17.173232069982745,-0.9166841727244099,2.59946721553708,au-dessus de la mediane regionale,above regional median,en degradation,worsening
MKD,GDP per capita,9291.8566035502,2024-12-31,7.118660623603345,7.118660623603345,2572.9983371956205,29603.7772588256,sous la mediane regionale,below regional median,en amelioration,improving
MKD,Gen gov debt,53.087,2026-12-31,1.068042493241442,1.068042493241442,0.3370000000000033,46.406,au-dessus de la mediane regionale,above regional median,en degradation,worsening
MKD,Gini,33.5,2019-12-31,1.5151515151515151,1.5151515151515151,-1.7000000000000028,30.65,proche de la mediane regionale,near regional median,en amelioration,improving
MKD,Inflation,3.48974086026954,2024-12-31,-62.723901002384274,-62.723901002384274,2.723301286809735,2.83581658224034,au-dessus de la mediane regionale,above regional median,en degradation,worsening
MKD,Interest rate,5.85131870695966,2024-12-31,7.544387748106172,7.544387748106172,0.2419548778069096,6.65405833333333,sous la mediane regionale,below regional median,en amelioration,improving
MKD,Political stability,0.1558087,2024-12-31,-28.30124862983879,-28.30124862983879,0.11666550000000009,0.3087034999999999,sous la mediane regionale,below regional median,en amelioration,improving
MKD,Regulatory quality,0.2663031999999999,2024-12-31,32.14970699640676,32.14970699640676,0.0734912,0.6500427999999999,sous la mediane regionale,below regional median,en amelioration,improving
MKD,Reserves,4.57721554512586,2024-12-31,4.656117415241499,4.656117415241499,0.34855440598695964,2.89106960627006,au-dessus de la mediane regionale,above regional median,en amelioration,improving
MKD,Rule of law,-0.2249296999999999,2024-12-31,17.873080459149016,17.873080459149016,0.06130310000000011,0.6192042999999999,sous la mediane regionale,below regional median,en amelioration,improving
MKD,Tax revenue,18.7571347667176,2024-12-31,5.627596043283926,5.627596043283926,1.6738536872049998,20.82863605996785,proche de la mediane regionale,near regional median,en amelioration,improving
MKD,Unemployment,12.265,2024-12-31,-6.899954455746158,-6.899954455746158,-5.149000000000001,5.4,au-dessus de la mediane regionale,above regional median,en amelioration,improving
MKD,Women in workforce,42.884,2024-12-31,1.7220930784192776,1.7220930784192776,0.027999999999998693,54.888,sous la mediane regionale,below regional median,stable,stable
MKD,Youth unemployment,28.656,2024-12-31,-3.4663971702880243,-3.4663971702880243,-6.697000000000003,14.316,au-dessus de la mediane regionale,above regional median,en amelioration,improving
MLI,Agriculture value added,32.59284355623,2024-12-31,3.8822849275094504,3.8822849275094504,0.32462300149680345,20.7932870939229,au-dessus de la mediane regionale,above regional median,en amelioration,improving
MLI,CO2 per capita,1.96124409918135,2024-12-31,0.012357671727925406,0.012357671727925406,0.02242623423144008,1.52210243022339,au-dessus de la mediane regionale,above regional median,stable,stable
MLI,Commodity dependence,1.57868932302188,2023-12-31,256.4187671419252,256.4187671419252,0.35211710202686985,1.604781106301575,proche de la mediane regionale,near regional median,en degradation,worsening
MLI,Control of corruption,-0.9808589,2024-12-31,-15.482673399925762,-15.482673399925762,-0.2088951,-0.7934948,sous la mediane regionale,below regional median,en degradation,worsening
MLI,Current account,-4.32974251221221,2024-12-31,33.37875934560374,33.37875934560374,1.9637971222564996,-4.05918464223764,au-dessus de la mediane regionale,above regional median,en amelioration,improving
MLI,Debt service,6.16273727116764,2024-12-31,11.211599473986139,11.211599473986139,1.1886543443233002,11.8141665228846,sous la mediane regionale,below regional median,en degradation,worsening
MLI,Dependency ratio,94.2739621678949,2024-12-31,-1.3486224976533503,-1.3486224976533503,-6.142606716556102,76.3947216046137,au-dessus de la mediane regionale,above regional median,en amelioration,improving
MLI,Domestic credit,22.3956105371061,2024-12-31,-3.5909788656375383,-3.5909788656375383,1.7205298408170009,15.8986695709198,au-dessus de la mediane regionale,above regional median,en amelioration,improving
MLI,Electricity access,49.5,2024-12-31,-9.174311926605505,-9.174311926605505,1.6000000000000014,57.8,sous la mediane regionale,below regional median,en amelioration,improving
MLI,External debt,24.9435630803084,2024-12-31,-8.655482179195703,-8.655482179195703,-0.3204879537546006,43.99766261125275,sous la mediane regionale,below regional median,en amelioration,improving
MLI,FDI net inflows,3.44170555566452,2024-12-31,21.382391416983396,21.382391416983396,-0.7536055241814403,2.351663747275275,au-dessus de la mediane regionale,above regional median,en degradation,worsening
MLI,Fiscal balance,-2.416,2026-12-31,-6611.111111111111,-6611.111111111111,1.6999999999999997,-2.4305,au-dessus de la mediane regionale,above regional median,en amelioration,improving
MLI,GDP growth,5.01653579205785,2024-12-31,5.3022233404407615,5.3022233404407615,0.01653667506079959,4.366019176358015,au-dessus de la mediane regionale,above regional median,stable,stable
MLI,GDP per capita,1093.2523323649,2024-12-31,4.874140382792254,4.874140382792254,121.30301372680799,1189.858061476885,proche de la mediane regionale,near regional median,en amelioration,improving
MLI,Gen gov debt,40.811,2026-12-31,-2.5827703912348143,-2.5827703912348143,-2.386000000000003,53.801,sous la mediane regionale,below regional median,en amelioration,improving
MLI,Gini,35.7,2021-12-31,-0.8333333333333255,-0.8333333333333255,2.700000000000003,38.5,proche de la mediane regionale,near regional median,en degradation,worsening
MLI,Inflation,3.2063986409966,2024-12-31,55.74096978005213,55.74096978005213,4.86466558946025,4.214928221107796,sous la mediane regionale,below regional median,en degradation,worsening
MLI,Interest rate,5.295,2016-12-31,2.7324171382375972,2.7324171382375972,0.039083333333329584,11.7409744802492,sous la mediane regionale,below regional median,stable,stable
MLI,Political stability,-2.490962,2024-12-31,2.6147459943887803,2.6147459943887803,-0.4359546999999999,-0.5953656,sous la mediane regionale,below regional median,en degradation,worsening
MLI,Regulatory quality,-0.7622873,2024-12-31,-2.4432648646672823,-2.4432648646672823,-0.10632810000000004,-0.7386300499999999,au-dessus de la mediane regionale,above regional median,en degradation,worsening
MLI,Rule of law,-1.0943496,2024-12-31,-5.5668023419468495,-5.5668023419468495,-0.28566289999999994,-0.8753552499999999,sous la mediane regionale,below regional median,en degradation,worsening
MLI,Tax revenue,11.9520024969323,2020-12-31,-2.3294091849312775,-2.3294091849312775,0.09864050327749929,12.7396805065136,proche de la mediane regionale,near regional median,en amelioration,improving
MLI,Unemployment,2.924,2024-12-31,-0.7804546996946091,-0.7804546996946091,-0.3660000000000001,5.487,sous la mediane regionale,below regional median,en amelioration,improving
MLI,Women in workforce,53.093,2024-12-31,0.06219374293253157,0.06219374293253157,-0.29399999999999693,57.104,proche de la mediane regionale,near regional median,en degradation,worsening
MLI,Youth unemployment,3.841,2024-12-31,-0.5180005180005184,-0.5180005180005184,-0.8279999999999994,8.814,sous la mediane regionale,below regional median,en amelioration,improving
MLT,Agriculture value added,0.49056261264571,2024-12-31,1003.755328719242,1003.755328719242,0.018651894995514007,3.39457505861722,sous la mediane regionale,below regional median,stable,stable
MLT,CO2 per capita,3.94411854154105,2024-12-31,-2.0267979740612363,-2.0267979740612363,-0.2536382096377299,4.671020451612931,sous la mediane regionale,below regional median,en degradation,worsening
MLT,Commodity dependence,10.0847170807725,2024-12-31,87.51538297261186,87.51538297261186,-18.7588795657766,10.0847170807725,proche de la mediane regionale,near regional median,en amelioration,improving
MLT,Control of corruption,0.2667935999999999,2024-12-31,-17.137845184437968,-17.137845184437968,-0.1495648,-0.5708422,au-dessus de la mediane regionale,above regional median,en degradation,worsening
MLT,Current account,7.09956405757708,2024-12-31,8.57105342386842,8.57105342386842,-10.75037418288182,0.124893414067427,au-dessus de la mediane regionale,above regional median,en degradation,worsening
MLT,Dependency ratio,49.7967062194204,2024-12-31,1.3229279957973725,1.3229279957973725,2.4419520290188004,51.2977156907185,proche de la mediane regionale,near regional median,en degradation,worsening
MLT,Domestic credit,61.7437231757338,2024-12-31,-3.7672240101244423,-3.7672240101244423,-7.785600641618906,58.6252720787942,proche de la mediane regionale,near regional median,en degradation,worsening
MLT,Electricity access,100.0,2024-12-31,0.0,0.0,0.0,100.0,proche de la mediane regionale,near regional median,stable,stable
MLT,FDI net inflows,170.053519530959,2024-12-31,56.39223439240202,56.39223439240202,-28.146127310449003,1.47747574805229,au-dessus de la mediane regionale,above regional median,en degradation,worsening
MLT,Fiscal balance,-2.88,2026-12-31,7.156673114119923,7.156673114119923,3.0709999999999997,-2.4939999999999998,sous la mediane regionale,below regional median,en amelioration,improving
MLT,GDP growth,6.21275996991034,2024-12-31,-41.57675974469768,-41.57675974469768,2.1277042386860394,2.3991692678251,au-dessus de la mediane regionale,above regional median,en amelioration,improving
MLT,GDP per capita,44023.6341078148,2024-12-31,7.551721559177806,7.551721559177806,11601.725360696204,5190.16959024821,au-dessus de la mediane regionale,above regional median,en amelioration,improving
MLT,Gen gov debt,47.325,2026-12-31,1.182331309330378,1.182331309330378,-2.2609999999999957,53.242000000000004,sous la mediane regionale,below regional median,en amelioration,improving
MLT,Gini,31.8,2023-12-31,-8.092485549132949,-8.092485549132949,3.1000000000000014,33.7,proche de la mediane regionale,near regional median,en degradation,worsening
MLT,Inflation,1.65079469283109,2024-12-31,-67.59314495560967,-67.59314495560967,0.008734675141689907,2.6116961151764,sous la mediane regionale,below regional median,stable,stable
MLT,Interest rate,4.705,2013-12-31,0.05316321105795621,0.05316321105795621,-1.18333333333333,8.0,sous la mediane regionale,below regional median,en degradation,worsening
MLT,Political stability,0.8049168999999999,2024-12-31,-14.213946500851929,-14.213946500851929,-0.1144324000000001,-0.9248175,au-dessus de la mediane regionale,above regional median,en degradation,worsening
MLT,Regulatory quality,0.4916337999999999,2024-12-31,-7.000335199504258,-7.000335199504258,-0.3355511000000001,-0.4676244,au-dessus de la mediane regionale,above regional median,en degradation,worsening
MLT,Reserves,0.246124766994321,2024-12-31,0.8992742253802435,0.8992742253802435,0.031124910506788006,5.978693032108115,sous la mediane regionale,below regional median,stable,stable
MLT,Rule of law,0.7271799999999999,2024-12-31,-8.41882362305199,-8.41882362305199,-0.2913969999999999,-0.6967772,au-dessus de la mediane regionale,above regional median,en degradation,worsening
MLT,Tax revenue,24.0777855096016,2024-12-31,12.26351947138104,12.26351947138104,-1.0251890784028994,11.1389424540703,au-dessus de la mediane regionale,above regional median,en degradation,worsening
MLT,Unemployment,3.1,2024-12-31,-10.893935038804253,-10.893935038804253,-0.98,9.103,sous la mediane regionale,below regional median,en amelioration,improving
MLT,Women in workforce,55.894,2024-12-31,0.6645655110310668,0.6645655110310668,6.567999999999998,22.234,au-dessus de la mediane regionale,above regional median,en amelioration,improving
MLT,Youth unemployment,9.119,2024-12-31,-2.188136865815731,-2.188136865815731,-0.9510000000000005,21.307,sous la mediane regionale,below regional median,en amelioration,improving
MMR,Agriculture value added,25.3,2024-12-31,11.344700397458121,11.344700397458121,4.457842224571802,9.79503060602777,au-dessus de la mediane regionale,above regional median,en amelioration,improving
MMR,CO2 per capita,2.1612349234426,2024-12-31,-1.0509649765624087,-1.0509649765624087,-0.14962853313710012,2.96182966114834,sous la mediane regionale,below regional median,en degradation,worsening
MMR,Commodity dependence,21.9570193842403,2024-12-31,-9.359065897219068,-9.359065897219068,-2.7145800062509977,1.446086854730515,au-dessus de la mediane regionale,above regional median,en amelioration,improving
MMR,Control of corruption,-1.2527062,2024-12-31,-12.689937873760924,-12.689937873760924,-0.4877127,0.38264925,sous la mediane regionale,below regional median,en degradation,worsening
MMR,Current account,0.0902156578672671,2019-12-31,102.39035613317095,102.39035613317095,3.876949009829277,2.19482817825998,sous la mediane regionale,below regional median,en amelioration,improving
MMR,Debt service,7.38528231051686,2024-12-31,5.619251072360817,5.619251072360817,3.7028060489154004,9.284516256809514,sous la mediane regionale,below regional median,en degradation,worsening
MMR,Dependency ratio,46.2094250408467,2024-12-31,0.0003696660861164738,0.0003696660861164738,-0.1870470076362949,53.5253966955507,sous la mediane regionale,below regional median,en amelioration,improving
MMR,Domestic credit,28.9828999467009,2020-12-31,8.803240271331642,8.803240271331642,10.8523485605876,92.64512899225335,sous la mediane regionale,below regional median,en amelioration,improving
MMR,Electricity access,80.4,2024-12-31,4.687500000000011,4.687500000000011,12.100000000000009,100.0,sous la mediane regionale,below regional median,en amelioration,improving
MMR,External debt,15.2759866470065,2024-12-31,-17.703641453147963,-17.703641453147963,-0.11758714548910021,36.46641372051265,sous la mediane regionale,below regional median,en amelioration,improving
MMR,FDI net inflows,1.47879223317634,2024-12-31,-35.059553469906504,-35.059553469906504,-0.8333198787673002,2.35252841903892,sous la mediane regionale,below regional median,en degradation,worsening
MMR,Fiscal balance,-2.587,2026-12-31,-0.7398753894081046,-0.7398753894081046,-3.165,-1.435,sous la mediane regionale,below regional median,en degradation,worsening
MMR,GDP growth,-0.97204641363362,2024-12-31,-201.418940622355,-201.418940622355,-7.5511564812877605,3.6482536159531502,sous la mediane regionale,below regional median,en degradation,worsening
MMR,GDP per capita,1359.05001560107,2024-12-31,10.205456872937964,10.205456872937964,-66.93952651795985,7488.460293591284,sous la mediane regionale,below regional median,en degradation,worsening
MMR,Gen gov debt,51.907,2026-12-31,0.0019265595499511992,0.0019265595499511992,-11.484000000000002,43.4465,au-dessus de la mediane regionale,above regional median,en amelioration,improving
MMR,Gini,30.7,2017-12-31,-19.422572178477697,-19.422572178477697,,34.25,sous la mediane regionale,below regional median,en degradation,worsening
MMR,Inflation,8.82506696804558,2019-12-31,28.41450706133694,28.41450706133694,3.8717677832015793,2.18151273615189,au-dessus de la mediane regionale,above regional median,en degradation,worsening
MMR,Interest rate,14.8333333333333,2020-12-31,-7.291666666666874,-7.291666666666874,-1.1666666666666998,6.01747975323522,au-dessus de la mediane regionale,above regional median,en degradation,worsening
MMR,Political stability,-2.0903985,2024-12-31,5.3554226980895585,5.3554226980895585,-0.7278374000000001,0.87674265,sous la mediane regionale,below regional median,en degradation,worsening
MMR,Regulatory quality,-1.4197208,2024-12-31,1.757094671087273,1.757094671087273,-0.5694223999999999,-0.07101989999999994,sous la mediane regionale,below regional median,en degradation,worsening
MMR,Reserves,3.28869018419057,2019-12-31,5.716270145886031,5.716270145886031,0.22291518298407986,5.704288535730781,sous la mediane regionale,below regional median,en amelioration,improving
MMR,Rule of law,-1.811602,2024-12-31,-5.066440124896458,-5.066440124896458,-0.6249042999999999,0.6409370999999999,sous la mediane regionale,below regional median,en degradation,worsening
MMR,Tax revenue,6.01765247726484,2019-12-31,118.27041073827537,118.27041073827537,0.17672355216800995,16.67863628412195,sous la mediane regionale,below regional median,en amelioration,improving
MMR,Unemployment,2.887,2024-12-31,-3.023177695666774,-3.023177695666774,2.48,2.988,proche de la mediane regionale,near regional median,en degradation,worsening
MMR,Women in workforce,40.959,2024-12-31,-0.22411147109692517,-0.22411147109692517,-5.329999999999998,55.596,sous la mediane regionale,below regional median,en degradation,worsening
MMR,Youth unemployment,9.967,2024-12-31,-1.0130102294170256,-1.0130102294170256,8.654,9.408,proche de la mediane regionale,near regional median,en degradation,worsening
MNE,Agriculture value added,3.49344410359799,2024-12-31,-7.3170989737187995,-7.3170989737187995,-0.2100667173760602,2.6262814922641997,au-dessus de la mediane regionale,above regional median,en degradation,worsening
MNE,Commodity dependence,25.2784229867546,2024-12-31,-31.032237928749414,-31.032237928749414,3.8692761634506,5.79530570621524,au-dessus de la mediane regionale,above regional median,en degradation,worsening
MNE,Control of corruption,-0.0594344,2024-12-31,12.696227986550529,12.696227986550529,0.003209400000000001,0.5531621,sous la mediane regionale,below regional median,stable,stable
MNE,Current account,-16.9729571014369,2024-12-31,-52.349850412187884,-52.349850412187884,-2.4633081380240007,-0.432631418354181,sous la mediane regionale,below regional median,en degradation,worsening
MNE,Debt service,29.801351346243,2024-12-31,55.7391227799669,55.7391227799669,4.183569187211599,13.953203049199,au-dessus de la mediane regionale,above regional median,en degradation,worsening
MNE,Dependency ratio,56.1495772729094,2024-12-31,0.6980042956158629,0.6980042956158629,3.201295141722298,55.30208239407135,proche de la mediane regionale,near regional median,en degradation,worsening
MNE,Domestic credit,45.2736633073804,2024-12-31,6.819045001675303,6.819045001675303,-4.269798046522894,51.23226305443685,sous la mediane regionale,below regional median,en degradation,worsening
MNE,Electricity access,100.0,2024-12-31,0.0,0.0,0.0,100.0,proche de la mediane regionale,near regional median,stable,stable
MNE,External debt,108.635519944661,2024-12-31,-4.668238115509752,-4.668238115509752,-41.940074866139,56.144278869823,au-dessus de la mediane regionale,above regional median,en amelioration,improving
MNE,FDI net inflows,7.24450579243955,2024-12-31,5.2963153570060895,5.2963153570060895,-0.3707129797626605,2.46510904267828,au-dessus de la mediane regionale,above regional median,en degradation,worsening
MNE,Fiscal balance,-1.431,2026-12-31,2.1872863978127155,2.1872863978127155,-0.05899999999999994,-2.067,au-dessus de la mediane regionale,above regional median,en degradation,worsening
MNE,GDP growth,3.16409886329913,2024-12-31,-51.158974206969354,-51.158974206969354,-1.2298167949161503,2.59946721553708,au-dessus de la mediane regionale,above regional median,en degradation,worsening
MNE,GDP per capita,13270.1824401005,2024-12-31,8.255907806928063,8.255907806928063,4520.92614275374,29603.7772588256,sous la mediane regionale,below regional median,en amelioration,improving
MNE,Gen gov debt,62.439,2026-12-31,-6.940801240014313,-6.940801240014313,-23.741999999999997,46.406,au-dessus de la mediane regionale,above regional median,en amelioration,improving
MNE,Gini,34.3,2021-12-31,-3.1073446327683656,-3.1073446327683656,-4.200000000000003,30.65,au-dessus de la mediane regionale,above regional median,en amelioration,improving
MNE,Inflation,3.33675009282281,2024-12-31,-61.1317432981076,-61.1317432981076,2.9751863882820433,2.83581658224034,au-dessus de la mediane regionale,above regional median,en degradation,worsening
MNE,Interest rate,6.59666666666667,2024-12-31,3.9663777252430337,3.9663777252430337,0.4216666666666704,6.65405833333333,proche de la mediane regionale,near regional median,en amelioration,improving
MNE,Political stability,0.3318563,2024-12-31,26.62452924499864,26.62452924499864,0.1362554,0.3087034999999999,proche de la mediane regionale,near regional median,en amelioration,improving
MNE,Regulatory quality,0.1273183,2024-12-31,-35.44515147673973,-35.44515147673973,-0.167033,0.6500427999999999,sous la mediane regionale,below regional median,en degradation,worsening
MNE,Reserves,3.47268133783394,2024-12-31,2.0004891615063745,2.0004891615063745,-1.2555919837179097,2.89106960627006,au-dessus de la mediane regionale,above regional median,en degradation,worsening
MNE,Rule of law,0.1813833,2024-12-31,42.09669105147131,42.09669105147131,0.1029147,0.6192042999999999,sous la mediane regionale,below regional median,en amelioration,improving
MNE,Unemployment,13.206,2024-12-31,0.45641259698766706,0.45641259698766706,-1.9220000000000006,5.4,au-dessus de la mediane regionale,above regional median,en amelioration,improving
MNE,Women in workforce,51.429,2024-12-31,-0.6721131004113776,-0.6721131004113776,4.541000000000004,54.888,proche de la mediane regionale,near regional median,en amelioration,improving
MNE,Youth unemployment,23.952,2024-12-31,2.6440968502249875,2.6440968502249875,-1.352999999999998,14.316,au-dessus de la mediane regionale,above regional median,en amelioration,improving
MNG,Agriculture value added,7.2909521026131,2024-12-31,-26.506964949009674,-26.506964949009674,-4.267430758613499,9.79503060602777,sous la mediane regionale,below regional median,en degradation,worsening
MNG,CO2 per capita,29.6060358807395,2024-12-31,9.973882500130008,9.973882500130008,6.3183935738134025,2.96182966114834,au-dessus de la mediane regionale,above regional median,en amelioration,improving
MNG,Commodity dependence,61.1123302589933,2023-12-31,13.421237359709389,13.421237359709389,15.326463943791303,1.446086854730515,au-dessus de la mediane regionale,above regional median,en degradation,worsening
MNG,Control of corruption,-0.4859579,2024-12-31,21.465322239052796,21.465322239052796,0.12925740000000002,0.38264925,sous la mediane regionale,below regional median,en amelioration,improving
MNG,Current account,-10.4453984769033,2024-12-31,-1850.7272543220336,-1850.7272543220336,4.770933960736601,2.19482817825998,sous la mediane regionale,below regional median,en amelioration,improving
MNG,Debt service,32.0417230045509,2024-12-31,1.3167304683537413,1.3167304683537413,-95.5389390466341,9.284516256809514,au-dessus de la mediane regionale,above regional median,en amelioration,improving
MNG,Dependency ratio,59.5684105260823,2024-12-31,-0.7238939961210937,-0.7238939961210937,2.1395845818364023,53.5253966955507,au-dessus de la mediane regionale,above regional median,en degradation,worsening
MNG,Domestic credit,44.9058835509055,2024-12-31,16.29586549675393,16.29586549675393,-3.9951385957026986,92.64512899225335,sous la mediane regionale,below regional median,en degradation,worsening
MNG,Electricity access,99.1,2024-12-31,-0.9000000000000057,-0.9000000000000057,0.19999999999998863,100.0,proche de la mediane regionale,near regional median,en amelioration,improving
MNG,External debt,181.85657688514,2024-12-31,-6.0803129203442525,-6.0803129203442525,-81.76864413418599,36.46641372051265,au-dessus de la mediane regionale,above regional median,en amelioration,improving
MNG,FDI net inflows,11.6924984371367,2024-12-31,5.736890103719177,5.736890103719177,-5.5064410828759005,2.35252841903892,au-dessus de la mediane regionale,above regional median,en degradation,worsening
MNG,Fiscal balance,-0.547,2026-12-31,-116.88271604938272,-116.88271604938272,0.574,-1.435,au-dessus de la mediane regionale,above regional median,en amelioration,improving
MNG,GDP growth,5.12204539122661,2024-12-31,-30.989388657715228,-30.989388657715228,-0.48019882941594005,3.6482536159531502,au-dessus de la mediane regionale,above regional median,en degradation,worsening
MNG,GDP per capita,6750.6301157724,2024-12-31,15.620083240510626,15.620083240510626,2403.08401262367,7488.460293591284,proche de la mediane regionale,near regional median,en amelioration,improving
MNG,Gen gov debt,43.655,2026-12-31,-3.231884379225497,-3.231884379225497,-23.667999999999992,43.4465,proche de la mediane regionale,near regional median,en amelioration,improving
MNG,Gini,31.4,2022-12-31,-3.975535168195731,-3.975535168195731,-0.8999999999999986,34.25,proche de la mediane regionale,near regional median,en amelioration,improving
MNG,Gov debt,43.3447191804482,2024-12-31,-35.853087874695056,-35.853087874695056,-17.4993205370139,50.3420177209934,sous la mediane regionale,below regional median,en amelioration,improving
MNG,Inflation,6.1977990165842,2024-12-31,-40.10389732693754,-40.10389732693754,-1.1032705189230905,2.18151273615189,au-dessus de la mediane regionale,above regional median,en amelioration,improving
MNG,Interest rate,16.0067624800933,2021-12-31,-5.456763291788085,-5.456763291788085,-3.734772630911799,6.01747975323522,au-dessus de la mediane regionale,above regional median,en degradation,worsening
MNG,Political stability,0.4203821,2024-12-31,-34.64819285387047,-34.64819285387047,-0.3179105,0.87674265,sous la mediane regionale,below regional median,en degradation,worsening
MNG,Regulatory quality,-0.0707494999999999,2024-12-31,-72.47183752672393,-72.47183752672393,-0.004372000000000001,-0.07101989999999994,au-dessus de la mediane regionale,above regional median,stable,stable
MNG,Reserves,3.33485033562729,2024-12-31,-8.22950404310866,-8.22950404310866,-1.3353516370972605,5.704288535730781,sous la mediane regionale,below regional median,en degradation,worsening
MNG,Rule of law,-0.09977,2024-12-31,36.67375016820142,36.67375016820142,0.1040622,0.6409370999999999,sous la mediane regionale,below regional median,en amelioration,improving
MNG,Tax revenue,16.8548718595202,2024-12-31,17.903242114545765,17.903242114545765,0.004350943001497853,16.67863628412195,proche de la mediane regionale,near regional median,stable,stable
MNG,Unemployment,5.158,2024-12-31,-0.38624951718809525,-0.38624951718809525,-3.8659999999999988,2.988,au-dessus de la mediane regionale,above regional median,en amelioration,improving
MNG,Women in workforce,52.1,2024-12-31,-0.6994872967770167,-0.6994872967770167,-5.802,55.596,proche de la mediane regionale,near regional median,en degradation,worsening
MNG,Youth unemployment,11.542,2024-12-31,-0.5428694528220648,-0.5428694528220648,-9.586,9.408,au-dessus de la mediane regionale,above regional median,en amelioration,improving
MNP,CO2 per capita,0.0925967749220832,2024-12-31,1.953566105063496,1.953566105063496,0.0094867996473008,2.96182966114834,sous la mediane regionale,below regional median,stable,stable
MNP,Dependency ratio,46.5285591369382,2024-12-31,2.031117903725059,2.031117903725059,4.437746666461102,53.5253966955507,sous la mediane regionale,below regional median,en degradation,worsening
MNP,Electricity access,100.0,2024-12-31,0.0,0.0,0.0,100.0,proche de la mediane regionale,near regional median,stable,stable
MNP,GDP growth,16.6427546628408,2022-12-31,234.87239685231182,234.87239685231182,-6.527977044476298,3.6482536159531502,au-dessus de la mediane regionale,above regional median,en degradation,worsening
MNP,GDP per capita,23785.754590043,2022-12-31,22.25721716472965,22.25721716472965,-7439.8504060538,7488.460293591284,au-dessus de la mediane regionale,above regional median,en degradation,worsening
MOZ,Agriculture value added,25.1688427290538,2024-12-31,-0.7687181291249391,-0.7687181291249391,0.39906091449010006,20.7932870939229,au-dessus de la mediane regionale,above regional median,en amelioration,improving
MOZ,CO2 per capita,0.970946731391059,2024-12-31,-4.837261315300526,-4.837261315300526,-0.03874796530333102,1.52210243022339,sous la mediane regionale,below regional median,stable,stable
MOZ,Commodity dependence,58.9003236000415,2024-12-31,2.2335174826604196,2.2335174826604196,17.125279121759405,1.604781106301575,au-dessus de la mediane regionale,above regional median,en degradation,worsening
MOZ,Control of corruption,-1.0618104,2024-12-31,-17.419702430557386,-17.419702430557386,-0.18604569999999998,-0.7934948,sous la mediane regionale,below regional median,en degradation,worsening
MOZ,Current account,-10.9577328385216,2024-12-31,-3.8942456735261226,-3.8942456735261226,5.1187149213049,-4.05918464223764,sous la mediane regionale,below regional median,en amelioration,improving
MOZ,Debt service,46.5096494923949,2024-12-31,0.763063415662504,0.763063415662504,18.0101898633939,11.8141665228846,au-dessus de la mediane regionale,above regional median,en degradation,worsening
MOZ,Dependency ratio,89.5117827853714,2024-12-31,-1.151717733279094,-1.151717733279094,-3.1503734883150116,76.3947216046137,au-dessus de la mediane regionale,above regional median,en amelioration,improving
MOZ,Domestic credit,17.6069907113773,2024-12-31,-4.8880660213406015,-4.8880660213406015,-3.6721678042618002,15.8986695709198,au-dessus de la mediane regionale,above regional median,en degradation,worsening
MOZ,Electricity access,36.9,2024-12-31,2.499999999999996,2.499999999999996,7.199999999999999,57.8,sous la mediane regionale,below regional median,en amelioration,improving
MOZ,External debt,350.573066715697,2024-12-31,-1.349432818269484,-1.349432818269484,-13.938756917656008,43.99766261125275,au-dessus de la mediane regionale,above regional median,en amelioration,improving
MOZ,FDI net inflows,15.4210115464394,2024-12-31,20.261762264706434,20.261762264706434,-6.363179943753801,2.351663747275275,au-dessus de la mediane regionale,above regional median,en degradation,worsening
MOZ,Fiscal balance,-6.479,2026-12-31,-2491.6,-2491.6,-3.797,-2.4305,sous la mediane regionale,below regional median,en degradation,worsening
MOZ,GDP growth,2.14892499135355,2024-12-31,-60.95592879870967,-60.95592879870967,-0.16888895686119998,4.366019176358015,sous la mediane regionale,below regional median,en degradation,worsening
MOZ,GDP per capita,656.976148587772,2024-12-31,5.5907282317463745,5.5907282317463745,137.88359767415193,1189.858061476885,sous la mediane regionale,below regional median,en amelioration,improving
MOZ,Gen gov debt,106.067,2026-12-31,3.448713072144022,3.448713072144022,1.7479999999999905,53.801,au-dessus de la mediane regionale,above regional median,en degradation,worsening
MOZ,Gini,49.6,2022-12-31,-2.169625246548326,-2.169625246548326,-4.399999999999999,38.5,au-dessus de la mediane regionale,above regional median,en amelioration,improving
MOZ,Gov debt,71.7714670511801,2024-12-31,-1.193922043473604,-1.193922043473604,-7.106874453577305,45.07729323099015,au-dessus de la mediane regionale,above regional median,en amelioration,improving
MOZ,Inflation,4.07856834812022,2024-12-31,-42.77279700890435,-42.77279700890435,1.2758652688391106,4.214928221107796,proche de la mediane regionale,near regional median,en degradation,worsening
MOZ,Interest rate,21.725,2024-12-31,-8.333333333333325,-8.333333333333325,2.7666666666667012,11.7409744802492,au-dessus de la mediane regionale,above regional median,en amelioration,improving
MOZ,Political stability,-1.7581974,2024-12-31,-23.956055391278554,-23.956055391278554,-0.928675,-0.5953656,sous la mediane regionale,below regional median,en degradation,worsening
MOZ,Regulatory quality,-0.7635095,2024-12-31,-1.5262253537682897,-1.5262253537682897,-0.038297899999999996,-0.7386300499999999,au-dessus de la mediane regionale,above regional median,stable,stable
MOZ,Reserves,3.4400564661862,2024-12-31,5.251695279848474,5.251695279848474,-1.08127497285171,3.5612582316005197,proche de la mediane regionale,near regional median,en degradation,worsening
MOZ,Rule of law,-1.1949508,2024-12-31,-8.465042092976798,-8.465042092976798,-0.2293484,-0.8753552499999999,sous la mediane regionale,below regional median,en degradation,worsening
MOZ,Tax revenue,21.8458736303603,2024-12-31,-2.267694557338658,-2.267694557338658,-4.836986429113001,12.7396805065136,au-dessus de la mediane regionale,above regional median,en degradation,worsening
MOZ,Unemployment,6.668,2024-12-31,0.10508932592704642,0.10508932592704642,2.2060000000000004,5.487,au-dessus de la mediane regionale,above regional median,en degradation,worsening
MOZ,Women in workforce,77.206,2024-12-31,-0.08153334454956371,-0.08153334454956371,-0.5289999999999964,57.104,au-dessus de la mediane regionale,above regional median,en degradation,worsening
MOZ,Youth unemployment,11.498,2024-12-31,0.2353761659837786,0.2353761659837786,2.987,8.814,au-dessus de la mediane regionale,above regional median,en degradation,worsening
MRT,Agriculture value added,19.3310648282597,2024-12-31,0.884357830079088,0.884357830079088,-0.6268176258123006,20.7932870939229,proche de la mediane regionale,near regional median,en degradation,worsening
MRT,CO2 per capita,3.38697275019611,2024-12-31,-1.0000127659348954,-1.0000127659348954,-0.22405106783317974,1.52210243022339,au-dessus de la mediane regionale,above regional median,en degradation,worsening
MRT,Commodity dependence,0.520317315307166,2024-12-31,8.481419837889014,8.481419837889014,-3.840556708954374,1.604781106301575,sous la mediane regionale,below regional median,en amelioration,improving
MRT,Control of corruption,-0.933745,2024-12-31,-17.227287067968845,-17.227287067968845,0.047262499999999985,-0.7934948,sous la mediane regionale,below regional median,stable,stable
MRT,Current account,-9.55383541959404,2024-12-31,-5.645520442319859,-5.645520442319859,0.9734749420304585,-4.05918464223764,sous la mediane regionale,below regional median,en amelioration,improving
MRT,Debt service,9.67472381178827,2024-12-31,2.6806831745853863,2.6806831745853863,-4.35707082474303,11.8141665228846,sous la mediane regionale,below regional median,en amelioration,improving
MRT,Dependency ratio,84.978354637561,2024-12-31,-1.2469904479630949,-1.2469904479630949,-4.713261701779899,76.3947216046137,au-dessus de la mediane regionale,above regional median,en amelioration,improving
MRT,Domestic credit,22.7235411550392,2019-12-31,3.0961232124116362,3.0961232124116362,3.2032413812823997,15.8986695709198,au-dessus de la mediane regionale,above regional median,en amelioration,improving
MRT,Electricity access,52.2,2024-12-31,3.777335984095439,3.777335984095439,7.300000000000004,57.8,proche de la mediane regionale,near regional median,en amelioration,improving
MRT,External debt,41.8283000583246,2024-12-31,-2.8114741307931164,-2.8114741307931164,-27.1753364510474,43.99766261125275,proche de la mediane regionale,near regional median,en amelioration,improving
MRT,FDI net inflows,13.2389288029166,2024-12-31,66.78412726074473,66.78412726074473,24.430663181379998,2.351663747275275,au-dessus de la mediane regionale,above regional median,en amelioration,improving
MRT,Fiscal balance,0.53,2026-12-31,17.777777777777782,17.777777777777782,-2.0679999999999996,-2.4305,au-dessus de la mediane regionale,above regional median,en degradation,worsening
MRT,GDP growth,6.3076021190402,2024-12-31,-7.370418397382192,-7.370418397382192,3.1665972263938102,4.366019176358015,au-dessus de la mediane regionale,above regional median,en amelioration,improving
MRT,GDP per capita,2104.54260769051,2024-12-31,-1.1003518393467455,-1.1003518393467455,337.4698970695101,1189.858061476885,au-dessus de la mediane regionale,above regional median,en amelioration,improving
MRT,Gen gov debt,37.077,2026-12-31,-7.5409590783272265,-7.5409590783272265,-17.373000000000005,53.801,sous la mediane regionale,below regional median,en amelioration,improving
MRT,Gini,32.0,2019-12-31,-1.8404907975460165,-1.8404907975460165,-0.6000000000000014,38.5,sous la mediane regionale,below regional median,en amelioration,improving
MRT,Inflation,2.49164347481972,2024-12-31,-49.69476784542658,-49.69476784542658,0.19155085364034985,4.214928221107796,sous la mediane regionale,below regional median,en degradation,worsening
MRT,Interest rate,17.0,2017-12-31,0.0,0.0,0.0,11.7409744802492,au-dessus de la mediane regionale,above regional median,stable,stable
MRT,Political stability,-0.5595872,2024-12-31,-10.969868294632143,-10.969868294632143,0.0858508,-0.5953656,au-dessus de la mediane regionale,above regional median,en amelioration,improving
MRT,Regulatory quality,-0.7781511999999999,2024-12-31,9.663982807450788,9.663982807450788,-0.016722399999999915,-0.7386300499999999,au-dessus de la mediane regionale,above regional median,stable,stable
MRT,Reserves,5.41378065178569,2021-12-31,16.772912035936972,16.772912035936972,1.6164920791732804,3.5612582316005197,au-dessus de la mediane regionale,above regional median,en amelioration,improving
MRT,Rule of law,-0.8635098999999999,2024-12-31,-1.1133938289335525,-1.1133938289335525,-0.08136869999999996,-0.8753552499999999,au-dessus de la mediane regionale,above regional median,en degradation,worsening
MRT,Unemployment,10.257,2024-12-31,-1.0896817743490796,-1.0896817743490796,-0.1590000000000007,5.487,au-dessus de la mediane regionale,above regional median,en amelioration,improving
MRT,Women in workforce,26.239,2024-12-31,0.15650049622108697,0.15650049622108697,-0.02400000000000091,57.104,sous la mediane regionale,below regional median,stable,stable
MRT,Youth unemployment,23.038,2024-12-31,-0.8691910499139336,-0.8691910499139336,-0.3329999999999984,8.814,au-dessus de la mediane regionale,above regional median,en amelioration,improving
MUS,Agriculture value added,4.23209224844774,2024-12-31,5.46868601321145,5.46868601321145,1.5634647899188705,20.7932870939229,sous la mediane regionale,below regional median,en amelioration,improving
MUS,CO2 per capita,5.19482187450583,2024-12-31,2.584155701097337,2.584155701097337,0.49729386272053944,1.52210243022339,au-dessus de la mediane regionale,above regional median,en amelioration,improving
MUS,Commodity dependence,0.0006277142352443,2024-12-31,-67.72873920140461,-67.72873920140461,-0.9339093813412417,1.604781106301575,sous la mediane regionale,below regional median,en amelioration,improving
MUS,Control of corruption,0.3404819,2024-12-31,-0.3826912380968472,-0.3826912380968472,0.020681800000000028,-0.7934948,au-dessus de la mediane regionale,above regional median,stable,stable
MUS,Current account,-7.029117202833,2024-12-31,-41.95357223427808,-41.95357223427808,-2.12311551645635,-4.05918464223764,sous la mediane regionale,below regional median,en degradation,worsening
MUS,Debt service,8.48229754247703,2024-12-31,0.3924496406807788,0.3924496406807788,-11.256265369520671,11.8141665228846,sous la mediane regionale,below regional median,en amelioration,improving
MUS,Dependency ratio,39.5416044069779,2024-12-31,1.3472297770682933,1.3472297770682933,1.1005825120411998,76.3947216046137,sous la mediane regionale,below regional median,en degradation,worsening
MUS,Domestic credit,69.8649496913996,2024-12-31,-0.041492549767744226,-0.041492549767744226,-7.1040971798459935,15.8986695709198,au-dessus de la mediane regionale,above regional median,en degradation,worsening
MUS,Electricity access,100.0,2024-12-31,0.0,0.0,0.0,57.8,au-dessus de la mediane regionale,above regional median,stable,stable
MUS,External debt,123.165055468656,2024-12-31,-0.3413689983456751,-0.3413689983456751,42.09338070001981,43.99766261125275,au-dessus de la mediane regionale,above regional median,en degradation,worsening
MUS,FDI net inflows,4.56067539257877,2024-12-31,-15.537281421303417,-15.537281421303417,1.52844167427028,2.351663747275275,au-dessus de la mediane regionale,above regional median,en amelioration,improving
MUS,Fiscal balance,-3.128,2026-12-31,-116.77061677061677,-116.77061677061677,0.9559999999999995,-2.4305,sous la mediane regionale,below regional median,en amelioration,improving
MUS,GDP growth,4.94844235250574,2024-12-31,5.304337246385175,5.304337246385175,2.0844929656584004,4.366019176358015,au-dessus de la mediane regionale,above regional median,en amelioration,improving
MUS,GDP per capita,11990.9355434317,2024-12-31,6.397241488817185,6.397241488817185,422.6822034492998,1189.858061476885,au-dessus de la mediane regionale,above regional median,en amelioration,improving
MUS,Gen gov debt,86.471,2026-12-31,0.009252512635473876,0.009252512635473876,0.3370000000000033,53.801,au-dessus de la mediane regionale,above regional median,en degradation,worsening
MUS,Gini,36.8,2017-12-31,-4.415584415584424,-4.415584415584424,-1.7000000000000028,38.5,proche de la mediane regionale,near regional median,en amelioration,improving
MUS,Gov debt,57.1349404640455,2019-12-31,4.718679134229688,4.718679134229688,21.1309355253711,45.07729323099015,au-dessus de la mediane regionale,above regional median,en degradation,worsening
MUS,Inflation,3.6045220384796,2024-12-31,-48.89364751035136,-48.89364751035136,3.1988668481700473,4.214928221107796,sous la mediane regionale,below regional median,en degradation,worsening
MUS,Interest rate,9.375,2024-12-31,-1.3157894736842104,-1.3157894736842104,0.9250000000000007,11.7409744802492,sous la mediane regionale,below regional median,en amelioration,improving
MUS,Political stability,0.7903521,2024-12-31,-5.327733947143219,-5.327733947143219,-0.1387733,-0.5953656,au-dessus de la mediane regionale,above regional median,en degradation,worsening
MUS,Regulatory quality,0.9400045,2024-12-31,-0.45703767492473196,-0.45703767492473196,-0.020055799999999957,-0.7386300499999999,au-dessus de la mediane regionale,above regional median,stable,stable
MUS,Reserves,5.16133343497892,2024-12-31,36.35810690624042,36.35810690624042,-0.15540861547835938,3.5612582316005197,au-dessus de la mediane regionale,above regional median,en degradation,worsening
MUS,Rule of law,0.638614,2024-12-31,-3.727616332358863,-3.727616332358863,-0.2543821999999999,-0.8753552499999999,au-dessus de la mediane regionale,above regional median,en degradation,worsening
MUS,Tax revenue,20.5321450223193,2024-12-31,-0.28875052267190043,-0.28875052267190043,1.4015195194492982,12.7396805065136,au-dessus de la mediane regionale,above regional median,en amelioration,improving
MUS,Unemployment,5.548,2024-12-31,-0.4128522706874832,-0.4128522706874832,-0.7830000000000004,5.487,proche de la mediane regionale,near regional median,en amelioration,improving
MUS,Women in workforce,47.45,2024-12-31,-0.4071866342036679,-0.4071866342036679,1.027000000000001,57.104,sous la mediane regionale,below regional median,en amelioration,improving
MUS,Youth unemployment,16.499,2024-12-31,0.31006809338520414,0.31006809338520414,-5.584,8.814,au-dessus de la mediane regionale,above regional median,en amelioration,improving
MWI,Agriculture value added,31.7872465905099,2024-12-31,10.107131294219625,10.107131294219625,8.839847411495697,20.7932870939229,au-dessus de la mediane regionale,above regional median,en amelioration,improving
MWI,CO2 per capita,0.87847373615846,2024-12-31,1.0130498982715963,1.0130498982715963,-0.052774605562803,1.52210243022339,sous la mediane regionale,below regional median,en degradation,worsening
MWI,Commodity dependence,0.0048754441074033,2024-12-31,3249.8021040037934,3249.8021040037934,-0.1462862735839977,1.604781106301575,sous la mediane regionale,below regional median,en amelioration,improving
MWI,Control of corruption,-0.6486607,2024-12-31,-3.3666223662781705,-3.3666223662781705,0.15366029999999997,-0.7934948,au-dessus de la mediane regionale,above regional median,en amelioration,improving
MWI,Current account,-18.7878927787052,2024-12-31,-19.357049074805136,-19.357049074805136,-6.834674638440399,-4.05918464223764,sous la mediane regionale,below regional median,en degradation,worsening
MWI,Debt service,10.5586545915916,2024-12-31,8.789883854001097,8.789883854001097,3.9383570837401596,11.8141665228846,sous la mediane regionale,below regional median,en degradation,worsening
MWI,Dependency ratio,76.3409449778756,2024-12-31,-2.477831227526307,-2.477831227526307,-10.34413205108281,76.3947216046137,proche de la mediane regionale,near regional median,en amelioration,improving
MWI,Domestic credit,7.91033846538175,2024-12-31,2.09808308447334,2.09808308447334,0.68959676980782,15.8986695709198,sous la mediane regionale,below regional median,en amelioration,improving
MWI,Electricity access,15.6,2024-12-31,0.0,0.0,4.4,57.8,sous la mediane regionale,below regional median,en amelioration,improving
MWI,External debt,35.2492254102013,2024-12-31,20.77676196412922,20.77676196412922,12.742824568563098,43.99766261125275,sous la mediane regionale,below regional median,en degradation,worsening
MWI,FDI net inflows,2.28053083149593,2024-12-31,42.43871119111707,42.43871119111707,1.7808152357066531,2.351663747275275,proche de la mediane regionale,near regional median,en amelioration,improving
MWI,Fiscal balance,-10.506,2026-12-31,-125.88690604171147,-125.88690604171147,-6.196000000000001,-2.4305,sous la mediane regionale,below regional median,en degradation,worsening
MWI,GDP growth,1.6734340852915,2024-12-31,-13.995546048948707,-13.995546048948707,-4.043391106651869,4.366019176358015,sous la mediane regionale,below regional median,en degradation,worsening
MWI,GDP per capita,522.365366146003,2024-12-31,-17.505814367933638,-17.505814367933638,-58.523773616472,1189.858061476885,sous la mediane regionale,below regional median,en degradation,worsening
MWI,Gen gov debt,74.457,2026-12-31,-4.986920181203345,-4.986920181203345,7.910999999999987,53.801,au-dessus de la mediane regionale,above regional median,en degradation,worsening
MWI,Gini,38.5,2019-12-31,-13.870246085011193,-13.870246085011193,-7.0,38.5,proche de la mediane regionale,near regional median,en amelioration,improving
MWI,Gov debt,61.8124167800324,2023-12-31,11.174987121996596,11.174987121996596,20.1113101833795,45.07729323099015,au-dessus de la mediane regionale,above regional median,en degradation,worsening
MWI,Inflation,32.1796504225025,2024-12-31,11.774706076432322,11.774706076432322,22.808814366445798,4.214928221107796,au-dessus de la mediane regionale,above regional median,en degradation,worsening
MWI,Interest rate,37.0641666666667,2024-12-31,10.481962876252325,10.481962876252325,11.389861111111202,11.7409744802492,au-dessus de la mediane regionale,above regional median,en amelioration,improving
MWI,Political stability,-0.3802084,2024-12-31,-56.82583601131669,-56.82583601131669,-0.09775719999999999,-0.5953656,au-dessus de la mediane regionale,above regional median,en degradation,worsening
MWI,Regulatory quality,-0.5849557,2024-12-31,17.202105292360983,17.202105292360983,0.07815369999999999,-0.7386300499999999,au-dessus de la mediane regionale,above regional median,en amelioration,improving
MWI,Reserves,1.91482223577028,2020-12-31,-32.99775251291011,-32.99775251291011,-1.07471323268029,3.5612582316005197,sous la mediane regionale,below regional median,en degradation,worsening
MWI,Rule of law,-0.1463001,2024-12-31,-8.890213731321953,-8.890213731321953,0.1585006,-0.8753552499999999,au-dessus de la mediane regionale,above regional median,en amelioration,improving
MWI,Tax revenue,15.5978477117661,2024-12-31,10.112259123493525,10.112259123493525,3.6226350427578993,12.7396805065136,au-dessus de la mediane regionale,above regional median,en amelioration,improving
MWI,Unemployment,5.051,2024-12-31,0.8384907167099184,0.8384907167099184,0.08699999999999974,5.487,proche de la mediane regionale,near regional median,en degradation,worsening
MWI,Women in workforce,58.534,2024-12-31,-0.18757247118204665,-0.18757247118204665,-0.4960000000000022,57.104,proche de la mediane regionale,near regional median,en degradation,worsening
MWI,Youth unemployment,6.889,2024-12-31,0.6869336451330108,0.6869336451330108,0.07699999999999996,8.814,sous la mediane regionale,below regional median,en degradation,worsening
MYS,Agriculture value added,8.12846782241948,2024-12-31,4.6766778517320615,4.6766778517320615,0.8871538067979703,9.79503060602777,sous la mediane regionale,below regional median,en amelioration,improving
MYS,CO2 per capita,9.34163492644752,2024-12-31,3.0670212513968775,3.0670212513968775,0.6057439752216514,2.96182966114834,au-dessus de la mediane regionale,above regional median,en amelioration,improving
MYS,Commodity dependence,14.4033158188559,2024-12-31,-12.771479497024837,-12.771479497024837,-0.03596182887600108,1.446086854730515,au-dessus de la mediane regionale,above regional median,stable,stable
MYS,Control of corruption,0.4983973,2024-12-31,30.91705477059183,30.91705477059183,0.03749400000000008,0.38264925,au-dessus de la mediane regionale,above regional median,stable,stable
MYS,Current account,1.69342393177115,2024-12-31,8.242518732763921,8.242518732763921,-1.81046276506304,2.19482817825998,sous la mediane regionale,below regional median,en degradation,worsening
MYS,Dependency ratio,41.8927658645277,2024-12-31,-1.0254458032744425,-1.0254458032744425,-2.943321932989498,53.5253966955507,sous la mediane regionale,below regional median,en amelioration,improving
MYS,Domestic credit,116.107410807392,2024-12-31,-0.8471597356917762,-0.8471597356917762,-4.599535491721994,92.64512899225335,au-dessus de la mediane regionale,above regional median,en degradation,worsening
MYS,Electricity access,100.0,2024-12-31,0.0,0.0,0.0,100.0,proche de la mediane regionale,near regional median,stable,stable
MYS,FDI net inflows,3.6930953933026,2024-12-31,86.5293309486029,86.5293309486029,1.1861183358221599,2.35252841903892,au-dessus de la mediane regionale,above regional median,en amelioration,improving
MYS,Fiscal balance,-1.179,2026-12-31,23.886378308586178,23.886378308586178,4.853,-1.435,au-dessus de la mediane regionale,above regional median,en amelioration,improving
MYS,GDP growth,5.17127082911057,2025-12-31,1.2890440636203129,1.2890440636203129,10.62811741337758,3.6482536159531502,au-dessus de la mediane regionale,above regional median,en amelioration,improving
MYS,GDP per capita,11874.4273684245,2024-12-31,4.289356294973379,4.289356294973379,954.2356044525004,7488.460293591284,au-dessus de la mediane regionale,above regional median,en amelioration,improving
MYS,Gen gov debt,69.472,2026-12-31,-1.6701579573119045,-1.6701579573119045,0.30999999999998806,43.4465,au-dessus de la mediane regionale,above regional median,en degradation,worsening
MYS,Gini,40.7,2021-12-31,-1.2135922330097086,-1.2135922330097086,-0.3999999999999986,34.25,au-dessus de la mediane regionale,above regional median,en amelioration,improving
MYS,Gov debt,64.566529006102,2024-12-31,0.4432134595342658,0.4432134595342658,12.1451787941293,50.3420177209934,au-dessus de la mediane regionale,above regional median,en degradation,worsening
MYS,Inflation,1.38060872293692,2025-12-31,-24.72555645813011,-24.72555645813011,2.51931087686742,2.18151273615189,sous la mediane regionale,below regional median,en degradation,worsening
MYS,Interest rate,4.82472886111111,2025-12-31,-8.668934181126787,-8.668934181126787,0.8805211687649597,6.01747975323522,sous la mediane regionale,below regional median,en amelioration,improving
MYS,Political stability,0.3847799,2024-12-31,68.62636397062207,68.62636397062207,0.2238907000000001,0.87674265,sous la mediane regionale,below regional median,en amelioration,improving
MYS,Regulatory quality,0.6804759,2024-12-31,15.647145598199884,15.647145598199884,-0.0752780999999999,-0.07101989999999994,au-dessus de la mediane regionale,above regional median,en degradation,worsening
MYS,Reserves,4.45057833503037,2024-12-31,-6.847632458203829,-6.847632458203829,-0.8151729244073902,5.704288535730781,sous la mediane regionale,below regional median,en degradation,worsening
MYS,Rule of law,0.3451357,2024-12-31,14.402937110084979,14.402937110084979,0.006208500000000006,0.6409370999999999,sous la mediane regionale,below regional median,stable,stable
MYS,Tax revenue,12.4304744518644,2024-12-31,-1.069373703660598,-1.069373703660598,0.494125621929701,16.67863628412195,sous la mediane regionale,below regional median,en amelioration,improving
MYS,Unemployment,3.846,2024-12-31,-0.31104199066874055,-0.31104199066874055,0.516,2.988,au-dessus de la mediane regionale,above regional median,en degradation,worsening
MYS,Women in workforce,51.617,2024-12-31,0.048457125135677195,0.048457125135677195,-0.16600000000000392,55.596,proche de la mediane regionale,near regional median,en degradation,worsening
MYS,Youth unemployment,12.25,2024-12-31,0.8562489708545957,0.8562489708545957,1.0389999999999997,9.408,au-dessus de la mediane regionale,above regional median,en degradation,worsening
NAM,Agriculture value added,7.15434549494855,2024-12-31,-5.96136203864308,-5.96136203864308,0.07036875647419993,20.7932870939229,sous la mediane regionale,below regional median,en amelioration,improving
NAM,CO2 per capita,4.69025926601853,2024-12-31,0.05603913522192151,0.05603913522192151,0.24787984542749975,1.52210243022339,au-dessus de la mediane regionale,above regional median,en amelioration,improving
NAM,Commodity dependence,1.28285602218848,2024-12-31,-22.60808619748291,-22.60808619748291,-0.028704338413739983,1.604781106301575,sous la mediane regionale,below regional median,stable,stable
NAM,Control of corruption,0.1265202,2024-12-31,-23.28817456217577,-23.28817456217577,-0.30535899999999994,-0.7934948,au-dessus de la mediane regionale,above regional median,en degradation,worsening
NAM,Current account,-13.4129533004201,2024-12-31,10.752705038142798,10.752705038142798,-11.647979994299249,-4.05918464223764,sous la mediane regionale,below regional median,en degradation,worsening
NAM,Dependency ratio,68.4996560642518,2024-12-31,-0.8692743944314697,-0.8692743944314697,0.3005047722470948,76.3947216046137,sous la mediane regionale,below regional median,en degradation,worsening
NAM,Domestic credit,55.0557660417046,2024-12-31,-1.8032496375926788,-1.8032496375926788,-15.894813310652395,15.8986695709198,au-dessus de la mediane regionale,above regional median,en degradation,worsening
NAM,Electricity access,59.3,2024-12-31,4.585537918871243,4.585537918871243,6.0,57.8,proche de la mediane regionale,near regional median,en amelioration,improving
NAM,FDI net inflows,14.1844922069439,2024-12-31,-22.585321921894288,-22.585321921894288,15.59159849326001,2.351663747275275,au-dessus de la mediane regionale,above regional median,en amelioration,improving
NAM,Fiscal balance,-6.075,2026-12-31,-423.2558139534883,-423.2558139534883,-1.6480000000000006,-2.4305,sous la mediane regionale,below regional median,en degradation,worsening
NAM,GDP growth,3.77851723267591,2024-12-31,-12.635045578215603,-12.635045578215603,4.617669396095267,4.366019176358015,sous la mediane regionale,below regional median,en amelioration,improving
NAM,GDP per capita,4501.84849548225,2024-12-31,6.5276397825451955,6.5276397825451955,-230.07253640085037,1189.858061476885,au-dessus de la mediane regionale,above regional median,en degradation,worsening
NAM,Gen gov debt,70.478,2026-12-31,0.32883966575084284,0.32883966575084284,0.8739999999999952,53.801,au-dessus de la mediane regionale,above regional median,en degradation,worsening
NAM,Gini,59.1,2015-12-31,-3.1147540983606534,-3.1147540983606534,-1.8999999999999986,38.5,au-dessus de la mediane regionale,above regional median,en amelioration,improving
NAM,Gov debt,4.6675823557404,2015-12-31,81.48635559683612,81.48635559683612,3.06063316319509,45.07729323099015,sous la mediane regionale,below regional median,en degradation,worsening
NAM,Inflation,4.23903922877036,2024-12-31,-27.906694657914464,-27.906694657914464,0.5166450845434101,4.214928221107796,proche de la mediane regionale,near regional median,en degradation,worsening
NAM,Interest rate,10.9566133964356,2024-12-31,0.2734221842745665,0.2734221842745665,1.080780063102269,11.7409744802492,proche de la mediane regionale,near regional median,en amelioration,improving
NAM,Political stability,0.5467327,2024-12-31,31.72431439149632,31.72431439149632,-0.039182200000000056,-0.5953656,au-dessus de la mediane regionale,above regional median,stable,stable
NAM,Regulatory quality,0.1349052,2024-12-31,55.688708445181,55.688708445181,0.013964700000000108,-0.7386300499999999,au-dessus de la mediane regionale,above regional median,stable,stable
NAM,Reserves,3.95760383889023,2024-12-31,6.166026528156874,6.166026528156874,0.1298536056764501,3.5612582316005197,au-dessus de la mediane regionale,above regional median,en amelioration,improving
NAM,Rule of law,0.3278567,2024-12-31,6.168323141468956,6.168323141468956,0.1419433000000001,-0.8753552499999999,au-dessus de la mediane regionale,above regional median,en amelioration,improving
NAM,Tax revenue,33.8715291719611,2024-12-31,3.6984401053973235,3.6984401053973235,3.4784339799604,12.7396805065136,au-dessus de la mediane regionale,above regional median,en amelioration,improving
NAM,Unemployment,19.157,2024-12-31,0.01566252479899819,0.01566252479899819,-0.7719999999999985,5.487,au-dessus de la mediane regionale,above regional median,en amelioration,improving
NAM,Women in workforce,54.911,2024-12-31,0.15138250528926533,0.15138250528926533,-0.41100000000000136,57.104,proche de la mediane regionale,near regional median,en degradation,worsening
NAM,Youth unemployment,37.24,2024-12-31,0.298957688060557,0.298957688060557,-0.9169999999999945,8.814,au-dessus de la mediane regionale,above regional median,en amelioration,improving
NCL,Agriculture value added,1.78613861386139,2019-12-31,-11.221389632423682,-11.221389632423682,0.013683273308569888,9.79503060602777,sous la mediane regionale,below regional median,stable,stable
NCL,CO2 per capita,18.3898933498269,2024-12-31,1.637400574174997,1.637400574174997,-3.576849243771303,2.96182966114834,au-dessus de la mediane regionale,above regional median,en degradation,worsening
NCL,Commodity dependence,0.0110083934387515,2015-12-31,436.2397280884019,436.2397280884019,-0.0646254952389085,1.446086854730515,sous la mediane regionale,below regional median,en amelioration,improving
NCL,Control of corruption,0.1263751,2024-12-31,12.982999145308305,12.982999145308305,,0.38264925,sous la mediane regionale,below regional median,en degradation,worsening
NCL,Current account,-7.49878946256032,2016-12-31,41.46228693615235,41.46228693615235,5.944955259199779,2.19482817825998,sous la mediane regionale,below regional median,en amelioration,improving
NCL,Dependency ratio,48.6593989393047,2024-12-31,0.5261823707057979,0.5261823707057979,0.3182633899677043,53.5253966955507,proche de la mediane regionale,near regional median,en degradation,worsening
NCL,Electricity access,100.0,2024-12-31,0.0,0.0,0.0,100.0,proche de la mediane regionale,near regional median,stable,stable
NCL,FDI net inflows,8.48945728851914,2024-12-31,20.676564728786087,20.676564728786087,0.8543087397729812,2.35252841903892,au-dessus de la mediane regionale,above regional median,en amelioration,improving
NCL,GDP growth,-13.4999999989747,2024-12-31,-582.1428577886745,-582.1428577886745,-12.100000003908109,3.6482536159531502,sous la mediane regionale,below regional median,en degradation,worsening
NCL,GDP per capita,29213.1923192946,2024-12-31,-13.31883672503585,-13.31883672503585,-4198.1435642725955,7488.460293591284,au-dessus de la mediane regionale,above regional median,en degradation,worsening
NCL,Inflation,0.578317435520754,2016-12-31,1.3688313821431466,1.3688313821431466,-1.850679502013076,2.18151273615189,sous la mediane regionale,below regional median,en amelioration,improving
NCL,Political stability,1.0976197,2024-12-31,-1.7104897543352433,-1.7104897543352433,0.03794260000000005,0.87674265,au-dessus de la mediane regionale,above regional median,stable,stable
NCL,Rule of law,1.0851316,2024-12-31,-0.03922408893347516,-0.03922408893347516,0.029462199999999994,0.6409370999999999,au-dessus de la mediane regionale,above regional median,stable,stable
NCL,Unemployment,10.991,2024-12-31,0.6317524262955416,0.6317524262955416,0.11099999999999888,2.988,au-dessus de la mediane regionale,above regional median,en degradation,worsening
NCL,Women in workforce,51.608,2024-12-31,-1.1738572604890745,-1.1738572604890745,-1.6460000000000008,55.596,proche de la mediane regionale,near regional median,en degradation,worsening
NCL,Youth unemployment,31.829,2024-12-31,0.2425044091710813,0.2425044091710813,-0.5799999999999983,9.408,au-dessus de la mediane regionale,above regional median,en amelioration,improving
NER,Agriculture value added,47.9692032048983,2024-12-31,9.050436931758684,9.050436931758684,11.8137071089767,20.7932870939229,au-dessus de la mediane regionale,above regional median,en amelioration,improving
NER,CO2 per capita,1.52210243022339,2024-12-31,-0.6343621387880765,-0.6343621387880765,-0.025647966471149974,1.52210243022339,proche de la mediane regionale,near regional median,stable,stable
NER,Commodity dependence,87.9926998279359,2024-12-31,378.1406887780529,378.1406887780529,56.5098275425938,1.604781106301575,au-dessus de la mediane regionale,above regional median,en degradation,worsening
NER,Control of corruption,-0.6169138,2024-12-31,-19.225832136721067,-19.225832136721067,-0.17807700000000004,-0.7934948,au-dessus de la mediane regionale,above regional median,en degradation,worsening
NER,Current account,-6.08945443545425,2024-12-31,55.75409800584804,55.75409800584804,6.57024243010715,-4.05918464223764,sous la mediane regionale,below regional median,en amelioration,improving
NER,Debt service,18.9689773253997,2024-12-31,34.54544656610481,34.54544656610481,9.601830720619079,11.8141665228846,au-dessus de la mediane regionale,above regional median,en degradation,worsening
NER,Dependency ratio,96.8325672256489,2024-12-31,-1.3563770150549312,-1.3563770150549312,-6.555950791283095,76.3947216046137,au-dessus de la mediane regionale,above regional median,en amelioration,improving
NER,Domestic credit,10.2781507372819,2024-12-31,-5.704622064268152,-5.704622064268152,-1.3658878950109,15.8986695709198,sous la mediane regionale,below regional median,en degradation,worsening
NER,Electricity access,21.3,2024-12-31,5.970149253731339,5.970149253731339,2.8000000000000007,57.8,sous la mediane regionale,below regional median,en amelioration,improving
NER,External debt,27.5138701036448,2024-12-31,-19.117711435371877,-19.117711435371877,0.9240938444893985,43.99766261125275,sous la mediane regionale,below regional median,en degradation,worsening
NER,FDI net inflows,1.81493836603542,2024-12-31,-70.00369917421399,-70.00369917421399,-3.95880834584448,2.351663747275275,sous la mediane regionale,below regional median,en degradation,worsening
NER,Fiscal balance,-3.652,2026-12-31,-128.10743285446597,-128.10743285446597,2.447,-2.4305,sous la mediane regionale,below regional median,en amelioration,improving
NER,GDP growth,8.32327058280728,2024-12-31,215.853292267292,215.853292267292,2.2444552932154203,4.366019176358015,au-dessus de la mediane regionale,above regional median,en amelioration,improving
NER,GDP per capita,729.856664168989,2024-12-31,12.644350769233052,12.644350769233052,188.59084429871598,1189.858061476885,sous la mediane regionale,below regional median,en amelioration,improving
NER,Gen gov debt,45.465,2026-12-31,0.20938946440380424,0.20938946440380424,-5.8729999999999976,53.801,sous la mediane regionale,below regional median,en amelioration,improving
NER,Gini,32.9,2021-12-31,-11.796246648793563,-11.796246648793563,-1.3999999999999986,38.5,sous la mediane regionale,below regional median,en amelioration,improving
NER,Inflation,9.07151997725013,2024-12-31,145.11174695502086,145.11174695502086,11.56131262795868,4.214928221107796,au-dessus de la mediane regionale,above regional median,en degradation,worsening
NER,Interest rate,5.295,2016-12-31,2.7324171382375972,2.7324171382375972,0.039083333333329584,11.7409744802492,sous la mediane regionale,below regional median,stable,stable
NER,Political stability,-1.7634214,2024-12-31,-6.655587135994735,-6.655587135994735,-0.5732725000000001,-0.5953656,sous la mediane regionale,below regional median,en degradation,worsening
NER,Regulatory quality,-0.7624578,2024-12-31,-4.718944891025841,-4.718944891025841,-0.11722149999999998,-0.7386300499999999,au-dessus de la mediane regionale,above regional median,en degradation,worsening
NER,Rule of law,-0.9457241,2024-12-31,-17.614970460827024,-17.614970460827024,-0.4065723,-0.8753552499999999,au-dessus de la mediane regionale,above regional median,en degradation,worsening
NER,Unemployment,0.376,2024-12-31,-7.61670761670761,-7.61670761670761,-0.15500000000000003,5.487,sous la mediane regionale,below regional median,en amelioration,improving
NER,Women in workforce,72.787,2024-12-31,0.3944773175542425,0.3944773175542425,12.573000000000008,57.104,au-dessus de la mediane regionale,above regional median,en amelioration,improving
NER,Youth unemployment,0.391,2024-12-31,-1.7587939698492476,-1.7587939698492476,-0.359,8.814,sous la mediane regionale,below regional median,en amelioration,improving
NGA,Agriculture value added,25.8733343606303,2024-12-31,-6.656099036083391,-6.656099036083391,0.1384037877819999,20.7932870939229,au-dessus de la mediane regionale,above regional median,en amelioration,improving
NGA,CO2 per capita,1.50660214219666,2024-12-31,1.643758467379115,1.643758467379115,-0.21230182793273,1.52210243022339,proche de la mediane regionale,near regional median,en degradation,worsening
NGA,Commodity dependence,88.6153186443478,2024-12-31,-3.2681161341491176,-3.2681161341491176,1.5760268608162988,1.604781106301575,au-dessus de la mediane regionale,above regional median,en degradation,worsening
NGA,Control of corruption,-1.1145909,2024-12-31,-1.4434743353923891,-1.4434743353923891,0.011258499999999838,-0.7934948,sous la mediane regionale,below regional median,stable,stable
NGA,Current account,7.5441345734549,2024-12-31,472.4414873007994,472.4414873007994,9.59214558090431,-4.05918464223764,au-dessus de la mediane regionale,above regional median,en amelioration,improving
NGA,Debt service,21.9135766141912,2024-12-31,42.37065436590633,42.37065436590633,12.67430057698712,11.8141665228846,au-dessus de la mediane regionale,above regional median,en degradation,worsening
NGA,Dependency ratio,78.7709744526654,2024-12-31,-1.8386267433485557,-1.8386267433485557,-7.108457410812804,76.3947216046137,proche de la mediane regionale,near regional median,en amelioration,improving
NGA,Domestic credit,9.5616917667191,2022-12-31,-1.7623107093755463,-1.7623107093755463,-3.2903380409007,15.8986695709198,sous la mediane regionale,below regional median,en degradation,worsening
NGA,Electricity access,62.5,2024-12-31,2.124183006535943,2.124183006535943,7.100000000000001,57.8,proche de la mediane regionale,near regional median,en amelioration,improving
NGA,External debt,60.0447244122839,2024-12-31,106.78813695395064,106.78813695395064,42.565059022388894,43.99766261125275,au-dessus de la mediane regionale,above regional median,en degradation,worsening
NGA,FDI net inflows,0.639824358730627,2024-12-31,66.53627171808778,66.53627171808778,0.29486314282388204,2.351663747275275,sous la mediane regionale,below regional median,en amelioration,improving
NGA,Fiscal balance,-4.388,2026-12-31,-600.3420752565564,-600.3420752565564,-2.2279999999999998,-2.4305,sous la mediane regionale,below regional median,en degradation,worsening
NGA,GDP growth,4.07106650147703,2024-12-31,22.77396730983637,22.77396730983637,1.8626372231249197,4.366019176358015,proche de la mediane regionale,near regional median,en amelioration,improving
NGA,GDP per capita,1084.16041805058,2024-12-31,-49.30901676941441,-49.30901676941441,-2105.65244691125,1189.858061476885,proche de la mediane regionale,near regional median,en degradation,worsening
NGA,Gen gov debt,32.332,2026-12-31,-8.875172627603508,-8.875172627603508,5.708000000000002,53.801,sous la mediane regionale,below regional median,en degradation,worsening
NGA,Gini,33.9,2022-12-31,-3.4188034188034266,-3.4188034188034266,-2.0,38.5,sous la mediane regionale,below regional median,en amelioration,improving
NGA,Inflation,23.0101235833333,2025-12-31,-30.77925639911172,-30.77925639911172,9.7641001556735,4.214928221107796,au-dessus de la mediane regionale,above regional median,en degradation,worsening
NGA,Interest rate,14.010553734975,2023-12-31,13.5879321341685,13.5879321341685,-2.893343229713599,11.7409744802492,au-dessus de la mediane regionale,above regional median,en degradation,worsening
NGA,Political stability,-2.0025617,2024-12-31,-2.381993880685113,-2.381993880685113,-0.02935439999999967,-0.5953656,sous la mediane regionale,below regional median,stable,stable
NGA,Regulatory quality,-0.6332954,2024-12-31,23.461970849833307,23.461970849833307,0.23131429999999997,-0.7386300499999999,au-dessus de la mediane regionale,above regional median,en amelioration,improving
NGA,Reserves,7.20884197072518,2024-12-31,40.79843365935227,40.79843365935227,3.00060801808572,3.5612582316005197,au-dessus de la mediane regionale,above regional median,en amelioration,improving
NGA,Rule of law,-1.0069453,2024-12-31,-7.712102748594201,-7.712102748594201,-0.16923939999999993,-0.8753552499999999,sous la mediane regionale,below regional median,en degradation,worsening
NGA,Unemployment,3.045,2024-12-31,-0.9433962264150916,-0.9433962264150916,-2.1610000000000005,5.487,sous la mediane regionale,below regional median,en amelioration,improving
NGA,Women in workforce,80.714,2024-12-31,0.026024562229686337,0.026024562229686337,4.117000000000004,57.104,au-dessus de la mediane regionale,above regional median,en amelioration,improving
NGA,Youth unemployment,5.088,2024-12-31,-0.8380432664198041,-0.8380432664198041,-5.329999999999999,8.814,sous la mediane regionale,below regional median,en amelioration,improving
NIC,Agriculture value added,14.521629099129,2024-12-31,-5.26426787123968,-5.26426787123968,-1.0081549685781006,3.86944846371998,au-dessus de la mediane regionale,above regional median,en degradation,worsening
NIC,CO2 per capita,2.77012900259393,2024-12-31,-0.3096446718160819,-0.3096446718160819,0.008230894782239595,4.11421182432227,sous la mediane regionale,below regional median,stable,stable
NIC,Commodity dependence,0.738619250103537,2024-12-31,16.096314548802138,16.096314548802138,0.436388686763519,3.00864273328603,sous la mediane regionale,below regional median,en degradation,worsening
NIC,Control of corruption,-1.4326926,2024-12-31,-13.716564978434869,-13.716564978434869,-0.22783569999999997,-0.2654917,sous la mediane regionale,below regional median,en degradation,worsening
NIC,Current account,4.1511238055786,2024-12-31,-49.56035517881718,-49.56035517881718,-1.78712800737258,-1.66760721722233,au-dessus de la mediane regionale,above regional median,en degradation,worsening
NIC,Debt service,21.3938317535199,2024-12-31,3.1573084057491383,3.1573084057491383,-9.824297090713298,19.75493011522935,proche de la mediane regionale,near regional median,en amelioration,improving
NIC,Dependency ratio,52.1895509332864,2024-12-31,-1.279249595797125,-1.279249595797125,-3.8217621696382054,48.981079443401555,proche de la mediane regionale,near regional median,en amelioration,improving
NIC,Domestic credit,32.3334560247707,2024-12-31,7.74584998949896,7.74584998949896,0.11614257823599416,45.1288088227477,sous la mediane regionale,below regional median,en amelioration,improving
NIC,Electricity access,88.7,2024-12-31,0.4530011325028377,0.4530011325028377,3.0,99.8,sous la mediane regionale,below regional median,en amelioration,improving
NIC,External debt,82.8145487130702,2024-12-31,-8.347976054522572,-8.347976054522572,-29.0400743830498,47.6233832283027,au-dessus de la mediane regionale,above regional median,en amelioration,improving
NIC,FDI net inflows,6.86575238184716,2024-12-31,9.749980822298035,9.749980822298035,2.90481794090505,3.01317166597907,au-dessus de la mediane regionale,above regional median,en amelioration,improving
NIC,Fiscal balance,1.384,2026-12-31,-61.38392857142857,-61.38392857142857,1.49,-0.749,au-dessus de la mediane regionale,above regional median,en amelioration,improving
NIC,GDP growth,3.58094495324541,2024-12-31,-19.12575408101688,-19.12575408101688,6.4778148205344195,3.3669492581395,proche de la mediane regionale,near regional median,en amelioration,improving
NIC,GDP per capita,2847.87639497305,2024-12-31,9.137249169138114,9.137249169138114,889.2558796921,13969.7836603737,sous la mediane regionale,below regional median,en amelioration,improving
NIC,Gen gov debt,33.195,2026-12-31,-4.61755071547612,-4.61755071547612,-15.238,63.608,sous la mediane regionale,below regional median,en amelioration,improving
NIC,Gini,46.2,2014-12-31,5.239179954441924,5.239179954441924,2.3000000000000043,43.0,proche de la mediane regionale,near regional median,en degradation,worsening
NIC,Inflation,4.62473841057141,2024-12-31,-44.86258133058821,-44.86258133058821,-0.7515514978698494,3.42967284899735,au-dessus de la mediane regionale,above regional median,en amelioration,improving
NIC,Interest rate,11.2379969586441,2024-12-31,18.52474070670346,18.52474070670346,-1.2192631242432999,8.80431027070166,au-dessus de la mediane regionale,above regional median,en degradation,worsening
NIC,Political stability,-0.0694255,2024-12-31,-6.4227201098788305,-6.4227201098788305,0.875379,0.3600136,sous la mediane regionale,below regional median,en amelioration,improving
NIC,Regulatory quality,-0.9910347,2024-12-31,2.131541860113042,2.131541860113042,-0.33934110000000006,-0.0738011,sous la mediane regionale,below regional median,en degradation,worsening
NIC,Reserves,5.72174836008153,2024-12-31,2.012656204166259,2.012656204166259,1.4979205430823699,4.20470125653228,au-dessus de la mediane regionale,above regional median,en amelioration,improving
NIC,Rule of law,-1.6197013,2024-12-31,-1.484242668259644,-1.484242668259644,-0.2862853999999999,-0.2513801,sous la mediane regionale,below regional median,en degradation,worsening
NIC,Tax revenue,20.0900618147754,2024-12-31,0.7403506431114353,0.7403506431114353,2.668285309907798,15.9189020036855,au-dessus de la mediane regionale,above regional median,en amelioration,improving
NIC,Unemployment,4.98,2024-12-31,6.002554278416347,6.002554278416347,-0.4769999999999994,6.448,sous la mediane regionale,below regional median,en amelioration,improving
NIC,Women in workforce,51.082,2024-12-31,0.6978394574988157,0.6978394574988157,2.4480000000000004,52.394,proche de la mediane regionale,near regional median,en amelioration,improving
NIC,Youth unemployment,9.581,2024-12-31,4.107356296859721,4.107356296859721,-0.47499999999999964,15.674,sous la mediane regionale,below regional median,en amelioration,improving
NLD,Agriculture value added,1.73109724727451,2024-12-31,-1.1644459537797993,-1.1644459537797993,-0.027709743121589803,2.6262814922641997,sous la mediane regionale,below regional median,stable,stable
NLD,CO2 per capita,8.05884463182091,2024-12-31,-3.6253593135759035,-3.6253593135759035,-2.705142468921389,6.87868940323143,au-dessus de la mediane regionale,above regional median,en degradation,worsening
NLD,Commodity dependence,12.6812336694305,2024-12-31,-12.752466243273354,-12.752466243273354,2.0291470149418984,5.79530570621524,au-dessus de la mediane regionale,above regional median,en degradation,worsening
NLD,Control of corruption,1.9100133,2024-12-31,1.3965014628334211,1.3965014628334211,-0.039770300000000036,0.5531621,au-dessus de la mediane regionale,above regional median,stable,stable
NLD,Current account,9.13742493692445,2024-12-31,-2.938865980265487,-2.938865980265487,2.34094093849857,-0.432631418354181,au-dessus de la mediane regionale,above regional median,en amelioration,improving
NLD,Dependency ratio,55.0909942337838,2024-12-31,0.8503262266796513,0.8503262266796513,1.578492941596501,55.30208239407135,proche de la mediane regionale,near regional median,en degradation,worsening
NLD,Domestic credit,82.3320940898509,2024-12-31,-3.6778274695804734,-3.6778274695804734,-16.304752157348602,51.23226305443685,au-dessus de la mediane regionale,above regional median,en degradation,worsening
NLD,Electricity access,100.0,2024-12-31,0.0,0.0,0.0,100.0,proche de la mediane regionale,near regional median,stable,stable
NLD,FDI net inflows,-1.40518243891316,2024-12-31,95.35370487934826,95.35370487934826,12.35135027678174,2.46510904267828,sous la mediane regionale,below regional median,en amelioration,improving
NLD,Fiscal balance,-2.657,2026-12-31,-113.58520900321545,-113.58520900321545,-0.39700000000000024,-2.067,sous la mediane regionale,below regional median,en degradation,worsening
NLD,GDP growth,1.07383137319854,2024-12-31,279.55214294742075,279.55214294742075,-1.2263302321673601,2.59946721553708,sous la mediane regionale,below regional median,en degradation,worsening
NLD,GDP per capita,67465.3208126875,2024-12-31,6.218499932741013,6.218499932741013,13910.420063539997,29603.7772588256,au-dessus de la mediane regionale,above regional median,en amelioration,improving
NLD,Gen gov debt,44.139,2026-12-31,1.8224180488592732,1.8224180488592732,-6.361999999999995,46.406,proche de la mediane regionale,near regional median,en amelioration,improving
NLD,Gini,25.7,2021-12-31,-1.1538461538461564,-1.1538461538461564,-2.5,30.65,sous la mediane regionale,below regional median,en amelioration,improving
NLD,Inflation,3.34754304219953,2024-12-31,-12.787914935636586,-12.787914935636586,0.71384393970362,2.83581658224034,au-dessus de la mediane regionale,above regional median,en degradation,worsening
NLD,Interest rate,1.5,2013-12-31,-7.6923076923076925,-7.6923076923076925,-3.1041666666666696,6.65405833333333,sous la mediane regionale,below regional median,en degradation,worsening
NLD,Political stability,0.4281196,2024-12-31,-29.636455226854935,-29.636455226854935,-0.2704256,0.3087034999999999,au-dessus de la mediane regionale,above regional median,en degradation,worsening
NLD,Regulatory quality,1.7218270999999998,2024-12-31,0.2169548261346364,0.2169548261346364,-0.1410937000000001,0.6500427999999999,au-dessus de la mediane regionale,above regional median,en degradation,worsening
NLD,Reserves,0.729998349874489,2024-12-31,15.100983977500725,15.100983977500725,0.22864872682650195,2.89106960627006,sous la mediane regionale,below regional median,en amelioration,improving
NLD,Rule of law,1.7069218,2024-12-31,-0.6147784501774566,-0.6147784501774566,-0.1363892,0.6192042999999999,au-dessus de la mediane regionale,above regional median,en degradation,worsening
NLD,Tax revenue,25.2758922306144,2024-12-31,0.1393963495638327,0.1393963495638327,1.573455281446698,20.82863605996785,au-dessus de la mediane regionale,above regional median,en amelioration,improving
NLD,Unemployment,3.7,2024-12-31,4.6676096181046685,4.6676096181046685,0.3210000000000002,5.4,sous la mediane regionale,below regional median,en degradation,worsening
NLD,Women in workforce,62.882,2024-12-31,-0.31230678989838573,-0.31230678989838573,1.225999999999999,54.888,au-dessus de la mediane regionale,above regional median,en amelioration,improving
NLD,Youth unemployment,8.778,2024-12-31,6.1170212765957475,6.1170212765957475,2.1720000000000006,14.316,sous la mediane regionale,below regional median,en degradation,worsening
NOR,Agriculture value added,1.69935908261698,2024-12-31,3.3569634555011287,3.3569634555011287,0.08338631817319997,2.6262814922641997,sous la mediane regionale,below regional median,en amelioration,improving
NOR,CO2 per capita,9.64768634162073,2024-12-31,-3.9944846865776302,-3.9944846865776302,-1.4874778425743695,6.87868940323143,au-dessus de la mediane regionale,above regional median,en degradation,worsening
NOR,Commodity dependence,65.5240372734242,2024-12-31,-4.152743457532048,-4.152743457532048,9.536369905067097,5.79530570621524,au-dessus de la mediane regionale,above regional median,en degradation,worsening
NOR,Control of corruption,1.9610085,2024-12-31,-5.471868072656867,-5.471868072656867,-0.09936400000000023,0.5531621,au-dessus de la mediane regionale,above regional median,en degradation,worsening
NOR,Current account,15.0417961615846,2024-12-31,-12.397834895955457,-12.397834895955457,12.23233946066217,-0.432631418354181,au-dessus de la mediane regionale,above regional median,en amelioration,improving
NOR,Dependency ratio,53.7846035980815,2024-12-31,-0.2924135250789548,-0.2924135250789548,0.3339189531181006,55.30208239407135,proche de la mediane regionale,near regional median,en degradation,worsening
NOR,Domestic credit,124.389621734823,2024-12-31,1.5028471586613574,1.5028471586613574,-19.539819746096995,51.23226305443685,au-dessus de la mediane regionale,above regional median,en degradation,worsening
NOR,Electricity access,100.0,2024-12-31,0.0,0.0,0.0,100.0,proche de la mediane regionale,near regional median,stable,stable
NOR,FDI net inflows,2.42254685844836,2024-12-31,-11.746635482983663,-11.746635482983663,-1.4266036776125501,2.46510904267828,proche de la mediane regionale,near regional median,en degradation,worsening
NOR,Fiscal balance,6.842,2026-12-31,53.44247589145549,53.44247589145549,-3.0840000000000005,-2.067,au-dessus de la mediane regionale,above regional median,en degradation,worsening
NOR,GDP growth,1.42372134524737,2024-12-31,303.66860846963067,303.66860846963067,-0.04598647429405989,2.59946721553708,sous la mediane regionale,below regional median,stable,stable
NOR,GDP per capita,89888.9535204758,2024-12-31,-1.2040032013368425,-1.2040032013368425,10559.646001474597,29603.7772588256,au-dessus de la mediane regionale,above regional median,en amelioration,improving
NOR,Gen gov debt,42.934,2026-12-31,-4.5911111111111165,-4.5911111111111165,2.8129999999999953,46.406,proche de la mediane regionale,near regional median,en degradation,worsening
NOR,Gini,26.5,2023-12-31,-1.486988847583638,-1.486988847583638,-1.1000000000000014,30.65,sous la mediane regionale,below regional median,en amelioration,improving
NOR,Inflation,3.14530134431081,2024-12-31,-42.99769986829617,-42.99769986829617,0.9775713112567002,2.83581658224034,au-dessus de la mediane regionale,above regional median,en degradation,worsening
NOR,Interest rate,6.14916666666667,2024-12-31,15.839874411302896,15.839874411302896,2.9133333333333398,6.65405833333333,proche de la mediane regionale,near regional median,en amelioration,improving
NOR,Political stability,0.9032646,2024-12-31,-3.517018863466479,-3.517018863466479,-0.17338319999999996,0.3087034999999999,au-dessus de la mediane regionale,above regional median,en degradation,worsening
NOR,Regulatory quality,1.6704537,2024-12-31,2.162448483134554,2.162448483134554,-0.09611310000000017,0.6500427999999999,au-dessus de la mediane regionale,above regional median,en degradation,worsening
NOR,Reserves,4.3382923846671,2024-12-31,-6.522412585734437,-6.522412585734437,-0.3501215756361198,2.89106960627006,au-dessus de la mediane regionale,above regional median,en degradation,worsening
NOR,Rule of law,1.9494549,2024-12-31,-1.838386243138466,-1.838386243138466,-0.0828439999999997,0.6192042999999999,au-dessus de la mediane regionale,above regional median,en degradation,worsening
NOR,Tax revenue,24.5424706002351,2024-12-31,-6.025037890831817,-6.025037890831817,2.110234715889799,20.82863605996785,au-dessus de la mediane regionale,above regional median,en amelioration,improving
NOR,Unemployment,4.0,2024-12-31,11.919418019026306,11.919418019026306,0.31599999999999984,5.4,sous la mediane regionale,below regional median,en degradation,worsening
NOR,Women in workforce,62.292,2024-12-31,-0.12666142918984882,-0.12666142918984882,-0.347999999999999,54.888,au-dessus de la mediane regionale,above regional median,en degradation,worsening
NOR,Youth unemployment,12.131,2024-12-31,10.53302961275627,10.53302961275627,2.3179999999999996,14.316,sous la mediane regionale,below regional median,en degradation,worsening
NPL,Agriculture value added,21.6736520881574,2024-12-31,1.76038324137812,1.76038324137812,0.09027932813039996,12.6569295141747,au-dessus de la mediane regionale,above regional median,en amelioration,improving
NPL,CO2 per capita,1.39854050382155,2024-12-31,-1.3934836538455908,-1.3934836538455908,-0.2423053815118501,2.35425835082848,sous la mediane regionale,below regional median,en degradation,worsening
NPL,Commodity dependence,0.0004220013556393,2022-12-31,6232.78727582038,6232.78727582038,-0.0022403258333588997,0.59937914960686,sous la mediane regionale,below regional median,stable,stable
NPL,Control of corruption,-0.632602,2024-12-31,-0.5375068398186477,-0.5375068398186477,0.10418749999999999,-0.36036234999999994,sous la mediane regionale,below regional median,en amelioration,improving
NPL,Current account,3.87803253239857,2024-12-31,58.26107850360115,58.26107850360115,9.00766322256025,-0.7603781635361471,au-dessus de la mediane regionale,above regional median,en amelioration,improving
NPL,Debt service,12.3916778046586,2024-12-31,4.435272071260049,4.435272071260049,4.137940053135891,14.0787539605461,sous la mediane regionale,below regional median,en degradation,worsening
NPL,Dependency ratio,53.6868554776039,2024-12-31,-0.6204098592597943,-0.6204098592597943,-5.0133285346542,49.19395879080635,proche de la mediane regionale,near regional median,en amelioration,improving
NPL,Domestic credit,91.2933728348585,2024-12-31,-0.28822542049476574,-0.28822542049476574,12.347461936453001,44.3082311889876,au-dessus de la mediane regionale,above regional median,en amelioration,improving
NPL,Electricity access,97.9,2024-12-31,4.148936170212772,4.148936170212772,8.0,99.95,proche de la mediane regionale,near regional median,en amelioration,improving
NPL,External debt,23.2748414884129,2024-12-31,-3.1765625038754486,-3.1765625038754486,4.410258130328298,41.08227176547265,sous la mediane regionale,below regional median,en degradation,worsening
NPL,FDI net inflows,0.131412557108071,2024-12-31,-27.90310687417129,-27.90310687417129,-0.411389422639596,0.5027596284384255,sous la mediane regionale,below regional median,en degradation,worsening
NPL,Fiscal balance,-0.922,2026-12-31,50.3767491926803,50.3767491926803,2.2969999999999997,-4.8629999999999995,au-dessus de la mediane regionale,above regional median,en amelioration,improving
NPL,GDP growth,3.67787459697703,2024-12-31,85.51247136036697,85.51247136036697,-2.9791808341276496,4.6078376282413505,sous la mediane regionale,below regional median,en degradation,worsening
NPL,GDP per capita,1460.28237984149,2024-12-31,5.635151067588719,5.635151067588719,257.1394327774799,3410.73357042214,sous la mediane regionale,below regional median,en amelioration,improving
NPL,Gen gov debt,49.594,2026-12-31,3.0011007497559663,3.0011007497559663,6.309000000000005,92.101,sous la mediane regionale,below regional median,en degradation,worsening
NPL,Gini,30.0,2022-12-31,-8.53658536585365,-8.53658536585365,-2.799999999999997,29.65,proche de la mediane regionale,near regional median,en amelioration,improving
NPL,Gov debt,39.9222686422289,2021-12-31,2.237484413717259,2.237484413717259,6.0597474102101,51.9103096380514,sous la mediane regionale,below regional median,en degradation,worsening
NPL,Inflation,4.6850965426577,2024-12-31,-34.15991550243987,-34.15991550243987,-0.8810638097795298,3.72320611944934,au-dessus de la mediane regionale,above regional median,en amelioration,improving
NPL,Political stability,-0.4146133999999999,2024-12-31,-32.48169888068403,-32.48169888068403,-0.008977699999999922,-0.3824578999999999,au-dessus de la mediane regionale,above regional median,stable,stable
NPL,Regulatory quality,-0.5523334999999999,2024-12-31,9.049136175632052,9.049136175632052,0.021085800000000043,-0.26728214999999994,sous la mediane regionale,below regional median,stable,stable
NPL,Reserves,12.9718425174618,2024-12-31,24.526508944524355,24.526508944524355,5.51315908505291,4.844242751776751,au-dessus de la mediane regionale,above regional median,en amelioration,improving
NPL,Rule of law,-0.3036533999999999,2024-12-31,9.772536630632572,9.772536630632572,0.1091313000000001,-0.1484874,sous la mediane regionale,below regional median,en amelioration,improving
NPL,Tax revenue,13.9448572556808,2023-12-31,-20.248124763118167,-20.248124763118167,-5.137968802712701,11.081777030623034,au-dessus de la mediane regionale,above regional median,en degradation,worsening
NPL,Unemployment,10.5,2024-12-31,0.6036217303822996,0.6036217303822996,0.022999999999999687,4.2059999999999995,au-dessus de la mediane regionale,above regional median,stable,stable
NPL,Women in workforce,27.378,2024-12-31,0.2783678851366219,0.2783678851366219,-0.15899999999999892,35.561499999999995,sous la mediane regionale,below regional median,en degradation,worsening
NPL,Youth unemployment,20.638,2024-12-31,1.0181106216348603,1.0181106216348603,0.9590000000000032,16.84,au-dessus de la mediane regionale,above regional median,en degradation,worsening
NRU,CO2 per capita,0.117184230350716,2024-12-31,-0.6026617560888842,-0.6026617560888842,0.013619891004896995,2.96182966114834,sous la mediane regionale,below regional median,stable,stable
NRU,Control of corruption,0.5049336999999999,2024-12-31,13.97871816923885,13.97871816923885,0.05690739999999994,0.38264925,au-dessus de la mediane regionale,above regional median,en amelioration,improving
NRU,Current account,5.79750700742541,2024-12-31,387.1024534779186,387.1024534779186,1.331093833413,2.19482817825998,au-dessus de la mediane regionale,above regional median,en amelioration,improving
NRU,Dependency ratio,68.4336669956295,2024-12-31,-0.9460751627564709,-0.9460751627564709,2.7773901869362874,53.5253966955507,au-dessus de la mediane regionale,above regional median,en degradation,worsening
NRU,Electricity access,100.0,2024-12-31,0.0,0.0,0.0,100.0,proche de la mediane regionale,near regional median,stable,stable
NRU,FDI net inflows,-3.48330107219992,2024-12-31,-489.0370152672918,-489.0370152672918,-5.23226588288587,2.35252841903892,sous la mediane regionale,below regional median,en degradation,worsening
NRU,Fiscal balance,13.119,2026-12-31,273.3352305065453,273.3352305065453,-39.266,-1.435,au-dessus de la mediane regionale,above regional median,en degradation,worsening
NRU,GDP growth,1.44927536231899,2024-12-31,301.4492753623199,301.4492753623199,-7.097733184689409,3.6482536159531502,sous la mediane regionale,below regional median,en degradation,worsening
NRU,GDP per capita,14048.163961344,2024-12-31,3.275296864382604,3.275296864382604,3246.393395380501,7488.460293591284,au-dessus de la mediane regionale,above regional median,en amelioration,improving
NRU,Gen gov debt,12.667,2026-12-31,-13.535836177474406,-13.535836177474406,-11.497000000000002,43.4465,sous la mediane regionale,below regional median,en amelioration,improving
NRU,Gini,32.4,2012-12-31,,,,34.25,proche de la mediane regionale,near regional median,en degradation,worsening
NRU,Inflation,-0.124750499001971,2012-12-31,-141.54191616765638,-141.54191616765638,,2.18151273615189,sous la mediane regionale,below regional median,en degradation,worsening
NRU,Political stability,1.1047052,2024-12-31,6.663785493156202,6.663785493156202,0.3451248,0.87674265,au-dessus de la mediane regionale,above regional median,en amelioration,improving
NRU,Regulatory quality,-0.5245236999999999,2024-12-31,7.714101527847629,7.714101527847629,-0.17573660000000002,-0.07101989999999994,sous la mediane regionale,below regional median,en degradation,worsening
NRU,Rule of law,0.2518105,2024-12-31,-27.438280445403183,-27.438280445403183,0.03834989999999999,0.6409370999999999,sous la mediane regionale,below regional median,stable,stable
NRU,Tax revenue,21.4203125,2024-12-31,-33.26312441582725,-33.26312441582725,-12.7284230771429,16.67863628412195,au-dessus de la mediane regionale,above regional median,en degradation,worsening
NZL,Agriculture value added,4.00852725247614,2023-12-31,-12.405984513260087,-12.405984513260087,-1.6601187234910997,9.79503060602777,sous la mediane regionale,below regional median,en degradation,worsening
NZL,CO2 per capita,14.7140642722117,2024-12-31,-2.167250942676015,-2.167250942676015,-2.8149782403126977,2.96182966114834,au-dessus de la mediane regionale,above regional median,en degradation,worsening
NZL,Commodity dependence,1.11148609161885,2024-12-31,-18.879745428336587,-18.879745428336587,-0.3404032092445699,1.446086854730515,sous la mediane regionale,below regional median,en amelioration,improving
NZL,Control of corruption,1.9285412,2024-12-31,-4.319567899828882,-4.319567899828882,-0.22414370000000017,0.38264925,au-dessus de la mediane regionale,above regional median,en degradation,worsening
NZL,Current account,-4.62952800849341,2024-12-31,24.72144441685575,24.72144441685575,-1.80895034784223,2.19482817825998,sous la mediane regionale,below regional median,en degradation,worsening
NZL,Dependency ratio,54.593968731105,2024-12-31,0.6202329262630318,0.6202329262630318,1.997373548199704,53.5253966955507,proche de la mediane regionale,near regional median,en degradation,worsening
NZL,Domestic credit,141.898489610576,2024-12-31,0.9419366039611904,0.9419366039611904,-13.432519151454983,92.64512899225335,au-dessus de la mediane regionale,above regional median,en degradation,worsening
NZL,Electricity access,100.0,2024-12-31,0.0,0.0,0.0,100.0,proche de la mediane regionale,near regional median,stable,stable
NZL,FDI net inflows,0.672983751329456,2024-12-31,-60.74211232352113,-60.74211232352113,-0.7700330855937539,2.35252841903892,sous la mediane regionale,below regional median,en degradation,worsening
NZL,Fiscal balance,-2.988,2026-12-31,-1.2881355932203324,-1.2881355932203324,-0.391,-1.435,sous la mediane regionale,below regional median,en degradation,worsening
NZL,GDP growth,-0.868722371893952,2024-12-31,-147.8926616488933,-147.8926616488933,-3.192439456310182,3.6482536159531502,sous la mediane regionale,below regional median,en degradation,worsening
NZL,GDP per capita,49432.3626396797,2024-12-31,0.26372127213025387,0.26372127213025387,6560.094515336998,7488.460293591284,au-dessus de la mediane regionale,above regional median,en amelioration,improving
NZL,Gen gov debt,56.692,2026-12-31,3.5943353129282753,3.5943353129282753,9.158000000000001,43.4465,au-dessus de la mediane regionale,above regional median,en degradation,worsening
NZL,Gov debt,51.9851333336419,2024-12-31,4.2246358428407165,4.2246358428407165,19.2263835152824,50.3420177209934,proche de la mediane regionale,near regional median,en degradation,worsening
NZL,Inflation,2.92279782301957,2024-12-31,-49.019452098112524,-49.019452098112524,1.30316592117909,2.18151273615189,au-dessus de la mediane regionale,above regional median,en degradation,worsening
NZL,Interest rate,4.76,2017-12-31,-5.195020746887915,-5.195020746887915,-1.0638375204311803,6.01747975323522,sous la mediane regionale,below regional median,en degradation,worsening
NZL,Political stability,1.1506563,2024-12-31,-10.45206575482078,-10.45206575482078,-0.23772959999999976,0.87674265,au-dessus de la mediane regionale,above regional median,en degradation,worsening
NZL,Regulatory quality,1.8444942,2024-12-31,-1.7204385525423773,-1.7204385525423773,-0.12634480000000003,-0.07101989999999994,au-dessus de la mediane regionale,above regional median,en degradation,worsening
NZL,Reserves,3.15568037399391,2024-12-31,42.90303820750552,42.90303820750552,0.09441444444065006,5.704288535730781,sous la mediane regionale,below regional median,en amelioration,improving
NZL,Rule of law,1.6674536,2024-12-31,-2.3484346970146337,-2.3484346970146337,-0.11634650000000013,0.6409370999999999,au-dessus de la mediane regionale,above regional median,en degradation,worsening
NZL,Tax revenue,29.5208304137113,2024-12-31,5.19382267713343,5.19382267713343,1.252641066363097,16.67863628412195,au-dessus de la mediane regionale,above regional median,en amelioration,improving
NZL,Unemployment,4.724,2024-12-31,26.513122656668457,26.513122656668457,0.6150000000000002,2.988,au-dessus de la mediane regionale,above regional median,en degradation,worsening
NZL,Women in workforce,66.255,2024-12-31,-0.9966827052389373,-0.9966827052389373,0.9410000000000025,55.596,au-dessus de la mediane regionale,above regional median,en amelioration,improving
NZL,Youth unemployment,14.039,2024-12-31,31.03416091095762,31.03416091095762,2.744999999999999,9.408,au-dessus de la mediane regionale,above regional median,en degradation,worsening
OMN,Agriculture value added,2.60311068780179,2024-12-31,7.762552103033696,7.762552103033696,0.6083913484159797,3.39457505861722,sous la mediane regionale,below regional median,en amelioration,improving
OMN,CO2 per capita,25.0428379006267,2024-12-31,-2.9179391688973735,-2.9179391688973735,-0.375823415562099,4.671020451612931,au-dessus de la mediane regionale,above regional median,en degradation,worsening
OMN,Commodity dependence,77.1995042110729,2024-12-31,4.05454132333387,4.05454132333387,0.8908020822447043,10.0847170807725,au-dessus de la mediane regionale,above regional median,en degradation,worsening
OMN,Control of corruption,0.5072492,2024-12-31,122.74736084031555,122.74736084031555,0.34599130000000006,-0.5708422,au-dessus de la mediane regionale,above regional median,en amelioration,improving
OMN,Current account,2.86434019736537,2024-12-31,24.965052303553236,24.965052303553236,7.7825288971478805,0.124893414067427,au-dessus de la mediane regionale,above regional median,en amelioration,improving
OMN,Dependency ratio,37.6631602323536,2024-12-31,-2.612709390607345,-2.612709390607345,1.4305782307862955,51.2977156907185,sous la mediane regionale,below regional median,en degradation,worsening
OMN,Domestic credit,63.2077225919943,2024-12-31,5.781996174438262,5.781996174438262,-1.9276139054038026,58.6252720787942,proche de la mediane regionale,near regional median,en degradation,worsening
OMN,Electricity access,100.0,2024-12-31,0.0,0.0,0.0,100.0,proche de la mediane regionale,near regional median,stable,stable
OMN,FDI net inflows,11.6351181598926,2024-12-31,-1.5290954594695447,-1.5290954594695447,9.366028926179071,1.47747574805229,au-dessus de la mediane regionale,above regional median,en amelioration,improving
OMN,Fiscal balance,5.244,2026-12-31,404.2307692307692,404.2307692307692,6.207,-2.4939999999999998,au-dessus de la mediane regionale,above regional median,en amelioration,improving
OMN,GDP growth,1.63163231397978,2024-12-31,15.390123989814134,15.390123989814134,2.76027033126036,2.3991692678251,sous la mediane regionale,below regional median,en amelioration,improving
OMN,GDP per capita,20285.2272765262,2024-12-31,-3.531103367337828,-3.531103367337828,1105.0408612460997,5190.16959024821,au-dessus de la mediane regionale,above regional median,en amelioration,improving
OMN,Gen gov debt,32.686,2026-12-31,-8.580858085808575,-8.580858085808575,-29.186999999999998,53.242000000000004,sous la mediane regionale,below regional median,en amelioration,improving
OMN,Inflation,0.593589236248469,2024-12-31,-37.568379152217446,-37.568379152217446,0.10277387342779803,2.6116961151764,sous la mediane regionale,below regional median,en degradation,worsening
OMN,Interest rate,5.49783609712142,2021-12-31,0.5732533831511477,0.5732533831511477,0.5867527637880894,8.0,sous la mediane regionale,below regional median,en amelioration,improving
OMN,Political stability,0.6272361,2024-12-31,13.597295409861228,13.597295409861228,0.11047169999999995,-0.9248175,au-dessus de la mediane regionale,above regional median,en amelioration,improving
OMN,Regulatory quality,0.6875152,2024-12-31,46.2233626801565,46.2233626801565,0.1864791,-0.4676244,au-dessus de la mediane regionale,above regional median,en amelioration,improving
OMN,Reserves,3.68674849054903,2024-12-31,-3.8898321360042627,-3.8898321360042627,-1.31794424615607,5.978693032108115,sous la mediane regionale,below regional median,en degradation,worsening
OMN,Rule of law,0.4493583,2024-12-31,30.510446596843575,30.510446596843575,0.1886663,-0.6967772,au-dessus de la mediane regionale,above regional median,en amelioration,improving
OMN,Unemployment,3.203,2024-12-31,0.8501259445843731,0.8501259445843731,1.158,9.103,sous la mediane regionale,below regional median,en degradation,worsening
OMN,Women in workforce,30.061,2024-12-31,-0.8574915075360363,-0.8574915075360363,-0.12900000000000134,22.234,au-dessus de la mediane regionale,above regional median,en degradation,worsening
OMN,Youth unemployment,13.524,2024-12-31,-0.5149330587023708,-0.5149330587023708,4.508999999999999,21.307,sous la mediane regionale,below regional median,en degradation,worsening
PAK,Agriculture value added,23.7319671905124,2024-12-31,1.3030582509856523,1.3030582509856523,3.054095868223701,3.39457505861722,au-dessus de la mediane regionale,above regional median,en amelioration,improving
PAK,CO2 per capita,2.09290504106584,2024-12-31,-0.8055369924065034,-0.8055369924065034,0.030127980565739954,4.671020451612931,sous la mediane regionale,below regional median,stable,stable
PAK,Commodity dependence,1.71807476906982,2024-12-31,194.53427898885568,194.53427898885568,0.11885430367085004,10.0847170807725,sous la mediane regionale,below regional median,en degradation,worsening
PAK,Control of corruption,-1.0656237,2024-12-31,-1.858007016920036,-1.858007016920036,-0.09416199999999997,-0.5708422,sous la mediane regionale,below regional median,en degradation,worsening
PAK,Current account,0.124893414067427,2024-12-31,140.46701839599615,140.46701839599615,2.791666671370347,0.124893414067427,proche de la mediane regionale,near regional median,en amelioration,improving
PAK,Debt service,39.5425844195386,2024-12-31,-9.304942740688432,-9.304942740688432,3.9093801289396026,12.9254798325863,au-dessus de la mediane regionale,above regional median,en degradation,worsening
PAK,Dependency ratio,69.3926431439163,2024-12-31,-1.1041356239812494,-1.1041356239812494,-3.238815349270098,51.2977156907185,au-dessus de la mediane regionale,above regional median,en amelioration,improving
PAK,Domestic credit,11.46061956354,2024-12-31,-4.656884601800117,-4.656884601800117,-4.2273662433391,58.6252720787942,sous la mediane regionale,below regional median,en degradation,worsening
PAK,Electricity access,95.7,2024-12-31,0.10460251046025996,0.10460251046025996,1.7999999999999972,100.0,proche de la mediane regionale,near regional median,en amelioration,improving
PAK,External debt,35.6282760521045,2024-12-31,-9.68713623303805,-9.68713623303805,0.7099134689840056,35.6282760521045,proche de la mediane regionale,near regional median,en degradation,worsening
PAK,FDI net inflows,0.716885239403099,2024-12-31,17.854235169193828,17.854235169193828,0.02073875899163402,1.47747574805229,sous la mediane regionale,below regional median,stable,stable
PAK,Fiscal balance,2.523,2026-12-31,146.9744926456898,146.9744926456898,3.64,-2.4939999999999998,au-dessus de la mediane regionale,above regional median,en amelioration,improving
PAK,GDP growth,3.08176295579301,2024-12-31,842.7080266396871,842.7080266396871,0.58412602635936,2.3991692678251,au-dessus de la mediane regionale,above regional median,en amelioration,improving
PAK,GDP per capita,1479.47755241191,2024-12-31,8.759189668989443,8.759189668989443,89.06064259445998,5190.16959024821,sous la mediane regionale,below regional median,en amelioration,improving
PAK,Gen gov debt,70.111,2026-12-31,-3.73863854793091,-3.73863854793091,-4.637999999999991,53.242000000000004,au-dessus de la mediane regionale,above regional median,en amelioration,improving
PAK,Gini,33.5,2024-12-31,13.175675675675672,13.175675675675672,3.8999999999999986,33.7,proche de la mediane regionale,near regional median,en degradation,worsening
PAK,Gov debt,55.0324216144747,2000-12-31,,,,53.1293715924658,proche de la mediane regionale,near regional median,en degradation,worsening
PAK,Inflation,12.6325318530452,2024-12-31,-58.94280007522584,-58.94280007522584,2.0545012858427008,2.6116961151764,au-dessus de la mediane regionale,above regional median,en degradation,worsening
PAK,Interest rate,8.66597421472524,2021-12-31,-19.444357077732185,-19.444357077732185,-0.08902578527476024,8.0,proche de la mediane regionale,near regional median,en degradation,worsening
PAK,Political stability,-2.0634311,2024-12-31,-6.341389780722754,-6.341389780722754,-0.13408889999999984,-0.9248175,sous la mediane regionale,below regional median,en degradation,worsening
PAK,Regulatory quality,-0.7928043,2024-12-31,3.549934414797745,3.549934414797745,-0.17253800000000008,-0.4676244,sous la mediane regionale,below regional median,en degradation,worsening
PAK,Reserves,2.84569889190225,2024-12-31,13.82271658987567,13.82271658987567,-0.23620312024138013,5.978693032108115,sous la mediane regionale,below regional median,en degradation,worsening
PAK,Rule of law,-1.017096,2024-12-31,-1.2752607890539807,-1.2752607890539807,-0.20482840000000002,-0.6967772,sous la mediane regionale,below regional median,en degradation,worsening
PAK,Unemployment,5.492,2024-12-31,4.869199923620391,4.869199923620391,0.6619999999999999,9.103,sous la mediane regionale,below regional median,en degradation,worsening
PAK,Women in workforce,23.989,2024-12-31,-0.03333750052089478,-0.03333750052089478,0.7480000000000011,22.234,proche de la mediane regionale,near regional median,en amelioration,improving
PAK,Youth unemployment,9.521,2024-12-31,1.0400084898652315,1.0400084898652315,-0.0779999999999994,21.307,sous la mediane regionale,below regional median,en amelioration,improving
PAN,Agriculture value added,2.68214078983355,2024-12-31,7.445729690307261,7.445729690307261,0.22706001188157998,3.86944846371998,sous la mediane regionale,below regional median,en amelioration,improving
PAN,CO2 per capita,4.25593451290942,2024-12-31,-2.6517777426601956,-2.6517777426601956,-0.30615961418341,4.11421182432227,proche de la mediane regionale,near regional median,en degradation,worsening
PAN,Commodity dependence,1.00720752711517,2024-12-31,235.92107076544298,235.92107076544298,0.84051284877558,3.00864273328603,sous la mediane regionale,below regional median,en degradation,worsening
PAN,Control of corruption,-0.5541186,2024-12-31,2.2634916743319184,2.2634916743319184,-0.010412000000000088,-0.2654917,sous la mediane regionale,below regional median,stable,stable
PAN,Current account,0.65661826831948,2024-12-31,120.55917460586988,120.55917460586988,5.80109855354034,-1.66760721722233,au-dessus de la mediane regionale,above regional median,en amelioration,improving
PAN,Dependency ratio,52.086689450372,2024-12-31,-0.3759778254583887,-0.3759778254583887,-1.3154013853137982,48.981079443401555,proche de la mediane regionale,near regional median,en amelioration,improving
PAN,Domestic credit,100.153891550374,2020-12-31,20.19444395946736,20.19444395946736,17.221463815763897,45.1288088227477,au-dessus de la mediane regionale,above regional median,en amelioration,improving
PAN,Electricity access,96.0,2024-12-31,-1.0309278350515463,-1.0309278350515463,2.0999999999999943,99.8,proche de la mediane regionale,near regional median,en amelioration,improving
PAN,FDI net inflows,2.41063281860388,2024-12-31,-26.14127809970814,-26.14127809970814,-4.30287138027883,3.01317166597907,sous la mediane regionale,below regional median,en degradation,worsening
PAN,Fiscal balance,-3.388,2026-12-31,-397.50367107195297,-397.50367107195297,1.1319999999999997,-0.749,sous la mediane regionale,below regional median,en amelioration,improving
PAN,GDP growth,2.74784148771307,2024-12-31,-61.65627886947645,-61.65627886947645,-0.35511246859779,3.3669492581395,sous la mediane regionale,below regional median,en degradation,worsening
PAN,GDP per capita,19161.218843129,2024-12-31,1.9365947145705165,1.9365947145705165,2683.312214560301,13969.7836603737,au-dessus de la mediane regionale,above regional median,en amelioration,improving
PAN,Gen gov debt,57.747,2026-12-31,2.0589586794386894,2.0589586794386894,-0.21699999999999875,63.608,proche de la mediane regionale,near regional median,en amelioration,improving
PAN,Gini,49.7,2024-12-31,1.6359918200409087,1.6359918200409087,-0.09999999999999432,43.0,au-dessus de la mediane regionale,above regional median,en amelioration,improving
PAN,Inflation,0.69322555100446,2024-12-31,-53.362538325055965,-53.362538325055965,1.048309372025706,3.42967284899735,sous la mediane regionale,below regional median,en degradation,worsening
PAN,Interest rate,6.9075,2022-12-31,-0.42047092743878406,-0.42047092743878406,0.14143943367041967,8.80431027070166,sous la mediane regionale,below regional median,en amelioration,improving
PAN,Political stability,0.264681,2024-12-31,-28.34467844565825,-28.34467844565825,-0.13460699999999998,0.3600136,sous la mediane regionale,below regional median,en degradation,worsening
PAN,Regulatory quality,-0.0738011,2024-12-31,-420.1880317406616,-420.1880317406616,-0.3928187,-0.0738011,au-dessus de la mediane regionale,above regional median,en degradation,worsening
PAN,Reserves,2.00459296116923,2024-12-31,8.93360277177952,8.93360277177952,0.7891579000919802,4.20470125653228,sous la mediane regionale,below regional median,en amelioration,improving
PAN,Rule of law,-0.2634275,2024-12-31,-15.5667113121156,-15.5667113121156,0.015174400000000032,-0.2513801,au-dessus de la mediane regionale,above regional median,stable,stable
PAN,Tax revenue,7.17760169037387,2024-12-31,-14.63425289116941,-14.63425289116941,-1.6720635480080803,15.9189020036855,sous la mediane regionale,below regional median,en degradation,worsening
PAN,Unemployment,8.451,2024-12-31,29.141198044009798,29.141198044009798,2.1950000000000003,6.448,au-dessus de la mediane regionale,above regional median,en degradation,worsening
PAN,Women in workforce,54.832,2024-12-31,4.057387937905641,4.057387937905641,-1.5129999999999981,52.394,proche de la mediane regionale,near regional median,en degradation,worsening
PAN,Youth unemployment,19.682,2024-12-31,17.39934387116014,17.39934387116014,2.5539999999999985,15.674,au-dessus de la mediane regionale,above regional median,en degradation,worsening
PER,Agriculture value added,7.47121084291146,2024-12-31,3.4341106098265612,3.4341106098265612,0.6181798081390797,3.86944846371998,au-dessus de la mediane regionale,above regional median,en amelioration,improving
PER,CO2 per capita,3.03388453885236,2024-12-31,3.4519281426056536,3.4519281426056536,0.2213926958072303,4.11421182432227,sous la mediane regionale,below regional median,en amelioration,improving
PER,Commodity dependence,5.71895551475461,2024-12-31,-16.27431802980442,-16.27431802980442,-1.1500982807418598,3.00864273328603,au-dessus de la mediane regionale,above regional median,en amelioration,improving
PER,Control of corruption,-0.7203896,2024-12-31,-8.249890756792464,-8.249890756792464,-0.23020059999999998,-0.2654917,sous la mediane regionale,below regional median,en degradation,worsening
PER,Current account,2.38859228781391,2024-12-31,396.62763339196505,396.62763339196505,3.116462287829693,-1.66760721722233,au-dessus de la mediane regionale,above regional median,en amelioration,improving
PER,Debt service,17.1119312052217,2024-12-31,0.016481475269600084,0.016481475269600084,2.988516117847402,19.75493011522935,sous la mediane regionale,below regional median,en degradation,worsening
PER,Dependency ratio,49.6973010705299,2024-12-31,-0.6831638132845073,-0.6831638132845073,-3.0085853572393972,48.981079443401555,proche de la mediane regionale,near regional median,en amelioration,improving
PER,Domestic credit,39.6187196270943,2024-12-31,-7.754273542717869,-7.754273542717869,-5.105517267439296,45.1288088227477,sous la mediane regionale,below regional median,en degradation,worsening
PER,Electricity access,96.5,2024-12-31,0.31185031185030887,0.31185031185030887,0.9000000000000057,99.8,proche de la mediane regionale,near regional median,en amelioration,improving
PER,External debt,34.2282212044217,2024-12-31,-7.982631620071393,-7.982631620071393,4.723737714417599,47.6233832283027,sous la mediane regionale,below regional median,en degradation,worsening
PER,FDI net inflows,2.29780708272736,2024-12-31,39.824603913707094,39.824603913707094,0.03898717595280976,3.01317166597907,sous la mediane regionale,below regional median,stable,stable
PER,Fiscal balance,-0.485,2026-12-31,48.83966244725738,48.83966244725738,0.7280000000000001,-0.749,au-dessus de la mediane regionale,above regional median,en amelioration,improving
PER,GDP growth,3.43056395124466,2025-12-31,-2.4097966157995327,-2.4097966157995327,14.36387045228286,3.3669492581395,proche de la mediane regionale,near regional median,en amelioration,improving
PER,GDP per capita,8526.29665719783,2024-12-31,7.66822521557579,7.66822521557579,1489.28862027179,13969.7836603737,sous la mediane regionale,below regional median,en amelioration,improving
PER,Gen gov debt,29.982,2026-12-31,-0.8105336288748501,-0.8105336288748501,-5.545000000000002,63.608,sous la mediane regionale,below regional median,en amelioration,improving
PER,Gini,40.1,2024-12-31,-1.4742014742014775,-1.4742014742014775,-1.3999999999999986,43.0,proche de la mediane regionale,near regional median,en amelioration,improving
PER,Gov debt,35.237190374692,2021-12-31,1.3584826261200262,1.3584826261200262,11.530933940450499,59.3486130705839,sous la mediane regionale,below regional median,en degradation,worsening
PER,Inflation,1.53125450314273,2025-12-31,-23.731191725352733,-23.731191725352733,-0.4711575544501898,3.42967284899735,sous la mediane regionale,below regional median,en amelioration,improving
PER,Interest rate,12.5972583333333,2022-12-31,14.734266334026849,14.734266334026849,-4.190233333333399,8.80431027070166,au-dessus de la mediane regionale,above regional median,en degradation,worsening
PER,Political stability,-0.6544223,2024-12-31,9.603961708968377,9.603961708968377,-0.5655368000000001,0.3600136,sous la mediane regionale,below regional median,en degradation,worsening
PER,Regulatory quality,0.0828146,2024-12-31,-35.948860933759754,-35.948860933759754,-0.2621658999999999,-0.0738011,au-dessus de la mediane regionale,above regional median,en degradation,worsening
PER,Reserves,10.5197345775178,2024-12-31,2.6252347856006977,2.6252347856006977,-2.220657015160999,4.20470125653228,au-dessus de la mediane regionale,above regional median,en degradation,worsening
PER,Rule of law,-0.5057749,2024-12-31,-5.641710202345882,-5.641710202345882,-0.049336500000000116,-0.2513801,sous la mediane regionale,below regional median,stable,stable
PER,Tax revenue,15.9189020036855,2021-12-31,20.405358752781698,20.405358752781698,2.1313543607625984,15.9189020036855,proche de la mediane regionale,near regional median,en amelioration,improving
PER,Unemployment,5.199,2024-12-31,6.123698714023266,6.123698714023266,1.8199999999999998,6.448,sous la mediane regionale,below regional median,en degradation,worsening
PER,Women in workforce,64.939,2024-12-31,-0.22125593472950766,-0.22125593472950766,-5.105000000000004,52.394,au-dessus de la mediane regionale,above regional median,en degradation,worsening
PER,Youth unemployment,9.704,2024-12-31,9.699299118245541,9.699299118245541,2.2990000000000004,15.674,sous la mediane regionale,below regional median,en degradation,worsening
PHL,Agriculture value added,9.08729576020063,2024-12-31,-3.330410229595409,-3.330410229595409,0.26697201289537986,9.79503060602777,proche de la mediane regionale,near regional median,en amelioration,improving
PHL,CO2 per capita,2.30135405758467,2024-12-31,3.879256940172308,3.879256940172308,0.17854937432051976,2.96182966114834,sous la mediane regionale,below regional median,en amelioration,improving
PHL,Commodity dependence,1.25811696364744,2024-12-31,10.445683967383983,10.445683967383983,-0.21776456544862,1.446086854730515,sous la mediane regionale,below regional median,en amelioration,improving
PHL,Control of corruption,-0.5766165,2024-12-31,-1.333002244340506,-1.333002244340506,0.03453919999999999,0.38264925,sous la mediane regionale,below regional median,stable,stable
PHL,Current account,-4.0212789718349,2024-12-31,-41.888041313179734,-41.888041313179734,-3.212721109305133,2.19482817825998,sous la mediane regionale,below regional median,en degradation,worsening
PHL,Debt service,14.4330389093768,2024-12-31,17.702384356623146,17.702384356623146,4.6776493795183,9.284516256809514,au-dessus de la mediane regionale,above regional median,en degradation,worsening
PHL,Dependency ratio,50.0600272907847,2024-12-31,-2.2583099662554176,-2.2583099662554176,-5.685799234813295,53.5253966955507,proche de la mediane regionale,near regional median,en amelioration,improving
PHL,Domestic credit,49.8449977717705,2024-12-31,3.1751687365908796,3.1751687365908796,1.871329107456802,92.64512899225335,sous la mediane regionale,below regional median,en amelioration,improving
PHL,Electricity access,94.8,2024-12-31,-3.2653061224489828,-3.2653061224489828,-0.5,100.0,proche de la mediane regionale,near regional median,en degradation,worsening
PHL,External debt,26.2604550502335,2024-12-31,2.312640422721414,2.312640422721414,5.9087708384689,36.46641372051265,sous la mediane regionale,below regional median,en degradation,worsening
PHL,FDI net inflows,2.03571882251572,2024-12-31,-0.31265435551773063,-0.31265435551773063,-0.2654561634672197,2.35252841903892,sous la mediane regionale,below regional median,en degradation,worsening
PHL,Fiscal balance,-0.85,2026-12-31,78.60558771709036,78.60558771709036,5.383,-1.435,au-dessus de la mediane regionale,above regional median,en amelioration,improving
PHL,GDP growth,4.40240158710621,2025-12-31,-22.964167503152563,-22.964167503152563,13.92069632755918,3.6482536159531502,au-dessus de la mediane regionale,above regional median,en amelioration,improving
PHL,GDP per capita,3985.29464669706,2024-12-31,4.763616296030794,4.763616296030794,584.5051490263204,7488.460293591284,sous la mediane regionale,below regional median,en amelioration,improving
PHL,Gen gov debt,60.242,2026-12-31,1.4670462010072174,1.4670462010072174,3.2369999999999948,43.4465,au-dessus de la mediane regionale,above regional median,en degradation,worsening
PHL,Gini,39.3,2023-12-31,-3.4398034398034536,-3.4398034398034536,-3.0,34.25,au-dessus de la mediane regionale,above regional median,en amelioration,improving
PHL,Gov debt,43.426338941462,2014-12-31,-7.8861118587236305,-7.8861118587236305,-8.9743541929545,50.3420177209934,sous la mediane regionale,below regional median,en amelioration,improving
PHL,Inflation,1.6587364525509,2025-12-31,-48.3678659642283,-48.3678659642283,-0.7344259406115001,2.18151273615189,sous la mediane regionale,below regional median,en amelioration,improving
PHL,Interest rate,7.09583333333333,2019-12-31,15.973413963117261,15.973413963117261,1.5699166666666695,6.01747975323522,au-dessus de la mediane regionale,above regional median,en amelioration,improving
PHL,Political stability,-0.7741477,2024-12-31,-9.178510886151644,-9.178510886151644,0.23534519999999992,0.87674265,sous la mediane regionale,below regional median,en amelioration,improving
PHL,Regulatory quality,0.0792961,2024-12-31,25.123828188487078,25.123828188487078,0.020654199999999998,-0.07101989999999994,au-dessus de la mediane regionale,above regional median,stable,stable
PHL,Reserves,7.34350984657376,2024-12-31,-3.5735364962747402,-3.5735364962747402,-0.3767357326900802,5.704288535730781,au-dessus de la mediane regionale,above regional median,en degradation,worsening
PHL,Rule of law,-0.5739681,2024-12-31,4.523031938155425,4.523031938155425,0.07312989999999997,0.6409370999999999,sous la mediane regionale,below regional median,en amelioration,improving
PHL,Tax revenue,14.369653991008,2024-12-31,1.8803918286407941,1.8803918286407941,-0.11881903046619868,16.67863628412195,sous la mediane regionale,below regional median,en degradation,worsening
PHL,Unemployment,2.202,2024-12-31,0.09090909090908089,0.09090909090908089,-0.03500000000000014,2.988,sous la mediane regionale,below regional median,stable,stable
PHL,Women in workforce,50.511,2024-12-31,0.1308355634849886,0.1308355634849886,3.9450000000000003,55.596,proche de la mediane regionale,near regional median,en amelioration,improving
PHL,Youth unemployment,6.964,2024-12-31,0.7523148148148219,0.7523148148148219,0.2680000000000007,9.408,sous la mediane regionale,below regional median,en degradation,worsening
PLW,Agriculture value added,2.73096438608725,2024-12-31,-10.370788003544057,-10.370788003544057,-0.6590566811790399,9.79503060602777,sous la mediane regionale,below regional median,en degradation,worsening
PLW,CO2 per capita,86.6798530658378,2024-12-31,5.1008040559580605,5.1008040559580605,12.149006903347598,2.96182966114834,au-dessus de la mediane regionale,above regional median,en amelioration,improving
PLW,Commodity dependence,0.45891123655713,2017-12-31,782.6862042350488,782.6862042350488,0.344160639720531,1.446086854730515,sous la mediane regionale,below regional median,en degradation,worsening
PLW,Control of corruption,0.5049336999999999,2024-12-31,13.97871816923885,13.97871816923885,0.05690739999999994,0.38264925,au-dessus de la mediane regionale,above regional median,en amelioration,improving
PLW,Current account,-48.6132173034921,2023-12-31,-2.737471044204407,-2.737471044204407,-29.9710534895802,2.19482817825998,sous la mediane regionale,below regional median,en degradation,worsening
PLW,Dependency ratio,42.0144462279294,2024-12-31,0.9395054577720052,0.9395054577720052,2.0631960313575988,53.5253966955507,sous la mediane regionale,below regional median,en degradation,worsening
PLW,Electricity access,100.0,2024-12-31,0.0,0.0,0.0,100.0,proche de la mediane regionale,near regional median,stable,stable
PLW,FDI net inflows,21.4868990824119,2024-12-31,-25.730442218482075,-25.730442218482075,5.338165601063899,2.35252841903892,au-dessus de la mediane regionale,above regional median,en amelioration,improving
PLW,Fiscal balance,0.752,2026-12-31,-56.405797101449274,-56.405797101449274,10.692,-1.435,au-dessus de la mediane regionale,above regional median,en amelioration,improving
PLW,GDP growth,12.0059720184866,2024-12-31,881.8037612781827,881.8037612781827,11.705287674793992,3.6482536159531502,au-dessus de la mediane regionale,above regional median,en amelioration,improving
PLW,GDP per capita,18169.0767165866,2024-12-31,16.630304190847742,16.630304190847742,2327.184369131799,7488.460293591284,au-dessus de la mediane regionale,above regional median,en amelioration,improving
PLW,Gen gov debt,56.694,2026-12-31,-9.053867624883697,-9.053867624883697,-13.25099999999999,43.4465,au-dessus de la mediane regionale,above regional median,en amelioration,improving
PLW,Gov debt,85.1988175376125,2019-12-31,1.7070860227878986,1.7070860227878986,63.6572347239792,50.3420177209934,au-dessus de la mediane regionale,above regional median,en degradation,worsening
PLW,Inflation,2.23172772921704,2024-12-31,-82.59179319566547,-82.59179319566547,1.9643480500725998,2.18151273615189,proche de la mediane regionale,near regional median,en degradation,worsening
PLW,Political stability,1.2387076,2024-12-31,-0.5163209013630379,-0.5163209013630379,0.09510439999999987,0.87674265,au-dessus de la mediane regionale,above regional median,en amelioration,improving
PLW,Regulatory quality,0.4811763,2024-12-31,21.917868612583856,21.917868612583856,0.0756886,-0.07101989999999994,au-dessus de la mediane regionale,above regional median,en amelioration,improving
PLW,Rule of law,1.1710347,2024-12-31,-0.010698794357720878,-0.010698794357720878,0.011772800000000139,0.6409370999999999,au-dessus de la mediane regionale,above regional median,stable,stable
PLW,Tax revenue,18.0812960649698,2020-12-31,-1.5498630306760892,-1.5498630306760892,-1.8865125514950023,16.67863628412195,proche de la mediane regionale,near regional median,en degradation,worsening
PNG,Agriculture value added,17.0217937024537,2024-12-31,0.3666441702655379,0.3666441702655379,0.045347955486999325,9.79503060602777,au-dessus de la mediane regionale,above regional median,stable,stable
PNG,CO2 per capita,1.01745359666173,2024-12-31,-0.8565553515417281,-0.8565553515417281,0.011314566730449949,2.96182966114834,sous la mediane regionale,below regional median,stable,stable
PNG,Commodity dependence,42.6494855424319,2023-12-31,0.2076503968394143,0.2076503968394143,39.72509934146127,1.446086854730515,au-dessus de la mediane regionale,above regional median,en degradation,worsening
PNG,Control of corruption,-0.7973513,2024-12-31,-32.48973283094714,-32.48973283094714,0.18977160000000004,0.38264925,sous la mediane regionale,below regional median,en amelioration,improving
PNG,Current account,15.4763748159171,2024-12-31,70.68592327012252,70.68592327012252,1.0964517061678016,2.19482817825998,au-dessus de la mediane regionale,above regional median,en amelioration,improving
PNG,Debt service,43.3382712553473,2024-12-31,2.603590625693381,2.603590625693381,22.5288003522136,9.284516256809514,au-dessus de la mediane regionale,above regional median,en degradation,worsening
PNG,Dependency ratio,58.5895021011812,2024-12-31,-0.8896338201661383,-0.8896338201661383,-2.8382576655324954,53.5253966955507,proche de la mediane regionale,near regional median,en amelioration,improving
PNG,Domestic credit,16.2934964633047,2024-12-31,-1.333459581900657,-1.333459581900657,-1.761172954629302,92.64512899225335,sous la mediane regionale,below regional median,en degradation,worsening
PNG,Electricity access,43.3,2024-12-31,111.21951219512194,111.21951219512194,19.699999999999996,100.0,sous la mediane regionale,below regional median,en amelioration,improving
PNG,External debt,41.8854823852824,2024-12-31,-22.843698299510365,-22.843698299510365,-39.5641908087332,36.46641372051265,au-dessus de la mediane regionale,above regional median,en amelioration,improving
PNG,FDI net inflows,-0.64380460730506,2024-12-31,-558.1588494651207,-558.1588494651207,-1.9996174012474799,2.35252841903892,sous la mediane regionale,below regional median,en degradation,worsening
PNG,Fiscal balance,-1.124,2026-12-31,52.31226134917267,52.31226134917267,5.718999999999999,-1.435,au-dessus de la mediane regionale,above regional median,en amelioration,improving
PNG,GDP growth,3.88795324667848,2024-12-31,2.033615380772477,2.033615380772477,-0.5925613227473399,3.6482536159531502,proche de la mediane regionale,near regional median,en degradation,worsening
PNG,GDP per capita,2912.4914068385,2024-12-31,-1.8062028895035949,-1.8062028895035949,336.7186654345701,7488.460293591284,sous la mediane regionale,below regional median,en amelioration,improving
PNG,Gen gov debt,49.248,2026-12-31,-5.561095344020874,-5.561095344020874,-3.328000000000003,43.4465,au-dessus de la mediane regionale,above regional median,en amelioration,improving
PNG,Gini,41.9,2009-12-31,,,,34.25,au-dessus de la mediane regionale,above regional median,en degradation,worsening
PNG,Gov debt,52.0067408156387,2024-12-31,-0.715113769311561,-0.715113769311561,11.852435195426104,50.3420177209934,proche de la mediane regionale,near regional median,en degradation,worsening
PNG,Inflation,0.602403921107917,2024-12-31,-73.7937119277941,-73.7937119277941,-3.326268988288053,2.18151273615189,sous la mediane regionale,below regional median,en amelioration,improving
PNG,Interest rate,8.29,2024-12-31,-1.0641471904525606,-1.0641471904525606,-0.36083333333333023,6.01747975323522,au-dessus de la mediane regionale,above regional median,en degradation,worsening
PNG,Political stability,-0.653875,2024-12-31,-23.184610660331685,-23.184610660331685,0.14532199999999995,0.87674265,sous la mediane regionale,below regional median,en amelioration,improving
PNG,Regulatory quality,-0.6004013,2024-12-31,15.545751344386623,15.545751344386623,-0.09240570000000004,-0.07101989999999994,sous la mediane regionale,below regional median,en degradation,worsening
PNG,Reserves,4.89986226575573,2024-12-31,11.558695071111451,11.558695071111451,1.5151783335098599,5.704288535730781,sous la mediane regionale,below regional median,en amelioration,improving
PNG,Rule of law,-0.5713328999999999,2024-12-31,-11.857723915480136,-11.857723915480136,0.1427537000000001,0.6409370999999999,sous la mediane regionale,below regional median,en amelioration,improving
PNG,Tax revenue,15.5435093385912,2024-12-31,-2.455689958207615,-2.455689958207615,2.5215534713049,16.67863628412195,proche de la mediane regionale,near regional median,en amelioration,improving
PNG,Unemployment,2.625,2024-12-31,-0.9060022650056633,-0.9060022650056633,-0.0259999999999998,2.988,sous la mediane regionale,below regional median,stable,stable
PNG,Women in workforce,50.697,2024-12-31,0.1046520811942271,0.1046520811942271,0.7349999999999994,55.596,proche de la mediane regionale,near regional median,en amelioration,improving
PNG,Youth unemployment,3.782,2024-12-31,-0.26371308016877076,-0.26371308016877076,-0.33699999999999974,9.408,sous la mediane regionale,below regional median,en amelioration,improving
POL,Agriculture value added,2.54032372848325,2024-12-31,-8.138053031161862,-8.138053031161862,0.17002628201881986,2.6262814922641997,proche de la mediane regionale,near regional median,en amelioration,improving
POL,CO2 per capita,9.52413306920307,2024-12-31,-1.3817435679154526,-1.3817435679154526,-0.81831095395213,6.87868940323143,au-dessus de la mediane regionale,above regional median,en degradation,worsening
POL,Commodity dependence,2.58269731161847,2024-12-31,-15.353672559306988,-15.353672559306988,0.34348143129601016,5.79530570621524,sous la mediane regionale,below regional median,en degradation,worsening
POL,Control of corruption,0.7940729999999999,2024-12-31,5.386870958605878,5.386870958605878,0.07781479999999996,0.5531621,au-dessus de la mediane regionale,above regional median,en amelioration,improving
POL,Current account,0.30454349270969,2024-12-31,-80.18366778047276,-80.18366778047276,0.577489286422462,-0.432631418354181,au-dessus de la mediane regionale,above regional median,en amelioration,improving
POL,Dependency ratio,53.7259735061021,2024-12-31,1.292986821968644,1.292986821968644,4.5151245645485005,55.30208239407135,proche de la mediane regionale,near regional median,en degradation,worsening
POL,Domestic credit,33.5857900188097,2024-12-31,-3.231958455806698,-3.231958455806698,-16.641939526910996,51.23226305443685,sous la mediane regionale,below regional median,en degradation,worsening
POL,Electricity access,100.0,2024-12-31,0.0,0.0,0.0,100.0,proche de la mediane regionale,near regional median,stable,stable
POL,FDI net inflows,2.24523191798779,2024-12-31,-48.84628852438894,-48.84628852438894,-0.9093245744542897,2.46510904267828,proche de la mediane regionale,near regional median,en degradation,worsening
POL,Fiscal balance,-4.204,2026-12-31,7.237422771403361,7.237422771403361,-3.622,-2.067,sous la mediane regionale,below regional median,en degradation,worsening
POL,GDP growth,3.5727250346774,2025-12-31,17.973378574670964,17.973378574670964,5.60829385867717,2.59946721553708,au-dessus de la mediane regionale,above regional median,en amelioration,improving
POL,GDP per capita,25103.565661423,2024-12-31,13.358609411290647,13.358609411290647,9229.0436082976,29603.7772588256,sous la mediane regionale,below regional median,en amelioration,improving
POL,Gen gov debt,65.73,2026-12-31,11.778110332630435,11.778110332630435,12.716000000000001,46.406,au-dessus de la mediane regionale,above regional median,en degradation,worsening
POL,Gini,28.5,2023-12-31,-1.3840830449826942,-1.3840830449826942,-1.6999999999999993,30.65,proche de la mediane regionale,near regional median,en amelioration,improving
POL,Inflation,3.81419531520146,2025-12-31,0.6222308617677568,0.6222308617677568,0.4397255890155698,2.83581658224034,au-dessus de la mediane regionale,above regional median,en degradation,worsening
POL,Political stability,0.4986549999999999,2024-12-31,-1.3716842952423374,-1.3716842952423374,-0.1749401000000001,0.3087034999999999,au-dessus de la mediane regionale,above regional median,en degradation,worsening
POL,Regulatory quality,0.6858352999999999,2024-12-31,-5.443293437181353,-5.443293437181353,-0.14190930000000002,0.6500427999999999,proche de la mediane regionale,near regional median,en degradation,worsening
POL,Reserves,5.36718824327154,2024-12-31,10.55847784515613,10.55847784515613,0.76387509354557,2.89106960627006,au-dessus de la mediane regionale,above regional median,en amelioration,improving
POL,Rule of law,0.5769112,2024-12-31,61.856070691209354,61.856070691209354,0.05053529999999995,0.6192042999999999,proche de la mediane regionale,near regional median,en amelioration,improving
POL,Tax revenue,17.9988487014512,2023-12-31,5.11792203301082,5.11792203301082,0.8140268525575003,20.82863605996785,sous la mediane regionale,below regional median,en amelioration,improving
POL,Unemployment,2.807,2024-12-31,2.3332118118847998,2.3332118118847998,-0.45999999999999996,5.4,sous la mediane regionale,below regional median,en amelioration,improving
POL,Women in workforce,51.913,2024-12-31,-0.5669520580742907,-0.5669520580742907,2.317,54.888,proche de la mediane regionale,near regional median,en amelioration,improving
POL,Youth unemployment,10.662,2024-12-31,-4.599141016463845,-4.599141016463845,0.827,14.316,sous la mediane regionale,below regional median,en degradation,worsening
PRI,Agriculture value added,0.700867503663465,2024-12-31,-0.6723579545468146,-0.6723579545468146,0.018546031606968993,3.86944846371998,sous la mediane regionale,below regional median,stable,stable
PRI,CO2 per capita,5.50082263316931,2024-12-31,4.8319129343058655,4.8319129343058655,0.9874424834671398,4.11421182432227,au-dessus de la mediane regionale,above regional median,en amelioration,improving
PRI,Control of corruption,0.3976985999999999,2024-12-31,12.751192652123189,12.751192652123189,0.11481589999999992,-0.2654917,au-dessus de la mediane regionale,above regional median,en amelioration,improving
PRI,Dependency ratio,57.1026873336084,2024-12-31,0.42797968836087996,0.42797968836087996,1.5453367377440017,48.981079443401555,au-dessus de la mediane regionale,above regional median,en degradation,worsening
PRI,Electricity access,100.0,2024-12-31,0.0,0.0,0.0,99.8,proche de la mediane regionale,near regional median,stable,stable
PRI,Fiscal balance,-0.391,2026-12-31,6.459330143540662,6.459330143540662,-0.134,-0.749,au-dessus de la mediane regionale,above regional median,en degradation,worsening
PRI,GDP growth,3.17707554784896,2024-12-31,334.32807060282784,334.32807060282784,1.5016117528668698,3.3669492581395,proche de la mediane regionale,near regional median,en amelioration,improving
PRI,GDP per capita,39353.2242360643,2024-12-31,6.415385993387167,6.415385993387167,7522.6957367284995,13969.7836603737,au-dessus de la mediane regionale,above regional median,en amelioration,improving
PRI,Gen gov debt,18.761,2026-12-31,4.442465067082326,4.442465067082326,-30.113000000000003,63.608,sous la mediane regionale,below regional median,en amelioration,improving
PRI,Political stability,0.4382506,2024-12-31,50.99806743411136,50.99806743411136,0.33010249999999997,0.3600136,au-dessus de la mediane regionale,above regional median,en amelioration,improving
PRI,Regulatory quality,0.6528081,2024-12-31,5.214025203668329,5.214025203668329,-0.1302896,-0.0738011,au-dessus de la mediane regionale,above regional median,en degradation,worsening
PRI,Rule of law,0.546037,2024-12-31,1.7406913575462195,1.7406913575462195,0.03135379999999999,-0.2513801,au-dessus de la mediane regionale,above regional median,stable,stable
PRI,Unemployment,5.639,2024-12-31,-1.5021834061135269,-1.5021834061135269,-2.6610000000000005,6.448,sous la mediane regionale,below regional median,en amelioration,improving
PRI,Women in workforce,36.681,2024-12-31,1.0774317993937677,1.0774317993937677,3.3900000000000006,52.394,sous la mediane regionale,below regional median,en amelioration,improving
PRI,Youth unemployment,13.084,2024-12-31,-0.7133100622249293,-0.7133100622249293,-5.477,15.674,sous la mediane regionale,below regional median,en amelioration,improving
PRK,CO2 per capita,3.44361709952174,2024-12-31,0.3880703280682807,0.3880703280682807,-0.42608963878687023,2.96182966114834,au-dessus de la mediane regionale,above regional median,en degradation,worsening
PRK,Control of corruption,-1.5573827999999998,2024-12-31,0.04273294170670676,0.04273294170670676,0.020015400000000128,0.38264925,sous la mediane regionale,below regional median,stable,stable
PRK,Dependency ratio,45.6599941348635,2024-12-31,1.5865459103086403,1.5865459103086403,2.714169435652103,53.5253966955507,sous la mediane regionale,below regional median,en degradation,worsening
PRK,Electricity access,61.4,2024-12-31,6.782608695652172,6.782608695652172,13.0,100.0,sous la mediane regionale,below regional median,en amelioration,improving
PRK,Political stability,0.3220654,2024-12-31,-1.3380681443958016,-1.3380681443958016,0.5091014999999999,0.87674265,sous la mediane regionale,below regional median,en amelioration,improving
PRK,Regulatory quality,-1.87416,2024-12-31,0.01752478076018892,0.01752478076018892,0.15197559999999988,-0.07101989999999994,sous la mediane regionale,below regional median,en amelioration,improving
PRK,Rule of law,-1.5256661,2024-12-31,-0.0027988558644330003,-0.0027988558644330003,0.18799739999999998,0.6409370999999999,sous la mediane regionale,below regional median,en amelioration,improving
PRK,Unemployment,3.539,2024-12-31,2.194628934449901,2.194628934449901,0.10000000000000009,2.988,au-dessus de la mediane regionale,above regional median,en degradation,worsening
PRK,Women in workforce,77.722,2024-12-31,-0.0025732077608068933,-0.0025732077608068933,-0.06500000000001194,55.596,au-dessus de la mediane regionale,above regional median,en degradation,worsening
PRK,Youth unemployment,7.764,2024-12-31,2.4679952487792036,2.4679952487792036,0.1589999999999998,9.408,sous la mediane regionale,below regional median,en degradation,worsening
PRT,Agriculture value added,2.01918518592571,2024-12-31,-5.522408654150184,-5.522408654150184,0.01926672822867026,2.6262814922641997,sous la mediane regionale,below regional median,stable,stable
PRT,CO2 per capita,4.97159288809082,2024-12-31,-4.342352213011493,-4.342352213011493,-1.30477784052073,6.87868940323143,sous la mediane regionale,below regional median,en degradation,worsening
PRT,Commodity dependence,6.97069976539579,2024-12-31,7.690581374850702,7.690581374850702,0.8781352287736803,5.79530570621524,au-dessus de la mediane regionale,above regional median,en degradation,worsening
PRT,Control of corruption,0.8241683,2024-12-31,5.013698685991359,5.013698685991359,0.027046800000000037,0.5531621,au-dessus de la mediane regionale,above regional median,stable,stable
PRT,Current account,2.07520783148021,2024-12-31,274.9083119163269,274.9083119163269,1.3094367096676187,-0.432631418354181,au-dessus de la mediane regionale,above regional median,en amelioration,improving
PRT,Dependency ratio,59.5712560251323,2024-12-31,1.4096971134528962,1.4096971134528962,3.5114869348876994,55.30208239407135,proche de la mediane regionale,near regional median,en degradation,worsening
PRT,Domestic credit,77.118172685653,2024-12-31,-3.8751661644237148,-3.8751661644237148,-16.237376768087003,51.23226305443685,au-dessus de la mediane regionale,above regional median,en degradation,worsening
PRT,Electricity access,100.0,2024-12-31,0.0,0.0,0.0,100.0,proche de la mediane regionale,near regional median,stable,stable
PRT,FDI net inflows,4.29974090969256,2024-12-31,8.490159799446326,8.490159799446326,-0.20415262065103956,2.46510904267828,au-dessus de la mediane regionale,above regional median,en degradation,worsening
PRT,Fiscal balance,-0.14,2026-12-31,-106.51769087523277,-106.51769087523277,0.403,-2.067,au-dessus de la mediane regionale,above regional median,en amelioration,improving
PRT,GDP growth,2.21459232301109,2024-12-31,-28.561248964055665,-28.561248964055665,-0.5310920034748698,2.59946721553708,sous la mediane regionale,below regional median,en degradation,worsening
PRT,GDP per capita,29328.3067415343,2024-12-31,6.128864919767505,6.128864919767505,5984.943844530899,29603.7772588256,proche de la mediane regionale,near regional median,en amelioration,improving
PRT,Gen gov debt,85.575,2026-12-31,-4.817253575957114,-4.817253575957114,-38.303,46.406,au-dessus de la mediane regionale,above regional median,en amelioration,improving
PRT,Gini,33.9,2023-12-31,-6.61157024793388,-6.61157024793388,0.3999999999999986,30.65,au-dessus de la mediane regionale,above regional median,en degradation,worsening
PRT,Inflation,2.41613187791876,2024-12-31,-43.95792427124384,-43.95792427124384,2.077953467872636,2.83581658224034,sous la mediane regionale,below regional median,en degradation,worsening
PRT,Political stability,0.5369269999999999,2024-12-31,-31.950968632862452,-31.950968632862452,-0.45719810000000005,0.3087034999999999,au-dessus de la mediane regionale,above regional median,en degradation,worsening
PRT,Regulatory quality,0.7401574999999999,2024-12-31,-5.162665873961108,-5.162665873961108,-0.2597630000000001,0.6500427999999999,au-dessus de la mediane regionale,above regional median,en degradation,worsening
PRT,Reserves,3.14206718624252,2024-12-31,17.75160891058423,17.75160891058423,0.6099079639000102,2.89106960627006,proche de la mediane regionale,near regional median,en amelioration,improving
PRT,Rule of law,1.0721547,2024-12-31,-0.9491435231056831,-0.9491435231056831,-0.044395799999999985,0.6192042999999999,au-dessus de la mediane regionale,above regional median,stable,stable
PRT,Tax revenue,22.3472676749446,2024-12-31,-1.445226833420217,-1.445226833420217,-0.09998933919120034,20.82863605996785,proche de la mediane regionale,near regional median,en degradation,worsening
PRT,Unemployment,6.5,2024-12-31,0.030778701138808554,0.030778701138808554,0.07800000000000029,5.4,au-dessus de la mediane regionale,above regional median,en degradation,worsening
PRT,Women in workforce,54.888,2024-12-31,0.308850673440664,0.308850673440664,0.37699999999999534,54.888,proche de la mediane regionale,near regional median,en amelioration,improving
PRT,Youth unemployment,21.766,2024-12-31,6.367590284904448,6.367590284904448,3.4399999999999977,14.316,au-dessus de la mediane regionale,above regional median,en degradation,worsening
PRY,Agriculture value added,11.2466028027305,2024-12-31,-3.916776076630862,-3.916776076630862,1.5791291385632302,3.86944846371998,au-dessus de la mediane regionale,above regional median,en amelioration,improving
PRY,CO2 per capita,5.98081756890056,2024-12-31,-0.05130402709226558,-0.05130402709226558,-0.5284260940108103,4.11421182432227,au-dessus de la mediane regionale,above regional median,en degradation,worsening
PRY,Commodity dependence,10.8893279718454,2024-12-31,-16.57985683784941,-16.57985683784941,-12.764123234653301,3.00864273328603,au-dessus de la mediane regionale,above regional median,en amelioration,improving
PRY,Control of corruption,-1.0248859,2024-12-31,-0.9819096139864292,-0.9819096139864292,-0.14884639999999993,-0.2654917,sous la mediane regionale,below regional median,en degradation,worsening
PRY,Current account,-3.2503481047772,2024-12-31,-1241.5931316896801,-1241.5931316896801,-3.0876012930414642,-1.66760721722233,sous la mediane regionale,below regional median,en degradation,worsening
PRY,Debt service,11.0611568256561,2024-12-31,15.64922174397563,15.64922174397563,0.5669766290964997,19.75493011522935,sous la mediane regionale,below regional median,en degradation,worsening
PRY,Dependency ratio,54.1439537929832,2024-12-31,-0.1083195286762053,-0.1083195286762053,-0.4873245014407033,48.981079443401555,au-dessus de la mediane regionale,above regional median,en amelioration,improving
PRY,Domestic credit,57.0291394487225,2024-12-31,9.238631341260547,9.238631341260547,9.376859609938606,45.1288088227477,au-dessus de la mediane regionale,above regional median,en amelioration,improving
PRY,Electricity access,99.8,2024-12-31,0.0,0.0,0.09999999999999432,99.8,proche de la mediane regionale,near regional median,en amelioration,improving
PRY,External debt,69.740945590813,2024-12-31,8.867663453559167,8.867663453559167,21.1231357018236,47.6233832283027,au-dessus de la mediane regionale,above regional median,en degradation,worsening
PRY,FDI net inflows,2.45295029321833,2024-12-31,-4.813796211263819,-4.813796211263819,1.17272243593796,3.01317166597907,sous la mediane regionale,below regional median,en amelioration,improving
PRY,Fiscal balance,0.359,2026-12-31,45.344129554655865,45.344129554655865,2.657,-0.749,au-dessus de la mediane regionale,above regional median,en amelioration,improving
PRY,GDP growth,4.66914577981763,2024-12-31,-11.667008222806762,-11.667008222806762,5.071000880497641,3.3669492581395,au-dessus de la mediane regionale,above regional median,en amelioration,improving
PRY,GDP per capita,6456.60723068562,2024-12-31,2.4327436927507464,2.4327436927507464,635.42523519925,13969.7836603737,sous la mediane regionale,below regional median,en amelioration,improving
PRY,Gen gov debt,37.767,2026-12-31,-0.9597985996381078,-0.9597985996381078,0.2540000000000049,63.608,sous la mediane regionale,below regional median,en degradation,worsening
PRY,Gini,44.2,2024-12-31,0.0,0.0,-1.5,43.0,proche de la mediane regionale,near regional median,en amelioration,improving
PRY,Inflation,3.83540271728533,2024-12-31,-17.198104626244117,-17.198104626244117,1.0783054416575801,3.42967284899735,au-dessus de la mediane regionale,above regional median,en degradation,worsening
PRY,Interest rate,12.5097388657844,2021-12-31,-7.590689777344049,-7.590689777344049,-5.565117653631301,8.80431027070166,au-dessus de la mediane regionale,above regional median,en degradation,worsening
PRY,Political stability,-0.0738359,2024-12-31,-3197.4033056465764,-3197.4033056465764,-0.1093628,0.3600136,sous la mediane regionale,below regional median,en degradation,worsening
PRY,Regulatory quality,-0.1411883,2024-12-31,28.370662819061078,28.370662819061078,0.019483500000000015,-0.0738011,sous la mediane regionale,below regional median,stable,stable
PRY,Reserves,5.55063003989379,2024-12-31,-6.95862562906176,-6.95862562906176,-0.4799062995247807,4.20470125653228,au-dessus de la mediane regionale,above regional median,en degradation,worsening
PRY,Rule of law,-0.5835849,2024-12-31,-0.5981400239607709,-0.5981400239607709,-0.15409039999999996,-0.2513801,sous la mediane regionale,below regional median,en degradation,worsening
PRY,Tax revenue,11.3333046408497,2024-12-31,11.845413667286891,11.845413667286891,1.337548566058791,15.9189020036855,sous la mediane regionale,below regional median,en amelioration,improving
PRY,Unemployment,5.686,2024-12-31,-1.8639972385226036,-1.8639972385226036,-0.9089999999999998,6.448,sous la mediane regionale,below regional median,en amelioration,improving
PRY,Women in workforce,58.944,2024-12-31,-0.08475438180153433,-0.08475438180153433,-1.3119999999999976,52.394,au-dessus de la mediane regionale,above regional median,en degradation,worsening
PRY,Youth unemployment,13.393,2024-12-31,1.5775502464922275,1.5775502464922275,-1.907,15.674,sous la mediane regionale,below regional median,en amelioration,improving
PSE,Agriculture value added,5.52041905737065,2024-12-31,13.209597420499364,13.209597420499364,-1.5335979268999305,3.39457505861722,au-dessus de la mediane regionale,above regional median,en degradation,worsening
PSE,Commodity dependence,0.0859853021575194,2023-12-31,63.84238124104195,63.84238124104195,0.014178227937094695,10.0847170807725,sous la mediane regionale,below regional median,stable,stable
PSE,Control of corruption,-0.5708422,2024-12-31,4.706464857848188,4.706464857848188,-0.25270850000000006,-0.5708422,au-dessus de la mediane regionale,above regional median,en degradation,worsening
PSE,Current account,-18.0999264452664,2024-12-31,-16.494265977718207,-16.494265977718207,-7.714446013894502,0.124893414067427,sous la mediane regionale,below regional median,en degradation,worsening
PSE,Dependency ratio,72.0721491548406,2024-12-31,-1.1745250501751432,-1.1745250501751432,-3.4510612902999043,51.2977156907185,au-dessus de la mediane regionale,above regional median,en amelioration,improving
PSE,Domestic credit,58.6252720787942,2024-12-31,11.174686909062656,11.174686909062656,13.698536720052594,58.6252720787942,proche de la mediane regionale,near regional median,en amelioration,improving
PSE,Electricity access,100.0,2024-12-31,0.0,0.0,0.0,100.0,proche de la mediane regionale,near regional median,stable,stable
PSE,FDI net inflows,1.01253497329187,2024-12-31,82.2439189301162,82.2439189301162,0.24281492678126204,1.47747574805229,sous la mediane regionale,below regional median,en amelioration,improving
PSE,GDP growth,-22.8573273913324,2024-12-31,-2251.146801075539,-2251.146801075539,-24.22001485691302,2.3991692678251,sous la mediane regionale,below regional median,en degradation,worsening
PSE,GDP per capita,3028.25481286981,2024-12-31,-16.05474075292038,-16.05474075292038,-628.6034585002999,5190.16959024821,sous la mediane regionale,below regional median,en degradation,worsening
PSE,Gini,36.4,2023-12-31,8.011869436201767,8.011869436201767,2.6999999999999957,33.7,proche de la mediane regionale,near regional median,en degradation,worsening
PSE,Inflation,53.6691458303782,2024-12-31,814.1239220642957,814.1239220642957,52.08896249398365,2.6116961151764,au-dessus de la mediane regionale,above regional median,en degradation,worsening
PSE,Interest rate,5.55524249655977,2021-12-31,0.6875804757775174,0.6875804757775174,-0.5944740369958899,8.0,sous la mediane regionale,below regional median,en degradation,worsening
PSE,Political stability,-1.8763518,2024-12-31,-15.885132180628322,-15.885132180628322,-0.35323079999999996,-0.9248175,sous la mediane regionale,below regional median,en degradation,worsening
PSE,Regulatory quality,-0.4676244,2024-12-31,-29.680361244677968,-29.680361244677968,-0.3184957,-0.4676244,au-dessus de la mediane regionale,above regional median,en degradation,worsening
PSE,Reserves,1.90727837913163,2024-12-31,41.31236130474747,41.31236130474747,1.0616371748321778,5.978693032108115,sous la mediane regionale,below regional median,en amelioration,improving
PSE,Rule of law,-0.9893971,2024-12-31,-11.705983660214118,-11.705983660214118,-0.1378045000000001,-0.6967772,sous la mediane regionale,below regional median,en degradation,worsening
PSE,Unemployment,24.42,2022-12-31,-7.464948844259185,-7.464948844259185,-1.256999999999998,9.103,au-dessus de la mediane regionale,above regional median,en amelioration,improving
PSE,Women in workforce,18.934,2022-12-31,7.916785408948414,7.916785408948414,1.269000000000002,22.234,sous la mediane regionale,below regional median,en amelioration,improving
PSE,Youth unemployment,36.092,2022-12-31,-13.302906557770847,-13.302906557770847,-5.776000000000003,21.307,au-dessus de la mediane regionale,above regional median,en amelioration,improving
PYF,Agriculture value added,2.21570108763617,2020-12-31,-1.5453237046685382,-1.5453237046685382,-1.01275781336451,9.79503060602777,sous la mediane regionale,below regional median,en degradation,worsening
PYF,CO2 per capita,3.83595865255299,2024-12-31,4.3100236494865305,4.3100236494865305,0.66716918603636,2.96182966114834,au-dessus de la mediane regionale,above regional median,en amelioration,improving
PYF,Commodity dependence,0.0345127528179326,2022-12-31,-40.14940494775166,-40.14940494775166,0.0012342189134113002,1.446086854730515,sous la mediane regionale,below regional median,stable,stable
PYF,Control of corruption,-0.2085367,2024-12-31,6.510351988221931,6.510351988221931,,0.38264925,sous la mediane regionale,below regional median,en degradation,worsening
PYF,Current account,7.49427461409959,2016-12-31,37.073786523499244,37.073786523499244,4.6676409768967195,2.19482817825998,au-dessus de la mediane regionale,above regional median,en amelioration,improving
PYF,Dependency ratio,43.7306825252721,2024-12-31,-0.15716999809622131,-0.15716999809622131,-0.37835185526370196,53.5253966955507,sous la mediane regionale,below regional median,en amelioration,improving
PYF,Electricity access,100.0,2024-12-31,0.0,0.0,0.0,100.0,proche de la mediane regionale,near regional median,stable,stable
PYF,FDI net inflows,-0.219284661446365,2024-12-31,-107.1791453914436,-107.1791453914436,-0.430685626552595,2.35252841903892,sous la mediane regionale,below regional median,en degradation,worsening
PYF,GDP growth,1.12638897730247,2024-12-31,-59.37779807416968,-59.37779807416968,-1.56307760413087,3.6482536159531502,sous la mediane regionale,below regional median,en degradation,worsening
PYF,GDP per capita,22439.8838746025,2024-12-31,2.7830378071247197,2.7830378071247197,857.2946699224012,7488.460293591284,au-dessus de la mediane regionale,above regional median,en amelioration,improving
PYF,Political stability,1.0303397,2024-12-31,-1.8201404366705483,-1.8201404366705483,0.12700540000000005,0.87674265,au-dessus de la mediane regionale,above regional median,en amelioration,improving
PYF,Rule of law,1.0171948,2024-12-31,-0.041842706407490445,-0.041842706407490445,0.11939440000000001,0.6409370999999999,au-dessus de la mediane regionale,above regional median,en amelioration,improving
PYF,Unemployment,11.613,2024-12-31,0.0,0.0,0.02200000000000024,2.988,au-dessus de la mediane regionale,above regional median,stable,stable
PYF,Women in workforce,46.983,2024-12-31,-0.8881107079571481,-0.8881107079571481,-2.236000000000004,55.596,sous la mediane regionale,below regional median,en degradation,worsening
PYF,Youth unemployment,36.459,2024-12-31,0.22266204849085455,0.22266204849085455,-0.03999999999999915,9.408,au-dessus de la mediane regionale,above regional median,stable,stable
QAT,Agriculture value added,0.29060905968663,2024-12-31,-0.7411974869648086,-0.7411974869648086,0.030603744575050995,3.39457505861722,sous la mediane regionale,below regional median,stable,stable
QAT,CO2 per capita,56.9471086722686,2024-12-31,-3.121349634833011,-3.121349634833011,2.980336939527298,4.671020451612931,au-dessus de la mediane regionale,above regional median,en amelioration,improving
QAT,Commodity dependence,83.7597865976017,2024-12-31,-3.2142369496234813,-3.2142369496234813,-5.050778573912098,10.0847170807725,au-dessus de la mediane regionale,above regional median,en amelioration,improving
QAT,Control of corruption,0.7548292999999999,2024-12-31,-2.699833031247905,-2.699833031247905,-0.12278909999999998,-0.5708422,au-dessus de la mediane regionale,above regional median,en degradation,worsening
QAT,Current account,17.5152925396793,2024-12-31,2.3466960532900782,2.3466960532900782,15.099995441899301,0.124893414067427,au-dessus de la mediane regionale,above regional median,en amelioration,improving
QAT,Dependency ratio,20.1151630671203,2024-12-31,0.09971385547981894,0.09971385547981894,1.4521060731172,51.2977156907185,sous la mediane regionale,below regional median,en degradation,worsening
QAT,Domestic credit,120.965896493385,2024-12-31,2.447676551578465,2.447676551578465,20.329749730610004,58.6252720787942,au-dessus de la mediane regionale,above regional median,en amelioration,improving
QAT,Electricity access,100.0,2024-12-31,0.0,0.0,0.0,100.0,proche de la mediane regionale,near regional median,stable,stable
QAT,FDI net inflows,0.212749202349259,2024-12-31,195.56830077564916,195.56830077564916,1.807474578788809,1.47747574805229,sous la mediane regionale,below regional median,en amelioration,improving
QAT,Fiscal balance,-2.108,2026-12-31,-880.7407407407406,-880.7407407407406,-4.121,-2.4939999999999998,au-dessus de la mediane regionale,above regional median,en degradation,worsening
QAT,GDP growth,3.10963283242745,2024-12-31,161.93883316766772,161.93883316766772,2.421391877834778,2.3991692678251,au-dessus de la mediane regionale,above regional median,en amelioration,improving
QAT,GDP per capita,75685.0865779973,2024-12-31,-5.6247133565111795,-5.6247133565111795,8843.785229505389,5190.16959024821,au-dessus de la mediane regionale,above regional median,en amelioration,improving
QAT,Gen gov debt,43.329,2026-12-31,4.717596732484226,4.717596732484226,-15.067,53.242000000000004,sous la mediane regionale,below regional median,en amelioration,improving
QAT,Gini,35.1,2017-12-31,,,,33.7,proche de la mediane regionale,near regional median,en degradation,worsening
QAT,Inflation,1.26734310292375,2024-12-31,-58.14101613902189,-58.14101613902189,1.933984227784897,2.6116961151764,sous la mediane regionale,below regional median,en degradation,worsening
QAT,Interest rate,6.18,2024-12-31,-4.171313160550477,-4.171313160550477,1.1409294439034294,8.0,sous la mediane regionale,below regional median,en amelioration,improving
QAT,Political stability,0.9511752,2024-12-31,-6.2618647811854204,-6.2618647811854204,0.0689092,-0.9248175,au-dessus de la mediane regionale,above regional median,en amelioration,improving
QAT,Regulatory quality,0.9663365,2024-12-31,2.6696718785077893,2.6696718785077893,0.17698940000000007,-0.4676244,au-dessus de la mediane regionale,above regional median,en amelioration,improving
QAT,Reserves,6.69567627121726,2024-12-31,3.311621580869494,3.311621580869494,0.7470378531207702,5.978693032108115,au-dessus de la mediane regionale,above regional median,en amelioration,improving
QAT,Rule of law,0.5895929999999999,2024-12-31,2.9202932564936384,2.9202932564936384,0.09573079999999995,-0.6967772,au-dessus de la mediane regionale,above regional median,en amelioration,improving
QAT,Unemployment,0.13,2024-12-31,0.0,0.0,0.03,9.103,sous la mediane regionale,below regional median,stable,stable
QAT,Women in workforce,61.78,2024-12-31,-2.413597017754468,-2.413597017754468,2.6970000000000027,22.234,au-dessus de la mediane regionale,above regional median,en amelioration,improving
QAT,Youth unemployment,0.573,2024-12-31,-0.17421602787456464,-0.17421602787456464,0.27799999999999997,21.307,sous la mediane regionale,below regional median,en degradation,worsening
ROU,Agriculture value added,2.81143528363417,2024-12-31,-15.424420366044087,-15.424420366044087,-1.5000430295657505,2.6262814922641997,proche de la mediane regionale,near regional median,en degradation,worsening
ROU,CO2 per capita,5.34634935358352,2024-12-31,0.6128132723795312,0.6128132723795312,-0.53677943339423,6.87868940323143,sous la mediane regionale,below regional median,en degradation,worsening
ROU,Commodity dependence,4.87639833165149,2024-12-31,-8.13219607480239,-8.13219607480239,1.09270511651007,5.79530570621524,sous la mediane regionale,below regional median,en degradation,worsening
ROU,Control of corruption,0.0259732,2024-12-31,-17.52523632761025,-17.52523632761025,0.1458951,0.5531621,sous la mediane regionale,below regional median,en amelioration,improving
ROU,Current account,-8.16757110224326,2024-12-31,-16.119320759842672,-16.119320759842672,-3.2977922308340997,-0.432631418354181,sous la mediane regionale,below regional median,en degradation,worsening
ROU,Dependency ratio,55.5131705543589,2024-12-31,0.29311243093169936,0.29311243093169936,2.4948385903323,55.30208239407135,proche de la mediane regionale,near regional median,en degradation,worsening
ROU,Domestic credit,22.7281195412098,2024-12-31,-2.245616026181131,-2.245616026181131,-1.9874435707502016,51.23226305443685,sous la mediane regionale,below regional median,en degradation,worsening
ROU,Electricity access,100.0,2024-12-31,0.0,0.0,0.0,100.0,proche de la mediane regionale,near regional median,stable,stable
ROU,FDI net inflows,1.87134949618788,2024-12-31,-25.27361117355853,-25.27361117355853,-1.0738796917054398,2.46510904267828,sous la mediane regionale,below regional median,en degradation,worsening
ROU,Fiscal balance,-6.247,2026-12-31,-23.801030519223136,-23.801030519223136,-0.9820000000000002,-2.067,sous la mediane regionale,below regional median,en degradation,worsening
ROU,GDP growth,0.916003764382594,2024-12-31,-59.42818342570645,-59.42818342570645,-3.044285820593386,2.59946721553708,sous la mediane regionale,below regional median,en degradation,worsening
ROU,GDP per capita,20080.2096215595,2024-12-31,10.06220568250763,10.06220568250763,7170.599220235101,29603.7772588256,sous la mediane regionale,below regional median,en amelioration,improving
ROU,Gen gov debt,61.937,2026-12-31,2.2687119198190233,2.2687119198190233,10.131999999999998,46.406,au-dessus de la mediane regionale,above regional median,en degradation,worsening
ROU,Gini,29.8,2023-12-31,-7.739938080495346,-7.739938080495346,-5.9999999999999964,30.65,proche de la mediane regionale,near regional median,en amelioration,improving
ROU,Inflation,5.72140574354439,2024-12-31,-44.97160163288116,-44.97160163288116,1.8935514175500106,2.83581658224034,au-dessus de la mediane regionale,above regional median,en degradation,worsening
ROU,Interest rate,8.76207529347297,2024-12-31,-5.996011657927659,-5.996011657927659,1.6004086268063,6.65405833333333,au-dessus de la mediane regionale,above regional median,en amelioration,improving
ROU,Political stability,0.1588848,2024-12-31,-68.11838541195327,-68.11838541195327,-0.4863852,0.3087034999999999,sous la mediane regionale,below regional median,en degradation,worsening
ROU,Regulatory quality,0.3834547,2024-12-31,11.191411007365302,11.191411007365302,0.026254200000000005,0.6500427999999999,sous la mediane regionale,below regional median,stable,stable
ROU,Reserves,4.94627323159288,2024-12-31,-2.7945705451571135,-2.7945705451571135,0.8064586179797599,2.89106960627006,au-dessus de la mediane regionale,above regional median,en amelioration,improving
ROU,Rule of law,0.3710994999999999,2024-12-31,-9.89355965110236,-9.89355965110236,0.00432260000000001,0.6192042999999999,sous la mediane regionale,below regional median,stable,stable
ROU,Tax revenue,16.2063555287274,2024-12-31,3.4082280282102952,3.4082280282102952,1.6600746010132,20.82863605996785,sous la mediane regionale,below regional median,en amelioration,improving
ROU,Unemployment,5.4,2024-12-31,-3.381642512077295,-3.381642512077295,1.4880000000000004,5.4,proche de la mediane regionale,near regional median,en degradation,worsening
ROU,Women in workforce,41.904,2024-12-31,-0.6354927440007436,-0.6354927440007436,-1.053999999999995,54.888,sous la mediane regionale,below regional median,en degradation,worsening
ROU,Youth unemployment,23.63,2024-12-31,8.888991290723922,8.888991290723922,6.486999999999998,14.316,au-dessus de la mediane regionale,above regional median,en degradation,worsening
RUS,Agriculture value added,2.90575318707269,2024-12-31,-3.76366954310528,-3.76366954310528,-0.6245497268489699,2.6262814922641997,au-dessus de la mediane regionale,above regional median,en degradation,worsening
RUS,CO2 per capita,17.9276196180282,2024-12-31,2.6122269092886525,2.6122269092886525,1.3654209669162007,6.87868940323143,au-dessus de la mediane regionale,above regional median,en amelioration,improving
RUS,Commodity dependence,43.1468587746174,2021-12-31,2.4892833920499444,2.4892833920499444,-5.144689333950602,5.79530570621524,au-dessus de la mediane regionale,above regional median,en amelioration,improving
RUS,Control of corruption,-0.8911386,2024-12-31,-0.3834592437265895,-0.3834592437265895,-0.12152669999999999,0.5531621,sous la mediane regionale,below regional median,en degradation,worsening
RUS,Current account,2.85909027069263,2024-12-31,18.43995007381386,18.43995007381386,-1.0170344990378597,-0.432631418354181,au-dessus de la mediane regionale,above regional median,en degradation,worsening
RUS,Debt service,11.3520494753528,2024-12-31,-10.925739744428347,-10.925739744428347,-6.611771310285601,13.953203049199,sous la mediane regionale,below regional median,en amelioration,improving
RUS,Dependency ratio,52.5688394110737,2024-12-31,1.5033132141200678,1.5033132141200678,3.9744639155042947,55.30208239407135,proche de la mediane regionale,near regional median,en degradation,worsening
RUS,Domestic credit,54.6422447762479,2021-12-31,-8.293187261609967,-8.293187261609967,1.5397709424713,51.23226305443685,proche de la mediane regionale,near regional median,en amelioration,improving
RUS,Electricity access,100.0,2024-12-31,0.0,0.0,0.20000000000000284,100.0,proche de la mediane regionale,near regional median,en amelioration,improving
RUS,External debt,16.757438584072,2022-12-31,-36.60672565411691,-36.60672565411691,-17.129835651961905,56.144278869823,sous la mediane regionale,below regional median,en amelioration,improving
RUS,FDI net inflows,-0.427643327459558,2024-12-31,12.885056911517658,12.885056911517658,-2.316160643108698,2.46510904267828,sous la mediane regionale,below regional median,en degradation,worsening
RUS,Fiscal balance,-0.811,2026-12-31,73.75404530744336,73.75404530744336,-1.5870000000000002,-2.067,au-dessus de la mediane regionale,above regional median,en degradation,worsening
RUS,GDP growth,4.92167966203073,2024-12-31,21.026478360233806,21.026478360233806,2.72360394821091,2.59946721553708,au-dessus de la mediane regionale,above regional median,en amelioration,improving
RUS,GDP per capita,14961.8974609375,2024-12-31,6.970062801780923,6.970062801780923,3514.1962890625,29603.7772588256,sous la mediane regionale,below regional median,en amelioration,improving
RUS,Gen gov debt,19.095,2026-12-31,11.08848682296817,11.08848682296817,2.565999999999999,46.406,sous la mediane regionale,below regional median,en degradation,worsening
RUS,Gini,33.0,2023-12-31,-2.654867256637164,-2.654867256637164,-2.299999999999997,30.65,proche de la mediane regionale,near regional median,en amelioration,improving
RUS,Gov debt,17.8500676833114,2024-12-31,-4.704490048538348,-4.704490048538348,0.5740192453738011,40.04160644426225,sous la mediane regionale,below regional median,en degradation,worsening
RUS,Inflation,8.43486410496723,2024-12-31,43.79931340760213,43.79931340760213,3.9628377865882003,2.83581658224034,au-dessus de la mediane regionale,above regional median,en degradation,worsening
RUS,Interest rate,17.0925,2024-12-31,47.06388470638848,47.06388470638848,8.33916666666667,6.65405833333333,au-dessus de la mediane regionale,above regional median,en amelioration,improving
RUS,Political stability,-0.9032847,2024-12-31,-10.3698325656515,-10.3698325656515,-0.5046356000000001,0.3087034999999999,sous la mediane regionale,below regional median,en degradation,worsening
RUS,Regulatory quality,-1.0682839,2024-12-31,-20.17701599898215,-20.17701599898215,-0.7140515,0.6500427999999999,sous la mediane regionale,below regional median,en degradation,worsening
RUS,Reserves,16.7768277290964,2024-12-31,3.1874436254584513,3.1874436254584513,2.2862859074091,2.89106960627006,au-dessus de la mediane regionale,above regional median,en amelioration,improving
RUS,Rule of law,-1.1565185999999998,2024-12-31,-7.743016217462048,-7.743016217462048,-0.2897006999999999,0.6192042999999999,sous la mediane regionale,below regional median,en degradation,worsening
RUS,Tax revenue,10.8718510370824,2024-12-31,-11.043971451576837,-11.043971451576837,-0.0665487008936001,20.82863605996785,sous la mediane regionale,below regional median,en degradation,worsening
RUS,Unemployment,2.43,2024-12-31,-21.00130039011703,-21.00130039011703,-2.0829999999999997,5.4,sous la mediane regionale,below regional median,en amelioration,improving
RUS,Women in workforce,55.214,2024-12-31,-0.269132814334485,-0.269132814334485,0.4200000000000017,54.888,proche de la mediane regionale,near regional median,en amelioration,improving
RUS,Youth unemployment,8.256,2024-12-31,-25.93522920965282,-25.93522920965282,-6.952999999999999,14.316,sous la mediane regionale,below regional median,en amelioration,improving
RWA,Agriculture value added,20.7932870939229,2024-12-31,-10.130905866317876,-10.130905866317876,-0.7650219658222994,20.7932870939229,proche de la mediane regionale,near regional median,en degradation,worsening
RWA,CO2 per capita,0.585687985052783,2024-12-31,-2.0838155187255762,-2.0838155187255762,-0.0006723472018960175,1.52210243022339,sous la mediane regionale,below regional median,stable,stable
RWA,Commodity dependence,0.06254493579927,2022-12-31,27.214132020658617,27.214132020658617,-0.013688171327001106,1.604781106301575,sous la mediane regionale,below regional median,stable,stable
RWA,Control of corruption,0.6254936,2024-12-31,-8.130537927274476,-8.130537927274476,0.17348039999999998,-0.7934948,au-dessus de la mediane regionale,above regional median,en amelioration,improving
RWA,Current account,-11.9618864449723,2024-12-31,-7.522607653335924,-7.522607653335924,-0.26083503932779983,-4.05918464223764,sous la mediane regionale,below regional median,en degradation,worsening
RWA,Debt service,7.97435072087266,2024-12-31,-47.95051531702917,-47.95051531702917,-6.33939986395274,11.8141665228846,sous la mediane regionale,below regional median,en amelioration,improving
RWA,Dependency ratio,70.3196484501421,2024-12-31,-1.0917017464506502,-1.0917017464506502,-5.180201340450708,76.3947216046137,proche de la mediane regionale,near regional median,en amelioration,improving
RWA,Domestic credit,21.3238078981665,2024-12-31,-1.4511388803147083,-1.4511388803147083,0.21002338043960123,15.8986695709198,au-dessus de la mediane regionale,above regional median,en amelioration,improving
RWA,Electricity access,72.0,2024-12-31,12.676056338028172,12.676056338028172,25.4,57.8,au-dessus de la mediane regionale,above regional median,en amelioration,improving
RWA,External debt,93.8824280218587,2024-12-31,15.881651619771528,15.881651619771528,28.7413562216676,43.99766261125275,au-dessus de la mediane regionale,above regional median,en degradation,worsening
RWA,FDI net inflows,3.79145567191588,2024-12-31,22.66782365063771,22.66782365063771,1.2896444156944598,2.351663747275275,au-dessus de la mediane regionale,above regional median,en amelioration,improving
RWA,Fiscal balance,-4.336,2026-12-31,-100.27713625866053,-100.27713625866053,2.5489999999999995,-2.4305,sous la mediane regionale,below regional median,en amelioration,improving
RWA,GDP growth,7.22717103344534,2024-12-31,-15.566909820031796,-15.566909820031796,-2.0589628411000893,4.366019176358015,au-dessus de la mediane regionale,above regional median,en degradation,worsening
RWA,GDP per capita,1059.93709298801,2024-12-31,-0.10562935088165339,-0.10562935088165339,236.58178892270587,1189.858061476885,sous la mediane regionale,below regional median,en amelioration,improving
RWA,Gen gov debt,66.751,2026-12-31,3.334520178955696,3.334520178955696,0.6000000000000085,53.801,au-dessus de la mediane regionale,above regional median,en degradation,worsening
RWA,Gini,39.4,2023-12-31,-9.839816933638453,-9.839816933638453,-4.300000000000004,38.5,proche de la mediane regionale,near regional median,en amelioration,improving
RWA,Inflation,1.77029240198635,2024-12-31,-91.05440652751486,-91.05440652751486,-1.5775841483901298,4.214928221107796,sous la mediane regionale,below regional median,en amelioration,improving
RWA,Interest rate,16.0166666666667,2024-12-31,-0.2542944626081255,-0.2542944626081255,-0.5108333333332986,11.7409744802492,au-dessus de la mediane regionale,above regional median,en degradation,worsening
RWA,Political stability,-0.0436888999999999,2024-12-31,-214.90335934438477,-214.90335934438477,-0.1652958999999998,-0.5953656,au-dessus de la mediane regionale,above regional median,en degradation,worsening
RWA,Regulatory quality,0.2696045999999999,2024-12-31,19.719445640927738,19.719445640927738,0.16014060000000002,-0.7386300499999999,au-dessus de la mediane regionale,above regional median,en amelioration,improving
RWA,Reserves,4.18468259139653,2024-12-31,16.11101675177751,16.11101675177751,-0.11997260896920992,3.5612582316005197,au-dessus de la mediane regionale,above regional median,en degradation,worsening
RWA,Rule of law,0.1002757,2024-12-31,40.29243300567181,40.29243300567181,0.2408457,-0.8753552499999999,au-dessus de la mediane regionale,above regional median,en amelioration,improving
RWA,Tax revenue,13.0749257552592,2023-12-31,-1.3281678261247944,-1.3281678261247944,-1.1566866795874997,12.7396805065136,proche de la mediane regionale,near regional median,en degradation,worsening
RWA,Unemployment,11.331,2024-12-31,-8.265867875647674,-8.265867875647674,0.09499999999999886,5.487,au-dessus de la mediane regionale,above regional median,en degradation,worsening
RWA,Women in workforce,57.099,2024-12-31,-1.628075253256151,-1.628075253256151,5.228999999999999,57.104,proche de la mediane regionale,near regional median,en amelioration,improving
RWA,Youth unemployment,16.555,2024-12-31,-8.898305084745767,-8.898305084745767,0.5030000000000001,8.814,au-dessus de la mediane regionale,above regional median,en degradation,worsening
SAU,Agriculture value added,2.50674671722133,2024-12-31,1.9959480225031634,1.9959480225031634,0.052900152606520034,3.39457505861722,sous la mediane regionale,below regional median,en amelioration,improving
SAU,CO2 per capita,23.7640211352431,2024-12-31,-2.111887495386149,-2.111887495386149,-0.793254543722199,4.671020451612931,au-dessus de la mediane regionale,above regional median,en degradation,worsening
SAU,Commodity dependence,79.3976376511523,2024-12-31,-2.351922083936418,-2.351922083936418,-0.6554752382702986,10.0847170807725,au-dessus de la mediane regionale,above regional median,en amelioration,improving
SAU,Control of corruption,0.7528275,2024-12-31,57.84102416799981,57.84102416799981,0.5397999000000001,-0.5708422,au-dessus de la mediane regionale,above regional median,en amelioration,improving
SAU,Current account,-1.29603148573183,2024-12-31,-160.86462813628827,-160.86462813628827,-4.94087153058547,0.124893414067427,sous la mediane regionale,below regional median,en degradation,worsening
SAU,Dependency ratio,36.5549841438871,2024-12-31,-0.7484043178323925,-0.7484043178323925,-2.7232363296657027,51.2977156907185,sous la mediane regionale,below regional median,en amelioration,improving
SAU,Domestic credit,50.1375935809361,2017-12-31,-7.794240195839945,-7.794240195839945,14.5690825842184,58.6252720787942,sous la mediane regionale,below regional median,en amelioration,improving
SAU,Electricity access,100.0,2024-12-31,0.0,0.0,0.0,100.0,proche de la mediane regionale,near regional median,stable,stable
SAU,FDI net inflows,1.70136894275871,2024-12-31,-9.081391011244385,-9.081391011244385,1.354957486960849,1.47747574805229,au-dessus de la mediane regionale,above regional median,en amelioration,improving
SAU,Fiscal balance,-3.023,2026-12-31,45.47258297258296,45.47258297258296,-1.2300000000000002,-2.4939999999999998,sous la mediane regionale,below regional median,en degradation,worsening
SAU,GDP growth,4.50246560191663,2025-12-31,69.972949109603,69.972949109603,8.30725462187975,2.3991692678251,au-dessus de la mediane regionale,above regional median,en amelioration,improving
SAU,GDP per capita,35527.786181866,2024-12-31,-1.739836184322292,-1.739836184322292,5960.992799122403,5190.16959024821,au-dessus de la mediane regionale,above regional median,en amelioration,improving
SAU,Gen gov debt,32.066,2026-12-31,1.08442090662632,1.08442090662632,6.611000000000004,53.242000000000004,sous la mediane regionale,below regional median,en degradation,worsening
SAU,Inflation,2.08420853585036,2025-12-31,23.477839486358913,23.477839486358913,-1.2881410742726702,2.6116961151764,sous la mediane regionale,below regional median,en amelioration,improving
SAU,Political stability,-0.048171,2024-12-31,80.35492533843923,80.35492533843923,0.5047017,-0.9248175,au-dessus de la mediane regionale,above regional median,en amelioration,improving
SAU,Regulatory quality,0.7102575,2024-12-31,16.414987306352014,16.414987306352014,0.5309383000000001,-0.4676244,au-dessus de la mediane regionale,above regional median,en amelioration,improving
SAU,Reserves,15.0571337423468,2024-12-31,-9.125158565751777,-9.125158565751777,-10.5420677690221,5.978693032108115,au-dessus de la mediane regionale,above regional median,en degradation,worsening
SAU,Rule of law,0.2103548999999999,2024-12-31,80.46378154396521,80.46378154396521,0.37992439999999983,-0.6967772,au-dessus de la mediane regionale,above regional median,en amelioration,improving
SAU,Tax revenue,8.09115587851805,2024-12-31,3.6742551319467895,3.6742551319467895,1.4895645395671195,11.1389424540703,sous la mediane regionale,below regional median,en amelioration,improving
SAU,Unemployment,3.518,2024-12-31,-12.225548902195614,-12.225548902195614,-2.1180000000000003,9.103,sous la mediane regionale,below regional median,en amelioration,improving
SAU,Women in workforce,33.305,2024-12-31,-2.8385553416185276,-2.8385553416185276,8.940000000000001,22.234,au-dessus de la mediane regionale,above regional median,en amelioration,improving
SAU,Youth unemployment,11.502,2024-12-31,-14.635594478254413,-14.635594478254413,-13.975,21.307,sous la mediane regionale,below regional median,en amelioration,improving
SDN,Agriculture value added,22.1813816000123,2024-12-31,-26.735305284526046,-26.735305284526046,1.9813816004723002,20.7932870939229,proche de la mediane regionale,near regional median,en amelioration,improving
SDN,CO2 per capita,2.74935284596435,2024-12-31,-0.5598516218576636,-0.5598516218576636,-0.28508706298918973,1.52210243022339,au-dessus de la mediane regionale,above regional median,en degradation,worsening
SDN,Commodity dependence,14.3046984999341,2018-12-31,10.531067543587627,10.531067543587627,9.2940603805174,1.604781106301575,au-dessus de la mediane regionale,above regional median,en degradation,worsening
SDN,Control of corruption,-1.557432,2024-12-31,-7.309069193910746,-7.309069193910746,-0.08634299999999984,-0.7934948,sous la mediane regionale,below regional median,en degradation,worsening
SDN,Current account,-8.59889945377348,2022-12-31,-12.335050472661226,-12.335050472661226,2.5708059996016193,-4.05918464223764,sous la mediane regionale,below regional median,en amelioration,improving
SDN,Debt service,2.95622866961282,2022-12-31,-93.46231636797674,-93.46231636797674,-1.2092923067934698,11.8141665228846,sous la mediane regionale,below regional median,en amelioration,improving
SDN,Dependency ratio,77.8507021774661,2024-12-31,-0.3569435672232796,-0.3569435672232796,-2.6478027555317993,76.3947216046137,proche de la mediane regionale,near regional median,en amelioration,improving
SDN,Domestic credit,5.63980468495649,2022-12-31,-14.80483185654311,-14.80483185654311,-2.749951452631171,15.8986695709198,sous la mediane regionale,below regional median,en degradation,worsening
SDN,Electricity access,66.0,2024-12-31,0.0,0.0,8.399999999999999,57.8,au-dessus de la mediane regionale,above regional median,en amelioration,improving
SDN,External debt,45.3986291468877,2024-12-31,-21.73063559461517,-21.73063559461517,-28.967425377027496,43.99766261125275,proche de la mediane regionale,near regional median,en amelioration,improving
SDN,FDI net inflows,1.37399372870934,2023-12-31,23.782748657669252,23.782748657669252,-2.13870151009514,2.351663747275275,sous la mediane regionale,below regional median,en degradation,worsening
SDN,Fiscal balance,-3.991,2026-12-31,-36.86556927297669,-36.86556927297669,-3.704,-2.4305,sous la mediane regionale,below regional median,en degradation,worsening
SDN,GDP growth,-13.9643378424022,2024-12-31,52.55594410583916,52.55594410583916,-11.78608679710129,4.366019176358015,sous la mediane regionale,below regional median,en degradation,worsening
SDN,GDP per capita,984.607666015625,2024-12-31,23.49531015505839,23.49531015505839,274.632385253906,1189.858061476885,sous la mediane regionale,below regional median,en amelioration,improving
SDN,Gen gov debt,169.078,2026-12-31,-9.852471515326,-9.852471515326,-22.214,53.801,au-dessus de la mediane regionale,above regional median,en amelioration,improving
SDN,Gini,34.2,2014-12-31,-3.3898305084745646,-3.3898305084745646,-1.1999999999999957,38.5,sous la mediane regionale,below regional median,en amelioration,improving
SDN,Inflation,138.80846024176,2022-12-31,-61.34470889755044,-61.34470889755044,106.4568341449163,4.214928221107796,au-dessus de la mediane regionale,above regional median,en degradation,worsening
SDN,Political stability,-2.0243381,2024-12-31,1.7509721583327365,1.7509721583327365,-0.36900599999999995,-0.5953656,sous la mediane regionale,below regional median,en degradation,worsening
SDN,Regulatory quality,-1.6627093,2024-12-31,-3.6542484663284225,-3.6542484663284225,-0.13316489999999992,-0.7386300499999999,sous la mediane regionale,below regional median,en degradation,worsening
SDN,Reserves,0.186146721322576,2017-12-31,-9.800038635994696,-9.800038635994696,-0.0022439907606289777,3.5612582316005197,sous la mediane regionale,below regional median,stable,stable
SDN,Rule of law,-1.7733122,2024-12-31,-7.1139662289800984,-7.1139662289800984,-0.35100109999999995,-0.8753552499999999,sous la mediane regionale,below regional median,en degradation,worsening
SDN,Tax revenue,7.39027026174951,2016-12-31,-9.813580170827024,-9.813580170827024,3.53406010122492,12.7396805065136,sous la mediane regionale,below regional median,en amelioration,improving
SDN,Unemployment,7.53,2022-12-31,-32.08261928384594,-32.08261928384594,-5.47,5.487,au-dessus de la mediane regionale,above regional median,en amelioration,improving
SDN,Women in workforce,14.452,2022-12-31,-8.572151578414628,-8.572151578414628,-6.447999999999999,57.104,sous la mediane regionale,below regional median,en degradation,worsening
SDN,Youth unemployment,12.0,2022-12-31,-31.058255773871075,-31.058255773871075,-10.198,8.814,au-dessus de la mediane regionale,above regional median,en amelioration,improving
SEN,Agriculture value added,15.5697689407001,2024-12-31,-10.576392533959886,-10.576392533959886,0.6734968172556002,20.7932870939229,sous la mediane regionale,below regional median,en amelioration,improving
SEN,CO2 per capita,1.7144431645817,2024-12-31,-0.26525334484295926,-0.26525334484295926,0.09603515162841991,1.52210243022339,au-dessus de la mediane regionale,above regional median,en amelioration,improving
SEN,Commodity dependence,32.7114577390774,2024-12-31,52.30982727989735,52.30982727989735,12.802695231261204,1.604781106301575,au-dessus de la mediane regionale,above regional median,en degradation,worsening
SEN,Control of corruption,0.1130413,2024-12-31,196.63637532572153,196.63637532572153,0.1133699999999999,-0.7934948,au-dessus de la mediane regionale,above regional median,en amelioration,improving
SEN,Current account,-19.7803402658787,2023-12-31,0.8432279938106104,0.8432279938106104,-10.19741600975723,-4.05918464223764,sous la mediane regionale,below regional median,en degradation,worsening
SEN,Debt service,41.8050042927812,2024-12-31,38.2447905763359,38.2447905763359,22.032887972971498,11.8141665228846,au-dessus de la mediane regionale,above regional median,en degradation,worsening
SEN,Dependency ratio,71.8215628365833,2024-12-31,-1.7088563614966117,-1.7088563614966117,-7.937660021273103,76.3947216046137,proche de la mediane regionale,near regional median,en amelioration,improving
SEN,Domestic credit,29.8119196212555,2024-12-31,-5.202440703683673,-5.202440703683673,0.29525378888850184,15.8986695709198,au-dessus de la mediane regionale,above regional median,en amelioration,improving
SEN,Electricity access,82.9,2024-12-31,11.725067385444747,11.725067385444747,12.5,57.8,au-dessus de la mediane regionale,above regional median,en amelioration,improving
SEN,External debt,150.690164087921,2024-12-31,-1.6686663251277416,-1.6686663251277416,59.3837139208606,43.99766261125275,au-dessus de la mediane regionale,above regional median,en degradation,worsening
SEN,FDI net inflows,6.26804204995863,2024-12-31,-59.831727281957846,-59.831727281957846,1.7155658641282994,2.351663747275275,au-dessus de la mediane regionale,above regional median,en amelioration,improving
SEN,Fiscal balance,-6.7,2026-12-31,-118.09895833333333,-118.09895833333333,6.996999999999999,-2.4305,sous la mediane regionale,below regional median,en amelioration,improving
SEN,GDP growth,6.46220577412338,2024-12-31,51.78651227928023,51.78651227928023,1.8485776765012796,4.366019176358015,au-dessus de la mediane regionale,above regional median,en amelioration,improving
SEN,GDP per capita,1738.73223822106,2024-12-31,2.396793483308092,2.396793483308092,307.5509488994701,1189.858061476885,au-dessus de la mediane regionale,above regional median,en amelioration,improving
SEN,Gen gov debt,132.287,2026-12-31,1.6325809376008356,1.6325809376008356,33.55800000000001,53.801,au-dessus de la mediane regionale,above regional median,en degradation,worsening
SEN,Gini,36.2,2021-12-31,-5.483028720626618,-5.483028720626618,-4.099999999999994,38.5,proche de la mediane regionale,near regional median,en amelioration,improving
SEN,Inflation,0.804503298792438,2024-12-31,-86.45498307335896,-86.45498307335896,-0.955608213136952,4.214928221107796,sous la mediane regionale,below regional median,en amelioration,improving
SEN,Interest rate,5.295,2016-12-31,2.7324171382375972,2.7324171382375972,0.039083333333329584,11.7409744802492,sous la mediane regionale,below regional median,stable,stable
SEN,Political stability,-0.2285559999999999,2024-12-31,-48.961921366072964,-48.961921366072964,-0.29162759999999976,-0.5953656,au-dessus de la mediane regionale,above regional median,en degradation,worsening
SEN,Regulatory quality,-0.2416444999999999,2024-12-31,9.198258550926827,9.198258550926827,-0.0350020999999999,-0.7386300499999999,au-dessus de la mediane regionale,above regional median,stable,stable
SEN,Rule of law,-0.2046739,2024-12-31,-20.159767704544297,-20.159767704544297,-0.09288489999999999,-0.8753552499999999,au-dessus de la mediane regionale,above regional median,en degradation,worsening
SEN,Tax revenue,19.5370790023371,2023-12-31,5.08051961592017,5.08051961592017,3.1588265356073,12.7396805065136,au-dessus de la mediane regionale,above regional median,en amelioration,improving
SEN,Unemployment,2.788,2024-12-31,0.14367816091954036,0.14367816091954036,-0.07500000000000018,5.487,sous la mediane regionale,below regional median,en amelioration,improving
SEN,Women in workforce,37.99,2024-12-31,0.5904625731458654,0.5904625731458654,0.6820000000000022,57.104,sous la mediane regionale,below regional median,en amelioration,improving
SEN,Youth unemployment,3.868,2024-12-31,0.23322104172065036,0.23322104172065036,-0.16900000000000004,8.814,sous la mediane regionale,below regional median,en amelioration,improving
SGP,Agriculture value added,0.0263227508907606,2024-12-31,-8.886114140613829,-8.886114140613829,-0.005852976044310797,9.79503060602777,sous la mediane regionale,below regional median,stable,stable
SGP,CO2 per capita,12.6046984690717,2024-12-31,3.035199150890675,3.035199150890675,0.40400448255199883,2.96182966114834,au-dessus de la mediane regionale,above regional median,en amelioration,improving
SGP,Commodity dependence,11.1356295723316,2024-12-31,-10.063180298252362,-10.063180298252362,-1.1278132799840996,1.446086854730515,au-dessus de la mediane regionale,above regional median,en amelioration,improving
SGP,Control of corruption,1.9681221,2024-12-31,2.2881659310483307,2.2881659310483307,-0.1507483999999999,0.38264925,au-dessus de la mediane regionale,above regional median,en degradation,worsening
SGP,Current account,17.2010838902762,2024-12-31,4.938114538619403,4.938114538619403,1.7474206159139012,2.19482817825998,au-dessus de la mediane regionale,above regional median,en amelioration,improving
SGP,Dependency ratio,33.9448002385635,2024-12-31,2.473701649840237,2.473701649840237,3.7565951657254004,53.5253966955507,sous la mediane regionale,below regional median,en degradation,worsening
SGP,Domestic credit,128.43285830434,2020-12-31,7.694559614036536,7.694559614036536,6.011504458578983,92.64512899225335,au-dessus de la mediane regionale,above regional median,en amelioration,improving
SGP,Electricity access,100.0,2024-12-31,0.0,0.0,0.0,100.0,proche de la mediane regionale,near regional median,stable,stable
SGP,FDI net inflows,23.5787255966584,2024-12-31,-4.179007186854906,-4.179007186854906,-4.5970886075058,2.35252841903892,au-dessus de la mediane regionale,above regional median,en degradation,worsening
SGP,Fiscal balance,3.313,2026-12-31,-20.28392685274301,-20.28392685274301,2.202,-1.435,au-dessus de la mediane regionale,above regional median,en amelioration,improving
SGP,GDP growth,5.3435120192366,2024-12-31,268.4500318276108,268.4500318276108,4.18473254623552,3.6482536159531502,au-dessus de la mediane regionale,above regional median,en amelioration,improving
SGP,GDP per capita,94896.5621495988,2024-12-31,9.856120422822366,9.856120422822366,28827.861838961006,7488.460293591284,au-dessus de la mediane regionale,above regional median,en amelioration,improving
SGP,Gen gov debt,171.936,2026-12-31,0.3947214761181923,0.3947214761181923,32.00200000000001,43.4465,au-dessus de la mediane regionale,above regional median,en degradation,worsening
SGP,Gov debt,167.799832036767,2024-12-31,-3.3545618148109693,-3.3545618148109693,39.94789655867599,50.3420177209934,au-dessus de la mediane regionale,above regional median,en degradation,worsening
SGP,Inflation,2.38951123595017,2024-12-31,-50.56582834026605,-50.56582834026605,1.8216812475447228,2.18151273615189,proche de la mediane regionale,near regional median,en degradation,worsening
SGP,Interest rate,5.25,2021-12-31,0.0,0.0,-0.09999999999999964,6.01747975323522,sous la mediane regionale,below regional median,en degradation,worsening
SGP,Political stability,1.2318778,2024-12-31,2.3122537555726987,2.3122537555726987,-0.02619360000000004,0.87674265,au-dessus de la mediane regionale,above regional median,stable,stable
SGP,Regulatory quality,2.1321197,2024-12-31,0.12139272120772857,0.12139272120772857,-0.04887489999999994,-0.07101989999999994,au-dessus de la mediane regionale,above regional median,stable,stable
SGP,Reserves,4.1819284049901,2024-12-31,-3.024306684276725,-3.024306684276725,-0.6164456935487097,5.704288535730781,sous la mediane regionale,below regional median,en degradation,worsening
SGP,Rule of law,1.4311756,2024-12-31,0.4725914774594874,0.4725914774594874,-0.09519459999999991,0.6409370999999999,au-dessus de la mediane regionale,above regional median,en degradation,worsening
SGP,Tax revenue,13.5602685073681,2024-12-31,-1.2993872733316087,-1.2993872733316087,0.4061755834134999,16.67863628412195,sous la mediane regionale,below regional median,en amelioration,improving
SGP,Unemployment,2.737,2024-12-31,-20.52845528455284,-20.52845528455284,-0.363,2.988,proche de la mediane regionale,near regional median,en amelioration,improving
SGP,Women in workforce,63.136,2024-12-31,-0.25750801750422075,-0.25750801750422075,1.314,55.596,au-dessus de la mediane regionale,above regional median,en amelioration,improving
SGP,Youth unemployment,6.329,2024-12-31,-25.67234292425133,-25.67234292425133,-1.2999999999999998,9.408,sous la mediane regionale,below regional median,en amelioration,improving
SLB,Agriculture value added,29.7259901683685,2024-12-31,-2.619593232615002,-2.619593232615002,-2.945499119995599,9.79503060602777,au-dessus de la mediane regionale,above regional median,en degradation,worsening
SLB,CO2 per capita,0.756593644027451,2024-12-31,1.0650689915145914,1.0650689915145914,-0.045579543529457034,2.96182966114834,sous la mediane regionale,below regional median,stable,stable
SLB,Commodity dependence,5.00466251375634e-06,2017-12-31,-88.5583486738716,-88.5583486738716,-0.0028590664639263435,1.446086854730515,sous la mediane regionale,below regional median,stable,stable
SLB,Control of corruption,-0.1401036,2024-12-31,20.612553886881745,20.612553886881745,-0.1405582,0.38264925,sous la mediane regionale,below regional median,en degradation,worsening
SLB,Current account,-4.18133473457478,2024-12-31,64.6592834835097,64.6592834835097,5.32967387279145,2.19482817825998,sous la mediane regionale,below regional median,en amelioration,improving
SLB,Debt service,3.64953428942652,2024-12-31,-25.29027708556844,-25.29027708556844,-0.37734715507624994,9.284516256809514,sous la mediane regionale,below regional median,en amelioration,improving
SLB,Dependency ratio,68.3761263483294,2024-12-31,-1.5625492248749682,-1.5625492248749682,-5.40597389033411,53.5253966955507,au-dessus de la mediane regionale,above regional median,en amelioration,improving
SLB,Domestic credit,33.6944114849329,2024-12-31,-3.1334501504975867,-3.1334501504975867,2.956342553792698,92.64512899225335,sous la mediane regionale,below regional median,en amelioration,improving
SLB,Electricity access,81.5,2024-12-31,0.24600246002460377,0.24600246002460377,12.099999999999994,100.0,sous la mediane regionale,below regional median,en amelioration,improving
SLB,External debt,33.8252498362145,2024-12-31,8.04947515656886,8.04947515656886,14.795708386896305,36.46641372051265,proche de la mediane regionale,near regional median,en degradation,worsening
SLB,FDI net inflows,2.08128126058924,2024-12-31,-60.268058767881726,-60.268058767881726,0.05632487599581992,2.35252841903892,sous la mediane regionale,below regional median,en amelioration,improving
SLB,Fiscal balance,-3.389,2026-12-31,-22.523499638467094,-22.523499638467094,-1.5729999999999997,-1.435,sous la mediane regionale,below regional median,en degradation,worsening
SLB,GDP growth,2.99755987604104,2024-12-31,5.506330125163566,5.506330125163566,1.24830743118153,3.6482536159531502,sous la mediane regionale,below regional median,en amelioration,improving
SLB,GDP per capita,1933.55538435227,2024-12-31,2.7042523416199358,2.7042523416199358,-290.1035250723901,7488.460293591284,sous la mediane regionale,below regional median,en degradation,worsening
SLB,Gen gov debt,29.888,2026-12-31,4.273802463105751,4.273802463105751,13.759,43.4465,sous la mediane regionale,below regional median,en degradation,worsening
SLB,Gini,37.1,2012-12-31,-19.522776572668114,-19.522776572668114,-9.0,34.25,proche de la mediane regionale,near regional median,en amelioration,improving
SLB,Gov debt,26.0369330663254,2024-12-31,16.366756823953416,16.366756823953416,18.29272893635484,50.3420177209934,sous la mediane regionale,below regional median,en degradation,worsening
SLB,Inflation,4.32183948388033,2024-12-31,-26.572493401575155,-26.572493401575155,2.6869840437578603,2.18151273615189,au-dessus de la mediane regionale,above regional median,en degradation,worsening
SLB,Interest rate,5.17570858864648,2021-12-31,-51.549971293293176,-51.549971293293176,-4.924131530076619,6.01747975323522,sous la mediane regionale,below regional median,en degradation,worsening
SLB,Political stability,0.7499116,2024-12-31,2.461525260836314,2.461525260836314,0.330344,0.87674265,sous la mediane regionale,below regional median,en amelioration,improving
SLB,Regulatory quality,-0.888466,2024-12-31,16.13840967232509,16.13840967232509,-0.13779770000000002,-0.07101989999999994,sous la mediane regionale,below regional median,en degradation,worsening
SLB,Reserves,8.90361515684531,2024-12-31,-0.3271887594170554,-0.3271887594170554,0.5300105863278404,5.704288535730781,au-dessus de la mediane regionale,above regional median,en amelioration,improving
SLB,Rule of law,0.1533565,2024-12-31,0.7491318269671762,0.7491318269671762,0.23598770000000002,0.6409370999999999,sous la mediane regionale,below regional median,en amelioration,improving
SLB,Tax revenue,23.2738445550553,2024-12-31,1.215963626144229,1.215963626144229,1.0416374166739004,16.67863628412195,au-dessus de la mediane regionale,above regional median,en amelioration,improving
SLB,Unemployment,1.444,2024-12-31,0.06930006930006166,0.06930006930006166,0.698,2.988,sous la mediane regionale,below regional median,en degradation,worsening
SLB,Women in workforce,82.328,2024-12-31,0.0012146683348169796,0.0012146683348169796,-0.03900000000000148,55.596,au-dessus de la mediane regionale,above regional median,stable,stable
SLB,Youth unemployment,2.936,2024-12-31,0.3074820635462896,0.3074820635462896,1.637,9.408,sous la mediane regionale,below regional median,en degradation,worsening
SLE,Agriculture value added,29.1584830050923,2024-12-31,0.36438284034642376,0.36438284034642376,-5.388697973826702,20.7932870939229,au-dessus de la mediane regionale,above regional median,en degradation,worsening
SLE,CO2 per capita,0.917435757511379,2024-12-31,-0.41726556348564287,-0.41726556348564287,0.05063443816168001,1.52210243022339,sous la mediane regionale,below regional median,en amelioration,improving
SLE,Commodity dependence,0.143317650742994,2018-12-31,153.8081006600806,153.8081006600806,,1.604781106301575,sous la mediane regionale,below regional median,en degradation,worsening
SLE,Control of corruption,-0.7022841999999999,2024-12-31,-23.49395704782487,-23.49395704782487,-0.1893857,-0.7934948,au-dessus de la mediane regionale,above regional median,en degradation,worsening
SLE,Current account,-14.1190349801252,2024-12-31,-79.5560214639463,-79.5560214639463,-6.33102707824487,-4.05918464223764,sous la mediane regionale,below regional median,en degradation,worsening
SLE,Debt service,9.48961863622453,2024-12-31,-15.561221595580662,-15.561221595580662,-0.5620588346425706,11.8141665228846,sous la mediane regionale,below regional median,en amelioration,improving
SLE,Dependency ratio,70.4490063510929,2024-12-31,-1.6619386316346751,-1.6619386316346751,-6.031611340997799,76.3947216046137,proche de la mediane regionale,near regional median,en amelioration,improving
SLE,Domestic credit,3.96782641222454,2024-12-31,22.599187429174055,22.599187429174055,0.1081764651905801,15.8986695709198,sous la mediane regionale,below regional median,en amelioration,improving
SLE,Electricity access,39.2,2024-12-31,10.422535211267615,10.422535211267615,16.500000000000004,57.8,sous la mediane regionale,below regional median,en amelioration,improving
SLE,External debt,31.1262398944279,2024-12-31,-17.65025070778189,-17.65025070778189,1.2262342688195993,43.99766261125275,sous la mediane regionale,below regional median,en degradation,worsening
SLE,FDI net inflows,1.74699628470852,2024-12-31,-23.18242280634093,-23.18242280634093,-0.1198044508915399,2.351663747275275,sous la mediane regionale,below regional median,en degradation,worsening
SLE,Fiscal balance,-2.19,2026-12-31,47.844724934508214,47.844724934508214,2.158,-2.4305,au-dessus de la mediane regionale,above regional median,en amelioration,improving
SLE,GDP growth,4.29322334404611,2024-12-31,-24.812488978123334,-24.812488978123334,-1.2094860297354195,4.366019176358015,proche de la mediane regionale,near regional median,en degradation,worsening
SLE,GDP per capita,806.654650274255,2024-12-31,6.372630378453841,6.372630378453841,-37.05786702991497,1189.858061476885,sous la mediane regionale,below regional median,en degradation,worsening
SLE,Gen gov debt,44.311,2026-12-31,-2.0166729319151737,-2.0166729319151737,-2.740000000000002,53.801,sous la mediane regionale,below regional median,en amelioration,improving
SLE,Gini,35.7,2018-12-31,5.000000000000009,5.000000000000009,1.7000000000000028,38.5,proche de la mediane regionale,near regional median,en degradation,worsening
SLE,Inflation,28.6337500014115,2024-12-31,-39.89919582328122,-39.89919582328122,13.828750910809399,4.214928221107796,au-dessus de la mediane regionale,above regional median,en degradation,worsening
SLE,Interest rate,20.579813034188,2024-12-31,4.78964501644485,4.78964501644485,2.613146367521299,11.7409744802492,au-dessus de la mediane regionale,above regional median,en amelioration,improving
SLE,Political stability,-0.4501536,2024-12-31,19.02152375034832,19.02152375034832,-0.28904379999999996,-0.5953656,au-dessus de la mediane regionale,above regional median,en degradation,worsening
SLE,Regulatory quality,-1.0589263,2024-12-31,-5.967496035949402,-5.967496035949402,-0.16768630000000007,-0.7386300499999999,sous la mediane regionale,below regional median,en degradation,worsening
SLE,Reserves,1.75019478536003,2024-12-31,-33.04907233495059,-33.04907233495059,-1.9645674041211603,3.5612582316005197,sous la mediane regionale,below regional median,en degradation,worsening
SLE,Rule of law,-0.8385756,2024-12-31,-1.4125488438499985,-1.4125488438499985,-0.056633400000000056,-0.8753552499999999,au-dessus de la mediane regionale,above regional median,en degradation,worsening
SLE,Unemployment,3.103,2024-12-31,0.3557567917205731,0.3557567917205731,-0.10099999999999998,5.487,sous la mediane regionale,below regional median,en amelioration,improving
SLE,Women in workforce,51.815,2024-12-31,0.07919032719124815,0.07919032719124815,0.23099999999999454,57.104,proche de la mediane regionale,near regional median,en amelioration,improving
SLE,Youth unemployment,3.492,2024-12-31,0.22962112514351343,0.22962112514351343,-0.09100000000000019,8.814,sous la mediane regionale,below regional median,en amelioration,improving
SLV,Agriculture value added,4.50559680364498,2024-12-31,-2.997771656658931,-2.997771656658931,-0.6408367181476207,3.86944846371998,au-dessus de la mediane regionale,above regional median,en degradation,worsening
SLV,CO2 per capita,2.32741413838297,2024-12-31,2.1210430072149657,2.1210430072149657,0.27562250703272007,4.11421182432227,sous la mediane regionale,below regional median,en amelioration,improving
SLV,Commodity dependence,5.00115993975647,2024-12-31,-5.576860164458781,-5.576860164458781,1.6301986200256504,3.00864273328603,au-dessus de la mediane regionale,above regional median,en degradation,worsening
SLV,Control of corruption,-0.5765882,2024-12-31,5.470618729266962,5.470618729266962,-0.05575580000000002,-0.2654917,sous la mediane regionale,below regional median,en degradation,worsening
SLV,Current account,-2.76497895911378,2024-12-31,-58.7316933345358,-58.7316933345358,-2.343285380588762,-1.66760721722233,sous la mediane regionale,below regional median,en degradation,worsening
SLV,Debt service,96.1985835283834,2024-12-31,15.800582724081455,15.800582724081455,28.444674111974095,19.75493011522935,au-dessus de la mediane regionale,above regional median,en degradation,worsening
SLV,Dependency ratio,49.152974332256,2024-12-31,-1.1495963240725227,-1.1495963240725227,-3.0568041187134014,48.981079443401555,proche de la mediane regionale,near regional median,en amelioration,improving
SLV,Domestic credit,63.3568626329389,2024-12-31,1.4801198606910897,1.4801198606910897,4.282549420106399,45.1288088227477,au-dessus de la mediane regionale,above regional median,en amelioration,improving
SLV,Electricity access,98.7,2024-12-31,0.4069175991861706,0.4069175991861706,1.2999999999999972,99.8,proche de la mediane regionale,near regional median,en amelioration,improving
SLV,External debt,75.3936981274716,2024-12-31,4.589963068013257,4.589963068013257,7.3881864227130905,47.6233832283027,au-dessus de la mediane regionale,above regional median,en degradation,worsening
SLV,FDI net inflows,3.01317166597907,2024-12-31,29.950426245734562,29.950426245734562,0.42292797557469,3.01317166597907,proche de la mediane regionale,near regional median,en amelioration,improving
SLV,Fiscal balance,2.866,2026-12-31,51.39989434759641,51.39989434759641,3.9080000000000004,-0.749,au-dessus de la mediane regionale,above regional median,en amelioration,improving
SLV,GDP growth,2.5904637107794,2024-12-31,-22.78997404093236,-22.78997404093236,0.15299212012156005,3.3669492581395,sous la mediane regionale,below regional median,en amelioration,improving
SLV,GDP per capita,5503.10317151907,2024-12-31,3.4472427300732176,3.4472427300732176,1182.9864561728,13969.7836603737,sous la mediane regionale,below regional median,en amelioration,improving
SLV,Gen gov debt,84.537,2026-12-31,-3.085018572018146,-3.085018572018146,-3.417999999999992,63.608,au-dessus de la mediane regionale,above regional median,en amelioration,improving
SLV,Gini,39.8,2023-12-31,2.577319587628866,2.577319587628866,1.1999999999999957,43.0,proche de la mediane regionale,near regional median,en degradation,worsening
SLV,Gov debt,107.276633162011,2024-12-31,4.082806414585223,4.082806414585223,53.39759380579319,59.3486130705839,au-dessus de la mediane regionale,above regional median,en degradation,worsening
SLV,Inflation,0.853782292567288,2024-12-31,-78.89575118617293,-78.89575118617293,0.7784581575648268,3.42967284899735,sous la mediane regionale,below regional median,en degradation,worsening
SLV,Political stability,0.0061325999999999,2024-12-31,-92.541620907688,-92.541620907688,0.2199387999999999,0.3600136,sous la mediane regionale,below regional median,en amelioration,improving
SLV,Regulatory quality,-0.1762422,2024-12-31,44.75103794274795,44.75103794274795,-0.12031940000000009,-0.0738011,sous la mediane regionale,below regional median,en degradation,worsening
SLV,Reserves,2.09691941243475,2024-12-31,12.861874109815444,12.861874109815444,-1.69933396166743,4.20470125653228,sous la mediane regionale,below regional median,en degradation,worsening
SLV,Rule of law,-0.7133592,2024-12-31,-0.8886744218015805,-0.8886744218015805,0.03561199999999998,-0.2513801,sous la mediane regionale,below regional median,stable,stable
SLV,Tax revenue,21.7960402789815,2024-12-31,4.371127098122353,4.371127098122353,3.714589864304102,15.9189020036855,au-dessus de la mediane regionale,above regional median,en amelioration,improving
SLV,Unemployment,3.261,2024-12-31,8.99064171122995,8.99064171122995,-0.9089999999999998,6.448,sous la mediane regionale,below regional median,en amelioration,improving
SLV,Women in workforce,48.957,2024-12-31,0.898579996290266,0.898579996290266,2.9740000000000038,52.394,proche de la mediane regionale,near regional median,en amelioration,improving
SLV,Youth unemployment,7.507,2024-12-31,6.770018489546295,6.770018489546295,-2.093,15.674,sous la mediane regionale,below regional median,en amelioration,improving
SMR,Agriculture value added,0.0150943420378973,2023-12-31,31.408924269696005,31.408924269696005,-0.0013142015911360994,2.6262814922641997,sous la mediane regionale,below regional median,stable,stable
SMR,Control of corruption,1.1762344,2024-12-31,0.24902998987908448,0.24902998987908448,-0.0022443999999999242,0.5531621,au-dessus de la mediane regionale,above regional median,stable,stable
SMR,Current account,21.9928746171677,2023-12-31,61.7653432972049,61.7653432972049,23.88014913524161,-0.432631418354181,au-dessus de la mediane regionale,above regional median,en amelioration,improving
SMR,Dependency ratio,53.0633390395531,2024-12-31,1.2857480851189425,1.2857480851189425,3.071993301777198,55.30208239407135,proche de la mediane regionale,near regional median,en degradation,worsening
SMR,Electricity access,100.0,2024-12-31,0.0,0.0,0.0,100.0,proche de la mediane regionale,near regional median,stable,stable
SMR,FDI net inflows,-0.893473147832222,2023-12-31,-122.77198868564636,-122.77198868564636,,2.46510904267828,sous la mediane regionale,below regional median,en degradation,worsening
SMR,Fiscal balance,1.404,2026-12-31,239.8406374501992,239.8406374501992,17.822,-2.067,au-dessus de la mediane regionale,above regional median,en amelioration,improving
SMR,GDP growth,0.401932371532837,2023-12-31,-94.91124796291137,-94.91124796291137,-1.091971626427903,2.59946721553708,sous la mediane regionale,below regional median,en degradation,worsening
SMR,GDP per capita,59871.3288101478,2023-12-31,10.332236470507208,10.332236470507208,11920.621180467002,29603.7772588256,au-dessus de la mediane regionale,above regional median,en amelioration,improving
SMR,Gen gov debt,77.348,2026-12-31,27.687533016376122,27.687533016376122,0.15900000000000603,46.406,au-dessus de la mediane regionale,above regional median,en degradation,worsening
SMR,Gov debt,99.8703825579645,2023-12-31,-3.1828199956699583,-3.1828199956699583,43.929928306696304,40.04160644426225,au-dessus de la mediane regionale,above regional median,en degradation,worsening
SMR,Inflation,1.24216507945569,2024-12-31,-79.05960516104759,-79.05960516104759,0.769513112102838,2.83581658224034,sous la mediane regionale,below regional median,en degradation,worsening
SMR,Interest rate,5.49301666666666,2024-12-31,-2.5131811492927985,-2.5131811492927985,1.5080249999999906,6.65405833333333,sous la mediane regionale,below regional median,en amelioration,improving
SMR,Political stability,1.3727102,2024-12-31,-0.46615312407573395,-0.46615312407573395,0.16601180000000015,0.3087034999999999,au-dessus de la mediane regionale,above regional median,en amelioration,improving
SMR,Regulatory quality,0.8653379999999999,2024-12-31,0.15561459663758706,0.15561459663758706,-0.01092280000000001,0.6500427999999999,au-dessus de la mediane regionale,above regional median,stable,stable
SMR,Reserves,2.89106960627006,2023-12-31,15.964376379812892,15.964376379812892,1.4388546780321299,2.89106960627006,proche de la mediane regionale,near regional median,en amelioration,improving
SMR,Rule of law,1.1578037,2024-12-31,-17.888219117615346,-17.888219117615346,-0.4598209,0.6192042999999999,au-dessus de la mediane regionale,above regional median,en degradation,worsening
SMR,Tax revenue,17.2694010431737,2023-12-31,-3.043028405839893,-3.043028405839893,-0.6874154510938979,20.82863605996785,sous la mediane regionale,below regional median,en degradation,worsening
SOM,CO2 per capita,1.81054377441686,2024-12-31,-2.936582609378778,-2.936582609378778,-0.25475844589157015,1.52210243022339,au-dessus de la mediane regionale,above regional median,en degradation,worsening
SOM,Control of corruption,-1.7861136,2024-12-31,-10.468548586308973,-10.468548586308973,-0.15176710000000004,-0.7934948,sous la mediane regionale,below regional median,en degradation,worsening
SOM,Debt service,0.656954967744848,2024-12-31,-46.60756240973462,-46.60756240973462,0.6027206686794273,11.8141665228846,sous la mediane regionale,below regional median,en degradation,worsening
SOM,Dependency ratio,96.7915743356176,2024-12-31,-0.2336351516754068,-0.2336351516754068,-1.8411889409331081,76.3947216046137,au-dessus de la mediane regionale,above regional median,en amelioration,improving
SOM,Domestic credit,5.43098050942767,2024-12-31,7.081875468620267,7.081875468620267,3.02322162026882,15.8986695709198,sous la mediane regionale,below regional median,en amelioration,improving
SOM,Electricity access,54.4,2024-12-31,8.15109343936382,8.15109343936382,5.199999999999996,57.8,proche de la mediane regionale,near regional median,en amelioration,improving
SOM,External debt,14.918886594174,2024-12-31,-47.313582081618094,-47.313582081618094,-47.4314208538971,43.99766261125275,sous la mediane regionale,below regional median,en amelioration,improving
SOM,FDI net inflows,6.39257959388318,2024-12-31,3.5475050846591736,3.5475050846591736,1.2285315347334604,2.351663747275275,au-dessus de la mediane regionale,above regional median,en amelioration,improving
SOM,Fiscal balance,-0.591,2026-12-31,-141.22448979591834,-141.22448979591834,0.29100000000000004,-2.4305,au-dessus de la mediane regionale,above regional median,en amelioration,improving
SOM,GDP growth,4.11139335779471,2024-12-31,-1.5292337333817354,-1.5292337333817354,1.3110602326645902,4.366019176358015,proche de la mediane regionale,near regional median,en amelioration,improving
SOM,GDP per capita,629.538899449007,2024-12-31,5.470544647819226,5.470544647819226,89.58408323731294,1189.858061476885,sous la mediane regionale,below regional median,en amelioration,improving
SOM,Gov debt,12.6627391994652,2024-12-31,-70.80840151922034,-70.80840151922034,,45.07729323099015,sous la mediane regionale,below regional median,en degradation,worsening
SOM,Political stability,-2.2630781,2024-12-31,-4.2029977472577515,-4.2029977472577515,-0.1925886000000001,-0.5953656,sous la mediane regionale,below regional median,en degradation,worsening
SOM,Regulatory quality,-1.7276053999999998,2024-12-31,-1.6397626498925824,-1.6397626498925824,0.2460542000000001,-0.7386300499999999,sous la mediane regionale,below regional median,en amelioration,improving
SOM,Rule of law,-2.2054496,2024-12-31,-3.524062137636975,-3.524062137636975,0.07144130000000004,-0.8753552499999999,sous la mediane regionale,below regional median,en amelioration,improving
SOM,Tax revenue,2.23869244477274,2024-12-31,8.217468731268797,8.217468731268797,0.23717282316857968,12.7396805065136,sous la mediane regionale,below regional median,en amelioration,improving
SOM,Unemployment,18.949,2024-12-31,-0.058016877637126756,-0.058016877637126756,0.12100000000000222,5.487,au-dessus de la mediane regionale,above regional median,en degradation,worsening
SOM,Women in workforce,20.722,2024-12-31,0.07243927174385749,0.07243927174385749,-0.3719999999999999,57.104,sous la mediane regionale,below regional median,en degradation,worsening
SOM,Youth unemployment,34.137,2024-12-31,0.1349329735120688,0.1349329735120688,0.29299999999999926,8.814,au-dessus de la mediane regionale,above regional median,en degradation,worsening
SRB,Agriculture value added,3.17227014092271,2024-12-31,-16.22232433093541,-16.22232433093541,-1.59247837400925,2.6262814922641997,au-dessus de la mediane regionale,above regional median,en degradation,worsening
SRB,Commodity dependence,2.62105665377349,2007-12-31,-25.25980381535141,-25.25980381535141,-0.7869700843442602,5.79530570621524,sous la mediane regionale,below regional median,en amelioration,improving
SRB,Control of corruption,-0.5608287,2024-12-31,-11.787451264919497,-11.787451264919497,-0.19727389999999995,0.5531621,sous la mediane regionale,below regional median,en degradation,worsening
SRB,Current account,-4.5565073329206,2024-12-31,-90.35861160408564,-90.35861160408564,2.00680792796185,-0.432631418354181,sous la mediane regionale,below regional median,en amelioration,improving
SRB,Debt service,20.9665816770936,2024-12-31,74.20686171182763,74.20686171182763,-4.678519661505899,13.953203049199,au-dessus de la mediane regionale,above regional median,en amelioration,improving
SRB,Dependency ratio,58.7227716497179,2024-12-31,1.334308767908411,1.334308767908411,4.120980778238497,55.30208239407135,proche de la mediane regionale,near regional median,en degradation,worsening
SRB,Domestic credit,32.6365244902661,2024-12-31,-1.2339727297428893,-1.2339727297428893,-7.5300473429152035,51.23226305443685,sous la mediane regionale,below regional median,en degradation,worsening
SRB,Electricity access,100.0,2024-12-31,0.0,0.0,0.20000000000000284,100.0,proche de la mediane regionale,near regional median,en amelioration,improving
SRB,External debt,62.2479849600107,2024-12-31,-4.501836050138089,-4.501836050138089,-1.1671478734500056,56.144278869823,au-dessus de la mediane regionale,above regional median,en amelioration,improving
SRB,FDI net inflows,6.20235039860679,2024-12-31,2.18120457445009,2.18120457445009,-1.7225238728283996,2.46510904267828,au-dessus de la mediane regionale,above regional median,en degradation,worsening
SRB,Fiscal balance,-2.88,2026-12-31,-627.2727272727273,-627.2727272727273,0.27600000000000025,-2.067,sous la mediane regionale,below regional median,en amelioration,improving
SRB,GDP growth,3.94992622592932,2024-12-31,5.3894556917642245,5.3894556917642245,-0.8002817130608202,2.59946721553708,au-dessus de la mediane regionale,above regional median,en degradation,worsening
SRB,GDP per capita,13677.7794863909,2024-12-31,11.367079777040297,11.367079777040297,5922.1464999539,29603.7772588256,sous la mediane regionale,below regional median,en amelioration,improving
SRB,Gen gov debt,42.64,2026-12-31,0.45231813041839464,0.45231813041839464,-10.997,46.406,proche de la mediane regionale,near regional median,en amelioration,improving
SRB,Gini,32.8,2023-12-31,0.0,0.0,-2.200000000000003,30.65,proche de la mediane regionale,near regional median,en amelioration,improving
SRB,Inflation,4.6705297488997,2024-12-31,-62.2489019088072,-62.2489019088072,2.82129990378884,2.83581658224034,au-dessus de la mediane regionale,above regional median,en degradation,worsening
SRB,Interest rate,4.75888888888889,2010-12-31,-30.735399722422162,-30.735399722422162,1.2584457530460202,6.65405833333333,sous la mediane regionale,below regional median,en amelioration,improving
SRB,Political stability,-0.1686389999999999,2024-12-31,-291.7291309721012,-291.7291309721012,-0.2307156999999999,0.3087034999999999,sous la mediane regionale,below regional median,en degradation,worsening
SRB,Regulatory quality,0.07835,2024-12-31,-7.891472995801801,-7.891472995801801,0.014072000000000001,0.6500427999999999,sous la mediane regionale,below regional median,stable,stable
SRB,Reserves,6.16544065521643,2024-12-31,-0.2301485947570161,-0.2301485947570161,0.9858568327698096,2.89106960627006,au-dessus de la mediane regionale,above regional median,en amelioration,improving
SRB,Rule of law,-0.2000778,2024-12-31,-8.715659889250952,-8.715659889250952,-0.1347797,0.6192042999999999,sous la mediane regionale,below regional median,en degradation,worsening
SRB,Tax revenue,23.8929959453301,2022-12-31,21.524849526665836,21.524849526665836,0.7640395852794981,20.82863605996785,au-dessus de la mediane regionale,above regional median,en amelioration,improving
SRB,Unemployment,7.24,2024-12-31,-12.433478471214325,-12.433478471214325,-3.1549999999999994,5.4,au-dessus de la mediane regionale,above regional median,en amelioration,improving
SRB,Women in workforce,52.619,2024-12-31,2.343719609444895,2.343719609444895,5.8729999999999976,54.888,proche de la mediane regionale,near regional median,en amelioration,improving
SRB,Youth unemployment,21.448,2024-12-31,-11.111111111111114,-11.111111111111114,-6.047000000000001,14.316,au-dessus de la mediane regionale,above regional median,en amelioration,improving
SSD,Agriculture value added,10.3550274477245,2015-12-31,36.312985415232276,36.312985415232276,5.061233964969451,20.7932870939229,sous la mediane regionale,below regional median,en amelioration,improving
SSD,Control of corruption,-2.0647211,2024-12-31,-9.97665037460762,-9.97665037460762,-0.17857849999999997,-0.7934948,sous la mediane regionale,below regional median,en degradation,worsening
SSD,Current account,7.93071136684621,2023-12-31,170.66246652838154,170.66246652838154,16.96895968927311,-4.05918464223764,au-dessus de la mediane regionale,above regional median,en amelioration,improving
SSD,Dependency ratio,72.1441308683101,2024-12-31,-3.440900956058591,-3.440900956058591,-13.685719583660699,76.3947216046137,proche de la mediane regionale,near regional median,en amelioration,improving
SSD,Domestic credit,5.76315463209053,2024-12-31,89.09856279725327,89.09856279725327,4.05964982598432,15.8986695709198,sous la mediane regionale,below regional median,en amelioration,improving
SSD,Electricity access,5.4,2024-12-31,0.0,0.0,-1.3999999999999995,57.8,sous la mediane regionale,below regional median,en degradation,worsening
SSD,FDI net inflows,0.0012502291294692,2015-12-31,-83.14777794355356,-83.14777794355356,,2.351663747275275,sous la mediane regionale,below regional median,en degradation,worsening
SSD,Fiscal balance,1.368,2026-12-31,-71.94996924338733,-71.94996924338733,10.666,-2.4305,au-dessus de la mediane regionale,above regional median,en amelioration,improving
SSD,GDP growth,-10.7933646271143,2015-12-31,-419.93151332141167,-419.93151332141167,-16.28678102241375,4.366019176358015,sous la mediane regionale,below regional median,en degradation,worsening
SSD,GDP per capita,1080.14718624765,2015-12-31,-13.083029023964905,-13.083029023964905,-418.12316360428986,1189.858061476885,proche de la mediane regionale,near regional median,en degradation,worsening
SSD,Gen gov debt,57.304,2026-12-31,-7.654623392529087,-7.654623392529087,0.9170000000000016,53.801,proche de la mediane regionale,near regional median,en degradation,worsening
SSD,Gini,44.0,2016-12-31,-4.967602591792651,-4.967602591792651,-2.299999999999997,38.5,au-dessus de la mediane regionale,above regional median,en amelioration,improving
SSD,Inflation,91.4408220769046,2024-12-31,3737.529596098692,3737.529596098692,4.199457926901388,4.214928221107796,au-dessus de la mediane regionale,above regional median,en degradation,worsening
SSD,Interest rate,14.683516249225,2024-12-31,-10.256715796385697,-10.256715796385697,-0.9711890631023987,11.7409744802492,au-dessus de la mediane regionale,above regional median,en degradation,worsening
SSD,Political stability,-1.4896464,2024-12-31,2.616536839168275,2.616536839168275,0.9014995000000001,-0.5953656,sous la mediane regionale,below regional median,en amelioration,improving
SSD,Regulatory quality,-1.9295182,2024-12-31,3.5924718597099123,3.5924718597099123,-0.04875340000000006,-0.7386300499999999,sous la mediane regionale,below regional median,stable,stable
SSD,Reserves,0.174842702708606,2023-12-31,8.438474936670497,8.438474936670497,0.06529592788923899,3.5612582316005197,sous la mediane regionale,below regional median,en amelioration,improving
SSD,Rule of law,-1.9725304,2024-12-31,1.3818921246017828,1.3818921246017828,-0.10024449999999985,-0.8753552499999999,sous la mediane regionale,below regional median,en degradation,worsening
SSD,Unemployment,12.374,2023-12-31,-0.8096192384769466,-0.8096192384769466,-0.4789999999999992,5.487,au-dessus de la mediane regionale,above regional median,en amelioration,improving
SSD,Women in workforce,70.393,2023-12-31,-0.33272922920088266,-0.33272922920088266,-0.8930000000000007,57.104,au-dessus de la mediane regionale,above regional median,en degradation,worsening
SSD,Youth unemployment,18.524,2023-12-31,-1.0311481540845107,-1.0311481540845107,-1.0309999999999988,8.814,au-dessus de la mediane regionale,above regional median,en amelioration,improving
STP,Agriculture value added,12.4515703883627,2024-12-31,-7.43143377654852,-7.43143377654852,0.5219155688930996,20.7932870939229,sous la mediane regionale,below regional median,en amelioration,improving
STP,CO2 per capita,1.04230351198967,2024-12-31,-0.6040255611040978,-0.6040255611040978,-0.13768449130941995,1.52210243022339,sous la mediane regionale,below regional median,en degradation,worsening
STP,Commodity dependence,0.0091487317470174,2022-12-31,-57.06668567196043,-57.06668567196043,0.0083913418225188,1.604781106301575,sous la mediane regionale,below regional median,stable,stable
STP,Control of corruption,0.1841643999999999,2024-12-31,51.13355665813746,51.13355665813746,0.008187299999999897,-0.7934948,au-dessus de la mediane regionale,above regional median,stable,stable
STP,Current account,5.03043269730864,2024-12-31,66.2369492235507,66.2369492235507,26.82975328848464,-4.05918464223764,au-dessus de la mediane regionale,above regional median,en amelioration,improving
STP,Debt service,3.46661642028318,2024-12-31,-31.694237245686956,-31.694237245686956,-8.23005279019662,11.8141665228846,sous la mediane regionale,below regional median,en amelioration,improving
STP,Dependency ratio,71.6102003642987,2024-12-31,-1.7065257902164648,-1.7065257902164648,-7.908429387781297,76.3947216046137,proche de la mediane regionale,near regional median,en amelioration,improving
STP,Domestic credit,7.81631512865351,2023-12-31,-39.18095432102046,-39.18095432102046,-16.95477563365969,15.8986695709198,sous la mediane regionale,below regional median,en degradation,worsening
STP,Electricity access,77.7,2024-12-31,-4.428044280442798,-4.428044280442798,2.6000000000000085,57.8,au-dessus de la mediane regionale,above regional median,en amelioration,improving
STP,External debt,42.7472134373302,2024-12-31,-7.9582597531751595,-7.9582597531751595,-24.052480929123504,43.99766261125275,proche de la mediane regionale,near regional median,en amelioration,improving
STP,FDI net inflows,-2.02206346182182,2024-12-31,45.88491986515203,45.88491986515203,-7.87998127616834,2.351663747275275,sous la mediane regionale,below regional median,en degradation,worsening
STP,Fiscal balance,1.893,2026-12-31,197.37654320987653,197.37654320987653,3.197,-2.4305,au-dessus de la mediane regionale,above regional median,en amelioration,improving
STP,GDP growth,1.47888850952698,2024-12-31,297.2807212844003,297.2807212844003,-0.5354282117670899,4.366019176358015,sous la mediane regionale,below regional median,en degradation,worsening
STP,GDP per capita,3502.6176807171,2024-12-31,17.11852772282124,17.11852772282124,1567.3244990575001,1189.858061476885,au-dessus de la mediane regionale,above regional median,en amelioration,improving
STP,Gen gov debt,50.44,2026-12-31,-9.42881255499094,-9.42881255499094,-34.61800000000001,53.801,proche de la mediane regionale,near regional median,en amelioration,improving
STP,Gini,40.7,2017-12-31,32.14285714285715,32.14285714285715,9.900000000000002,38.5,proche de la mediane regionale,near regional median,en degradation,worsening
STP,Inflation,14.3519273571008,2024-12-31,-32.48983715636265,-32.48983715636265,6.631682104968321,4.214928221107796,au-dessus de la mediane regionale,above regional median,en degradation,worsening
STP,Interest rate,17.8374768518519,2024-12-31,0.1313984290927996,0.1313984290927996,-1.2245416666665996,11.7409744802492,au-dessus de la mediane regionale,above regional median,en degradation,worsening
STP,Political stability,0.4890126999999999,2024-12-31,-21.038241042513594,-21.038241042513594,-0.034231600000000084,-0.5953656,au-dessus de la mediane regionale,above regional median,stable,stable
STP,Regulatory quality,-0.8908801,2024-12-31,-1.1069925178700348,-1.1069925178700348,-0.03717090000000001,-0.7386300499999999,sous la mediane regionale,below regional median,stable,stable
STP,Reserves,3.45560369469119,2024-12-31,33.87178792100386,33.87178792100386,0.52952802941061,3.5612582316005197,proche de la mediane regionale,near regional median,en amelioration,improving
STP,Rule of law,-0.3531666,2024-12-31,-0.009259943607792007,-0.009259943607792007,0.1342618,-0.8753552499999999,au-dessus de la mediane regionale,above regional median,en amelioration,improving
STP,Unemployment,9.057,2024-12-31,0.27679362267493746,0.27679362267493746,0.22199999999999953,5.487,au-dessus de la mediane regionale,above regional median,en degradation,worsening
STP,Women in workforce,22.771,2024-12-31,-0.4502929089796187,-0.4502929089796187,-0.4789999999999992,57.104,sous la mediane regionale,below regional median,en degradation,worsening
STP,Youth unemployment,8.56,2024-12-31,0.23419203747074183,0.23419203747074183,0.15700000000000003,8.814,proche de la mediane regionale,near regional median,en degradation,worsening
SUR,Agriculture value added,6.770083958799,2024-12-31,-5.467439167038704,-5.467439167038704,-1.8259941814127094,3.86944846371998,au-dessus de la mediane regionale,above regional median,en degradation,worsening
SUR,CO2 per capita,5.77935189169508,2024-12-31,1.3341928168107817,1.3341928168107817,-0.6234293710986005,4.11421182432227,au-dessus de la mediane regionale,above regional median,en degradation,worsening
SUR,Commodity dependence,3.1404327843252,2024-12-31,18460.277487328083,18460.277487328083,3.138905647867407,3.00864273328603,proche de la mediane regionale,near regional median,en degradation,worsening
SUR,Control of corruption,-0.3768745,2024-12-31,-14.467947717198573,-14.467947717198573,-0.09497850000000002,-0.2654917,sous la mediane regionale,below regional median,en degradation,worsening
SUR,Current account,-12.9141824158348,2024-12-31,-250.44947119000432,-250.44947119000432,-1.7525651209186002,-1.66760721722233,sous la mediane regionale,below regional median,en degradation,worsening
SUR,Debt service,25.0550344798659,2023-12-31,70.2734081326508,70.2734081326508,2.9959416280116002,19.75493011522935,au-dessus de la mediane regionale,above regional median,en degradation,worsening
SUR,Dependency ratio,50.4628213246437,2024-12-31,-0.13212027496577328,-0.13212027496577328,-0.9050084387721995,48.981079443401555,proche de la mediane regionale,near regional median,en amelioration,improving
SUR,Domestic credit,17.0207142258694,2024-12-31,2.5442649239576483,2.5442649239576483,-6.073369155054298,45.1288088227477,sous la mediane regionale,below regional median,en degradation,worsening
SUR,Electricity access,99.0,2024-12-31,-0.6024096385542111,-0.6024096385542111,1.0999999999999943,99.8,proche de la mediane regionale,near regional median,en amelioration,improving
SUR,External debt,129.106954223841,2023-12-31,7.228540401755999,7.228540401755999,31.0059283058646,47.6233832283027,au-dessus de la mediane regionale,above regional median,en degradation,worsening
SUR,FDI net inflows,15.0817654468923,2024-12-31,8.15883587335754,8.15883587335754,12.98616003025884,3.01317166597907,au-dessus de la mediane regionale,above regional median,en amelioration,improving
SUR,Fiscal balance,-0.024,2026-12-31,99.60707269155206,99.60707269155206,0.518,-0.749,au-dessus de la mediane regionale,above regional median,en amelioration,improving
SUR,GDP growth,1.72095749127065,2024-12-31,-28.785770026556424,-28.785770026556424,0.55336771893188,3.3669492581395,sous la mediane regionale,below regional median,en amelioration,improving
SUR,GDP per capita,6961.78956060258,2024-12-31,26.07424468779984,26.07424468779984,332.1218081165507,13969.7836603737,sous la mediane regionale,below regional median,en amelioration,improving
SUR,Gen gov debt,87.084,2026-12-31,-17.72108843537415,-17.72108843537415,-28.739999999999995,63.608,au-dessus de la mediane regionale,above regional median,en amelioration,improving
SUR,Gini,39.2,2022-12-31,,,,43.0,proche de la mediane regionale,near regional median,en degradation,worsening
SUR,Inflation,16.2296159130279,2024-12-31,-68.539522533824,-68.539522533824,-5.767327104302499,3.42967284899735,au-dessus de la mediane regionale,above regional median,en amelioration,improving
SUR,Interest rate,14.7954845130132,2024-12-31,4.3934987206008564,4.3934987206008564,-0.1687348791272001,8.80431027070166,au-dessus de la mediane regionale,above regional median,en degradation,worsening
SUR,Political stability,0.4782277,2024-12-31,59.164226533955386,59.164226533955386,0.34607489999999996,0.3600136,au-dessus de la mediane regionale,above regional median,en amelioration,improving
SUR,Regulatory quality,-0.9187439,2024-12-31,-25.740990589652856,-25.740990589652856,-0.31653109999999995,-0.0738011,sous la mediane regionale,below regional median,en degradation,worsening
SUR,Reserves,5.45645471003106,2024-12-31,-3.834098656713153,-3.834098656713153,2.7243248159624796,4.20470125653228,au-dessus de la mediane regionale,above regional median,en amelioration,improving
SUR,Rule of law,-0.2085757,2024-12-31,-11.20484709151583,-11.20484709151583,0.040016299999999894,-0.2513801,au-dessus de la mediane regionale,above regional median,stable,stable
SUR,Unemployment,7.621,2024-12-31,-1.0131185868294508,-1.0131185868294508,-0.13399999999999945,6.448,au-dessus de la mediane regionale,above regional median,en amelioration,improving
SUR,Women in workforce,44.887,2024-12-31,1.2153873906376873,1.2153873906376873,-1.118000000000002,52.394,sous la mediane regionale,below regional median,en degradation,worsening
SUR,Youth unemployment,24.942,2024-12-31,-0.1601152830037593,-0.1601152830037593,0.2809999999999988,15.674,au-dessus de la mediane regionale,above regional median,en degradation,worsening
SVK,Agriculture value added,1.58278262269337,2024-12-31,-25.540693439092045,-25.540693439092045,-0.03422709064813012,2.6262814922641997,sous la mediane regionale,below regional median,stable,stable
SVK,CO2 per capita,7.19297375227058,2024-12-31,-3.1589537969249832,-3.1589537969249832,-0.8776741418914202,6.87868940323143,proche de la mediane regionale,near regional median,en degradation,worsening
SVK,Commodity dependence,3.9692718459897,2024-12-31,13.56524119131002,13.56524119131002,1.0569007072297802,5.79530570621524,sous la mediane regionale,below regional median,en degradation,worsening
SVK,Control of corruption,0.1108200999999999,2024-12-31,-71.18702985917487,-71.18702985917487,-0.1391511,0.5531621,sous la mediane regionale,below regional median,en degradation,worsening
SVK,Current account,-4.61427189349136,2024-12-31,-52.866467271356555,-52.866467271356555,-1.1016801447597295,-0.432631418354181,sous la mediane regionale,below regional median,en degradation,worsening
SVK,Dependency ratio,52.2037685532826,2024-12-31,1.5265768256791556,1.5265768256791556,5.029391855318202,55.30208239407135,proche de la mediane regionale,near regional median,en degradation,worsening
SVK,Domestic credit,59.6509018833935,2024-12-31,-2.947111680173205,-2.947111680173205,-2.8136053688565994,51.23226305443685,au-dessus de la mediane regionale,above regional median,en degradation,worsening
SVK,Electricity access,100.0,2024-12-31,0.0,0.0,0.0,100.0,proche de la mediane regionale,near regional median,stable,stable
SVK,FDI net inflows,3.55503662060591,2024-12-31,802.6109478953,802.6109478953,1.40109113428854,2.46510904267828,au-dessus de la mediane regionale,above regional median,en amelioration,improving
SVK,Fiscal balance,-4.362,2026-12-31,-12.39371296057718,-12.39371296057718,-0.15300000000000047,-2.067,sous la mediane regionale,below regional median,en degradation,worsening
SVK,GDP growth,1.93867445549446,2024-12-31,-8.234350323707872,-8.234350323707872,-0.33722464469947,2.59946721553708,sous la mediane regionale,below regional median,en degradation,worsening
SVK,GDP per capita,25992.6748502048,2024-12-31,5.597434363921618,5.597434363921618,6586.615881846599,29603.7772588256,sous la mediane regionale,below regional median,en amelioration,improving
SVK,Gen gov debt,62.963,2026-12-31,2.133078120944715,2.133078120944715,2.746000000000002,46.406,au-dessus de la mediane regionale,above regional median,en degradation,worsening
SVK,Gini,23.8,2023-12-31,-1.2448132780083017,-1.2448132780083017,-1.1999999999999993,30.65,sous la mediane regionale,below regional median,en amelioration,improving
SVK,Inflation,2.75760909424279,2024-12-31,-73.81672239473494,-73.81672239473494,0.09304775998838988,2.83581658224034,proche de la mediane regionale,near regional median,en degradation,worsening
SVK,Political stability,0.6343713,2024-12-31,8.323382465264173,8.323382465264173,-0.04012579999999999,0.3087034999999999,au-dessus de la mediane regionale,above regional median,stable,stable
SVK,Regulatory quality,0.4047054,2024-12-31,-24.676795737437274,-24.676795737437274,-0.3225388,0.6500427999999999,sous la mediane regionale,below regional median,en degradation,worsening
SVK,Reserves,1.32312096154927,2024-12-31,27.118428936979488,27.118428936979488,0.4979166826030911,2.89106960627006,sous la mediane regionale,below regional median,en amelioration,improving
SVK,Rule of law,0.5609434999999999,2024-12-31,1.354364404375624,1.354364404375624,0.19376779999999993,0.6192042999999999,proche de la mediane regionale,near regional median,en amelioration,improving
SVK,Tax revenue,19.1422953144335,2024-12-31,-1.4102098986580955,-1.4102098986580955,0.3818690718907014,20.82863605996785,proche de la mediane regionale,near regional median,en amelioration,improving
SVK,Unemployment,5.3,2024-12-31,-9.293171316104743,-9.293171316104743,-0.4610000000000003,5.4,proche de la mediane regionale,near regional median,en amelioration,improving
SVK,Women in workforce,55.464,2024-12-31,-0.4201228051276559,-0.4201228051276559,3.2929999999999993,54.888,proche de la mediane regionale,near regional median,en amelioration,improving
SVK,Youth unemployment,18.995,2024-12-31,-4.389188100870791,-4.389188100870791,2.875,14.316,au-dessus de la mediane regionale,above regional median,en degradation,worsening
SVN,Agriculture value added,1.53730419088458,2024-12-31,0.34818214805602016,0.34818214805602016,-0.23310232617334004,2.6262814922641997,sous la mediane regionale,below regional median,en degradation,worsening
SVN,CO2 per capita,8.14933721914073,2024-12-31,3.617246098160814,3.617246098160814,-1.1183983755891695,6.87868940323143,au-dessus de la mediane regionale,above regional median,en degradation,worsening
SVN,Commodity dependence,4.65788147025927,2024-12-31,-16.225876386328462,-16.225876386328462,-0.6391171609738597,5.79530570621524,sous la mediane regionale,below regional median,en amelioration,improving
SVN,Control of corruption,0.6743494999999999,2024-12-31,-1.049215120941324,-1.049215120941324,-0.17413250000000002,0.5531621,au-dessus de la mediane regionale,above regional median,en degradation,worsening
SVN,Current account,4.55086826535469,2024-12-31,1.909730646579275,1.909730646579275,-1.90203758896165,-0.432631418354181,au-dessus de la mediane regionale,above regional median,en degradation,worsening
SVN,Dependency ratio,57.4487296195149,2024-12-31,0.9773726111658707,0.9773726111658707,3.6992744165559017,55.30208239407135,proche de la mediane regionale,near regional median,en degradation,worsening
SVN,Domestic credit,35.4165073993057,2024-12-31,-2.5463941978093905,-2.5463941978093905,-7.299033906954101,51.23226305443685,sous la mediane regionale,below regional median,en degradation,worsening
SVN,Electricity access,100.0,2024-12-31,0.0,0.0,0.0,100.0,proche de la mediane regionale,near regional median,stable,stable
SVN,FDI net inflows,2.5587649173879,2024-12-31,22.41206969389451,22.41206969389451,-1.4322212034359803,2.46510904267828,proche de la mediane regionale,near regional median,en degradation,worsening
SVN,Fiscal balance,-1.737,2026-12-31,-23.278921220723923,-23.278921220723923,2.8739999999999997,-2.067,au-dessus de la mediane regionale,above regional median,en amelioration,improving
SVN,GDP growth,1.73139722479493,2024-12-31,-27.124614017686987,-27.124614017686987,-1.77385609902419,2.59946721553708,sous la mediane regionale,below regional median,en degradation,worsening
SVN,GDP per capita,34301.0318686594,2024-12-31,5.023063787453996,5.023063787453996,8486.863151902195,29603.7772588256,au-dessus de la mediane regionale,above regional median,en amelioration,improving
SVN,Gen gov debt,65.159,2026-12-31,-1.1094247989072614,-1.1094247989072614,-9.658999999999992,46.406,au-dessus de la mediane regionale,above regional median,en amelioration,improving
SVN,Gini,24.7,2023-12-31,1.6460905349794182,1.6460905349794182,0.09999999999999787,30.65,sous la mediane regionale,below regional median,en degradation,worsening
SVN,Inflation,1.96562656432505,2024-12-31,-73.60468665677486,-73.60468665677486,0.3351039567816998,2.83581658224034,sous la mediane regionale,below regional median,en degradation,worsening
SVN,Political stability,0.7209146,2024-12-31,-16.069750224956227,-16.069750224956227,-0.2271883,0.3087034999999999,au-dessus de la mediane regionale,above regional median,en degradation,worsening
SVN,Regulatory quality,0.798163,2024-12-31,0.35856399877632983,0.35856399877632983,-0.08660979999999996,0.6500427999999999,au-dessus de la mediane regionale,above regional median,en degradation,worsening
SVN,Reserves,0.575018705968048,2024-12-31,15.812631166063454,15.812631166063454,0.29395411839163205,2.89106960627006,sous la mediane regionale,below regional median,en amelioration,improving
SVN,Rule of law,0.9786636,2024-12-31,0.8108950274080415,0.8108950274080415,0.062260800000000005,0.6192042999999999,au-dessus de la mediane regionale,above regional median,en amelioration,improving
SVN,Tax revenue,20.9851312589996,2024-12-31,3.2415268817432863,3.2415268817432863,-0.7141304848156977,20.82863605996785,proche de la mediane regionale,near regional median,en degradation,worsening
SVN,Unemployment,3.7,2024-12-31,1.3143483023001108,1.3143483023001108,-0.7459999999999996,5.4,sous la mediane regionale,below regional median,en amelioration,improving
SVN,Women in workforce,52.644,2024-12-31,-0.6454535160230981,-0.6454535160230981,-0.7379999999999995,54.888,proche de la mediane regionale,near regional median,en degradation,worsening
SVN,Youth unemployment,11.029,2024-12-31,10.866505830317646,10.866505830317646,2.8930000000000007,14.316,sous la mediane regionale,below regional median,en degradation,worsening
SWE,Agriculture value added,1.43580726942066,2024-12-31,11.972789560008023,11.972789560008023,0.17862349013440015,2.6262814922641997,sous la mediane regionale,below regional median,en amelioration,improving
SWE,CO2 per capita,4.97324950005719,2024-12-31,1.9454757492254973,1.9454757492254973,-0.3698289869424194,6.87868940323143,sous la mediane regionale,below regional median,en degradation,worsening
SWE,Commodity dependence,7.12163407305459,2024-12-31,-4.75101721031791,-4.75101721031791,0.75903209060768,5.79530570621524,au-dessus de la mediane regionale,above regional median,en degradation,worsening
SWE,Control of corruption,1.9676051,2024-12-31,-0.6473759003050735,-0.6473759003050735,-0.16160620000000003,0.5531621,au-dessus de la mediane regionale,above regional median,en degradation,worsening
SWE,Current account,6.85769099152574,2024-12-31,10.234124379293712,10.234124379293712,1.6422902674663797,-0.432631418354181,au-dessus de la mediane regionale,above regional median,en amelioration,improving
SWE,Dependency ratio,60.5975578774891,2024-12-31,-0.22803222246178242,-0.22803222246178242,0.013433930616301382,55.30208239407135,proche de la mediane regionale,near regional median,stable,stable
SWE,Domestic credit,125.28961467527,2024-12-31,-2.97912911260311,-2.97912911260311,-6.532859695332007,51.23226305443685,au-dessus de la mediane regionale,above regional median,en degradation,worsening
SWE,Electricity access,100.0,2024-12-31,0.0,0.0,0.0,100.0,proche de la mediane regionale,near regional median,stable,stable
SWE,FDI net inflows,5.0794723229992,2024-12-31,57.49697720748947,57.49697720748947,2.1235437063159996,2.46510904267828,au-dessus de la mediane regionale,above regional median,en amelioration,improving
SWE,Fiscal balance,-2.418,2026-12-31,-73.45767575322814,-73.45767575322814,-2.2640000000000002,-2.067,sous la mediane regionale,below regional median,en degradation,worsening
SWE,GDP growth,1.01779633304398,2024-12-31,598.7698836805193,598.7698836805193,-1.59043379565126,2.59946721553708,sous la mediane regionale,below regional median,en degradation,worsening
SWE,GDP per capita,57222.7100565003,2024-12-31,4.135422859233776,4.135422859233776,5573.720774448899,29603.7772588256,au-dessus de la mediane regionale,above regional median,en amelioration,improving
SWE,Gen gov debt,36.731,2026-12-31,5.134957208689939,5.134957208689939,-0.5910000000000011,46.406,sous la mediane regionale,below regional median,en amelioration,improving
SWE,Gini,29.3,2023-12-31,-7.278481012658229,-7.278481012658229,-0.6999999999999993,30.65,proche de la mediane regionale,near regional median,en amelioration,improving
SWE,Inflation,2.83581658224034,2024-12-31,-66.82721939205362,-66.82721939205362,1.0516656082019897,2.83581658224034,proche de la mediane regionale,near regional median,en degradation,worsening
SWE,Interest rate,3.67803333333333,2006-12-31,4.134579086447619,4.134579086447619,-2.0519666666666705,6.65405833333333,sous la mediane regionale,below regional median,en degradation,worsening
SWE,Political stability,0.6035115,2024-12-31,-22.507810062364932,-22.507810062364932,-0.3392077,0.3087034999999999,au-dessus de la mediane regionale,above regional median,en degradation,worsening
SWE,Regulatory quality,1.6717940999999998,2024-12-31,-0.029934915179727187,-0.029934915179727187,-0.1060124,0.6500427999999999,au-dessus de la mediane regionale,above regional median,en degradation,worsening
SWE,Reserves,1.96248348090941,2024-12-31,-0.6238584706695911,-0.6238584706695911,-0.39927516568160004,2.89106960627006,sous la mediane regionale,below regional median,en degradation,worsening
SWE,Rule of law,1.7267013,2024-12-31,1.886554979606471,1.886554979606471,-0.1402603,0.6192042999999999,au-dessus de la mediane regionale,above regional median,en degradation,worsening
SWE,Tax revenue,27.2263453447308,2024-12-31,-0.548031326735161,-0.548031326735161,-0.47495282378140047,20.82863605996785,au-dessus de la mediane regionale,above regional median,en degradation,worsening
SWE,Unemployment,8.4,2024-12-31,10.366574694521095,10.366574694521095,1.5670000000000002,5.4,au-dessus de la mediane regionale,above regional median,en degradation,worsening
SWE,Women in workforce,61.68,2024-12-31,-0.0081056983059132,-0.0081056983059132,0.365000000000002,54.888,au-dessus de la mediane regionale,above regional median,en amelioration,improving
SWE,Youth unemployment,24.336,2024-12-31,10.91563739118545,10.91563739118545,4.244,14.316,au-dessus de la mediane regionale,above regional median,en degradation,worsening
SWZ,Agriculture value added,6.477307702895,2024-12-31,-2.317914095798552,-2.317914095798552,-0.9467036793169203,20.7932870939229,sous la mediane regionale,below regional median,en degradation,worsening
SWZ,CO2 per capita,2.35737700169453,2024-12-31,-0.7164820191281399,-0.7164820191281399,-0.1946751665878499,1.52210243022339,au-dessus de la mediane regionale,above regional median,en degradation,worsening
SWZ,Commodity dependence,3.59794524294311,2023-12-31,28.583593431128442,28.583593431128442,2.5985069448833857,1.604781106301575,au-dessus de la mediane regionale,above regional median,en degradation,worsening
SWZ,Control of corruption,-0.7851598999999999,2024-12-31,-24.77604876748753,-24.77604876748753,-0.48818149999999993,-0.7934948,au-dessus de la mediane regionale,above regional median,en degradation,worsening
SWZ,Current account,1.6121572847945,2024-12-31,-24.51600340809467,-24.51600340809467,-2.2029493285732302,-4.05918464223764,au-dessus de la mediane regionale,above regional median,en degradation,worsening
SWZ,Debt service,7.67187532890614,2024-12-31,-2.3589244300927668,-2.3589244300927668,5.16379150092321,11.8141665228846,sous la mediane regionale,below regional median,en degradation,worsening
SWZ,Dependency ratio,60.2929796322665,2024-12-31,-0.8547061420942916,-0.8547061420942916,-3.408341772718302,76.3947216046137,sous la mediane regionale,below regional median,en amelioration,improving
SWZ,Domestic credit,21.6231408755943,2024-12-31,1.4717058370091385,1.4717058370091385,1.3997623012879004,15.8986695709198,au-dessus de la mediane regionale,above regional median,en amelioration,improving
SWZ,Electricity access,89.3,2024-12-31,3.356481481481471,3.356481481481471,12.299999999999997,57.8,au-dessus de la mediane regionale,above regional median,en amelioration,improving
SWZ,External debt,27.7538826674716,2024-12-31,-2.925114157622109,-2.925114157622109,7.584769273998802,43.99766261125275,sous la mediane regionale,below regional median,en degradation,worsening
SWZ,FDI net inflows,1.55448906259813,2024-12-31,155.34801836335143,155.34801836335143,-1.21723275856777,2.351663747275275,sous la mediane regionale,below regional median,en degradation,worsening
SWZ,Fiscal balance,-6.876,2026-12-31,-154.9499443826474,-154.9499443826474,-4.158,-2.4305,sous la mediane regionale,below regional median,en degradation,worsening
SWZ,GDP growth,3.03162462475916,2024-12-31,-14.180923906390056,-14.180923906390056,-3.40024426215658,4.366019176358015,sous la mediane regionale,below regional median,en degradation,worsening
SWZ,GDP per capita,3909.55892378182,2024-12-31,4.101636147155931,4.101636147155931,-3.5868516915402324,1189.858061476885,au-dessus de la mediane regionale,above regional median,en degradation,worsening
SWZ,Gen gov debt,50.007,2026-12-31,11.495841787251118,11.495841787251118,12.659999999999997,53.801,proche de la mediane regionale,near regional median,en degradation,worsening
SWZ,Gini,54.6,2016-12-31,6.2256809338521455,6.2256809338521455,3.200000000000003,38.5,au-dessus de la mediane regionale,above regional median,en degradation,worsening
SWZ,Gov debt,35.7240338783132,2021-12-31,-6.8689653843260325,-6.8689653843260325,15.178015734325601,45.07729323099015,sous la mediane regionale,below regional median,en degradation,worsening
SWZ,Inflation,2.59801620311077,2019-12-31,-46.043968308704365,-46.043968308704365,-3.0833326546537,4.214928221107796,sous la mediane regionale,below regional median,en amelioration,improving
SWZ,Interest rate,10.875,2024-12-31,0.38461538461569184,0.38461538461569184,0.75,11.7409744802492,proche de la mediane regionale,near regional median,en amelioration,improving
SWZ,Political stability,-0.7327829,2024-12-31,-0.908611817351701,-0.908611817351701,-0.41451930000000003,-0.5953656,sous la mediane regionale,below regional median,en degradation,worsening
SWZ,Regulatory quality,-0.6380015,2024-12-31,-2.597083065651526,-2.597083065651526,-0.11503560000000002,-0.7386300499999999,au-dessus de la mediane regionale,above regional median,en degradation,worsening
SWZ,Reserves,1.90984811575409,2024-12-31,-7.164853503308382,-7.164853503308382,-0.20458404778342976,3.5612582316005197,sous la mediane regionale,below regional median,en degradation,worsening
SWZ,Rule of law,-0.8598771,2024-12-31,-18.20687262255096,-18.20687262255096,-0.3027647,-0.8753552499999999,au-dessus de la mediane regionale,above regional median,en degradation,worsening
SWZ,Tax revenue,24.3477036785235,2021-12-31,-10.122720451370832,-10.122720451370832,0.4376757299885021,12.7396805065136,au-dessus de la mediane regionale,above regional median,en amelioration,improving
SWZ,Unemployment,34.643,2024-12-31,0.09534816527015676,0.09534816527015676,6.420999999999999,5.487,au-dessus de la mediane regionale,above regional median,en degradation,worsening
SWZ,Women in workforce,48.422,2024-12-31,0.37728026533995657,0.37728026533995657,1.2639999999999958,57.104,sous la mediane regionale,below regional median,en amelioration,improving
SWZ,Youth unemployment,54.37,2024-12-31,0.24152362691052606,0.24152362691052606,3.168999999999997,8.814,au-dessus de la mediane regionale,above regional median,en degradation,worsening
SXM,Agriculture value added,0.0764609503003823,2013-12-31,-35.747314764245466,-35.747314764245466,,3.86944846371998,sous la mediane regionale,below regional median,en degradation,worsening
SXM,Current account,-6.91912615417334,2023-12-31,-93.37362403151377,-93.37362403151377,-12.84927887722789,-1.66760721722233,sous la mediane regionale,below regional median,en degradation,worsening
SXM,Dependency ratio,40.9985363473736,2024-12-31,0.3325200443589707,0.3325200443589707,1.1322206308120002,48.981079443401555,sous la mediane regionale,below regional median,en degradation,worsening
SXM,Electricity access,100.0,2024-12-31,0.0,0.0,0.0,99.8,proche de la mediane regionale,near regional median,stable,stable
SXM,FDI net inflows,2.06435551530026,2024-12-31,-23.088068458935467,-23.088068458935467,-3.1824208187110896,3.01317166597907,sous la mediane regionale,below regional median,en degradation,worsening
SXM,GDP growth,3.00000089532888,2024-12-31,-21.05256023067957,-21.05256023067957,-7.96500003991032,3.3669492581395,sous la mediane regionale,below regional median,en degradation,worsening
SXM,GDP per capita,41472.5870367865,2024-12-31,5.122105839255334,5.122105839255334,6611.117507818497,13969.7836603737,au-dessus de la mediane regionale,above regional median,en amelioration,improving
SXM,Inflation,2.19201010962985,2017-12-31,1862.7130955592793,1862.7130955592793,-1.8231741011859102,3.42967284899735,sous la mediane regionale,below regional median,en amelioration,improving
SYC,Agriculture value added,2.63411383218554,2024-12-31,4.750550781686525,4.750550781686525,0.50455938130863,20.7932870939229,sous la mediane regionale,below regional median,en amelioration,improving
SYC,CO2 per capita,8.04588229477397,2024-12-31,3.0452801638112037,3.0452801638112037,-2.021211175136431,1.52210243022339,au-dessus de la mediane regionale,above regional median,en degradation,worsening
SYC,Commodity dependence,0.0,2024-12-31,,,-0.0030347133703722,1.604781106301575,sous la mediane regionale,below regional median,stable,stable
SYC,Control of corruption,1.2307957,2024-12-31,6.864487056484355,6.864487056484355,0.15738209999999997,-0.7934948,au-dessus de la mediane regionale,above regional median,en amelioration,improving
SYC,Current account,-7.45776668599764,2024-12-31,-4.698684582040157,-4.698684582040157,-4.61537919615164,-4.05918464223764,sous la mediane regionale,below regional median,en degradation,worsening
SYC,Dependency ratio,39.8409771836829,2024-12-31,0.09665801342121819,0.09665801342121819,0.7547695502256033,76.3947216046137,sous la mediane regionale,below regional median,en degradation,worsening
SYC,Domestic credit,24.5166106524244,2016-12-31,0.6853334969242564,0.6853334969242564,2.125992806826101,15.8986695709198,au-dessus de la mediane regionale,above regional median,en amelioration,improving
SYC,Electricity access,100.0,2024-12-31,0.0,0.0,0.0,57.8,au-dessus de la mediane regionale,above regional median,stable,stable
SYC,FDI net inflows,10.1468739688419,2024-12-31,-8.07741077062877,-8.07741077062877,-3.6106962271814993,2.351663747275275,au-dessus de la mediane regionale,above regional median,en degradation,worsening
SYC,Fiscal balance,-2.078,2026-12-31,-236.80052666227778,-236.80052666227778,0.831,-2.4305,au-dessus de la mediane regionale,above regional median,en amelioration,improving
SYC,GDP growth,3.34667429007052,2024-12-31,-35.39001794332133,-35.39001794332133,-2.16761778366368,4.366019176358015,sous la mediane regionale,below regional median,en degradation,worsening
SYC,GDP per capita,18364.5259678223,2024-12-31,1.2906200644130168,1.2906200644130168,-776.9859065391975,1189.858061476885,au-dessus de la mediane regionale,above regional median,en degradation,worsening
SYC,Gen gov debt,54.975,2026-12-31,6.722705389035566,6.722705389035566,-15.990000000000002,53.801,proche de la mediane regionale,near regional median,en amelioration,improving
SYC,Gini,32.1,2018-12-31,-31.410256410256405,-31.410256410256405,-14.699999999999996,38.5,sous la mediane regionale,below regional median,en amelioration,improving
SYC,Gov debt,174.684386535722,2008-12-31,,,,45.07729323099015,au-dessus de la mediane regionale,above regional median,en degradation,worsening
SYC,Inflation,0.311726050919668,2024-12-31,130.1097058489,130.1097058489,-1.495367957180152,4.214928221107796,sous la mediane regionale,below regional median,en amelioration,improving
SYC,Interest rate,9.80788658940314,2024-12-31,2.921059002650416,2.921059002650416,-2.796509450837961,11.7409744802492,sous la mediane regionale,below regional median,en degradation,worsening
SYC,Political stability,0.9164443,2024-12-31,-0.47147783371069146,-0.47147783371069146,0.22425950000000006,-0.5953656,au-dessus de la mediane regionale,above regional median,en amelioration,improving
SYC,Regulatory quality,0.3896740999999999,2024-12-31,-8.986482998820273,-8.986482998820273,0.11535319999999993,-0.7386300499999999,au-dessus de la mediane regionale,above regional median,en amelioration,improving
SYC,Reserves,3.66691276850985,2024-12-31,15.782140035480516,15.782140035480516,0.4230388683340198,3.5612582316005197,proche de la mediane regionale,near regional median,en amelioration,improving
SYC,Rule of law,0.5968987,2024-12-31,7.618210360614645,7.618210360614645,0.1638853,-0.8753552499999999,au-dessus de la mediane regionale,above regional median,en amelioration,improving
SYC,Tax revenue,22.084701660805,2008-12-31,-0.9974709033776069,-0.9974709033776069,-2.4280797228785005,12.7396805065136,au-dessus de la mediane regionale,above regional median,en degradation,worsening
SYR,Agriculture value added,42.8517272820162,2022-12-31,10.801543122368745,10.801543122368745,2.2161181970838015,3.39457505861722,au-dessus de la mediane regionale,above regional median,en amelioration,improving
SYR,CO2 per capita,1.91164669052023,2024-12-31,-3.0648948500185966,-3.0648948500185966,-0.41431301750884986,4.671020451612931,sous la mediane regionale,below regional median,en degradation,worsening
SYR,Commodity dependence,49.8858724288123,2010-12-31,31.889054097892256,31.889054097892256,-17.940683586383194,10.0847170807725,au-dessus de la mediane regionale,above regional median,en amelioration,improving
SYR,Control of corruption,-1.7016270999999998,2024-12-31,4.499186297310697,4.499186297310697,-0.045810999999999824,-0.5708422,sous la mediane regionale,below regional median,stable,stable
SYR,Current account,-0.598441906450217,2010-12-31,68.54596663386636,68.54596663386636,-1.6345160862723072,0.124893414067427,sous la mediane regionale,below regional median,en degradation,worsening
SYR,Debt service,3.14853680210342,2010-12-31,-19.328125056165586,-19.328125056165586,,12.9254798325863,sous la mediane regionale,below regional median,en degradation,worsening
SYR,Dependency ratio,51.2977156907185,2024-12-31,-4.826409105024924,-4.826409105024924,-17.051419310440302,51.2977156907185,proche de la mediane regionale,near regional median,en amelioration,improving
SYR,Domestic credit,20.7425231347911,2011-12-31,-5.442682398717196,-5.442682398717196,6.0439752403674,58.6252720787942,sous la mediane regionale,below regional median,en amelioration,improving
SYR,Electricity access,89.3,2024-12-31,1.0180995475113026,1.0180995475113026,0.09999999999999432,100.0,sous la mediane regionale,below regional median,en amelioration,improving
SYR,External debt,25.331886032781,2023-12-31,18.885673153639566,18.885673153639566,3.198218654082499,35.6282760521045,sous la mediane regionale,below regional median,en degradation,worsening
SYR,FDI net inflows,1.19065647696386,2011-12-31,-50.24806063831233,-50.24806063831233,-0.7618312332743,1.47747574805229,sous la mediane regionale,below regional median,en degradation,worsening
SYR,Fiscal balance,-7.79,2010-12-31,-246.37616718541574,-246.37616718541574,-4.537,-2.4939999999999998,sous la mediane regionale,below regional median,en degradation,worsening
SYR,GDP growth,-0.20247264200475,2022-12-31,-111.31326742435432,-111.31326742435432,0.520873655110591,2.3991692678251,sous la mediane regionale,below regional median,en amelioration,improving
SYR,GDP per capita,1056.78264718197,2022-12-31,53.4758438229062,53.4758438229062,205.28067453558413,5190.16959024821,sous la mediane regionale,below regional median,en amelioration,improving
SYR,Gen gov debt,30.024,2010-12-31,-3.8062283737024187,-3.8062283737024187,-20.686,53.242000000000004,sous la mediane regionale,below regional median,en amelioration,improving
SYR,Gini,26.4,2022-12-31,-34.65346534653466,-34.65346534653466,-14.0,33.7,sous la mediane regionale,below regional median,en amelioration,improving
SYR,Inflation,13.4175653228571,2019-12-31,1325.9081502558176,1325.9081502558176,2.4904511424274016,2.6116961151764,au-dessus de la mediane regionale,above regional median,en degradation,worsening
SYR,Political stability,-2.3680716,2024-12-31,2.864372492054848,2.864372492054848,0.08463470000000006,-0.9248175,sous la mediane regionale,below regional median,en amelioration,improving
SYR,Regulatory quality,-1.9974752,2024-12-31,-5.575128379100125,-5.575128379100125,-0.4008288,-0.4676244,sous la mediane regionale,below regional median,en degradation,worsening
SYR,Reserves,11.659017145464,2010-12-31,-3.8104375989048194,-3.8104375989048194,-5.598863851368998,5.978693032108115,au-dessus de la mediane regionale,above regional median,en degradation,worsening
SYR,Rule of law,-1.813556,2024-12-31,2.589445480080356,2.589445480080356,0.017291399999999957,-0.6967772,sous la mediane regionale,below regional median,stable,stable
SYR,Unemployment,13.359,2024-12-31,0.6706857573474033,0.6706857573474033,-0.009999999999999787,9.103,au-dessus de la mediane regionale,above regional median,stable,stable
SYR,Women in workforce,12.772,2024-12-31,-0.8308098454848926,-0.8308098454848926,-0.6180000000000003,22.234,sous la mediane regionale,below regional median,en degradation,worsening
SYR,Youth unemployment,32.768,2024-12-31,1.5747055176689482,1.5747055176689482,0.7120000000000033,21.307,au-dessus de la mediane regionale,above regional median,en degradation,worsening
TCA,Agriculture value added,0.351671672268128,2024-12-31,-4.131119484747183,-4.131119484747183,0.055135200760559,3.86944846371998,sous la mediane regionale,below regional median,en amelioration,improving
TCA,CO2 per capita,5.11013215859031,2024-12-31,2.642558896763185,2.642558896763185,-0.27141813562273054,4.11421182432227,au-dessus de la mediane regionale,above regional median,en degradation,worsening
TCA,Commodity dependence,0.0104815937297078,2012-12-31,-51.91647206686254,-51.91647206686254,-0.008464900018625899,3.00864273328603,sous la mediane regionale,below regional median,stable,stable
TCA,Current account,13.1404891042622,2018-12-31,349.5597526949123,349.5597526949123,,-1.66760721722233,au-dessus de la mediane regionale,above regional median,en degradation,worsening
TCA,Dependency ratio,37.5960969840331,2024-12-31,1.0425116101847798,1.0425116101847798,1.1589012068032005,48.981079443401555,sous la mediane regionale,below regional median,en degradation,worsening
TCA,Electricity access,100.0,2024-12-31,0.0,0.0,0.0,99.8,proche de la mediane regionale,near regional median,stable,stable
TCA,FDI net inflows,2.5209301366237,2024-12-31,26.484510701421577,26.484510701421577,0.5555617768027898,3.01317166597907,sous la mediane regionale,below regional median,en amelioration,improving
TCA,GDP growth,5.63682517443362,2024-12-31,-58.94862448743,-58.94862448743,0.6551196806037005,3.3669492581395,au-dessus de la mediane regionale,above regional median,en amelioration,improving
TCA,GDP per capita,37506.7798431288,2024-12-31,5.741619195330738,5.741619195330738,5726.258136229902,13969.7836603737,au-dessus de la mediane regionale,above regional median,en amelioration,improving
TCD,Agriculture value added,37.1603429829388,2024-12-31,5.594072050612937,5.594072050612937,-0.43002227045259644,20.7932870939229,au-dessus de la mediane regionale,above regional median,en degradation,worsening
TCD,CO2 per capita,4.98414635942646,2024-12-31,-0.6031150965985497,-0.6031150965985497,0.30438870800039997,1.52210243022339,au-dessus de la mediane regionale,above regional median,en amelioration,improving
TCD,Control of corruption,-1.3909131,2024-12-31,6.573756265188586,6.573756265188586,0.0870921,-0.7934948,sous la mediane regionale,below regional median,en amelioration,improving
TCD,Debt service,8.45544809695257,2023-12-31,10.836342904938116,10.836342904938116,2.772512123834529,11.8141665228846,sous la mediane regionale,below regional median,en degradation,worsening
TCD,Dependency ratio,92.9204543197374,2024-12-31,-2.556285718864831,-2.556285718864831,-7.764077060781602,76.3947216046137,au-dessus de la mediane regionale,above regional median,en amelioration,improving
TCD,Domestic credit,8.32290954891334,2021-12-31,15.129760136354223,15.129760136354223,-1.34605337388051,15.8986695709198,sous la mediane regionale,below regional median,en degradation,worsening
TCD,Electricity access,13.4,2024-12-31,11.66666666666667,11.66666666666667,5.0,57.8,sous la mediane regionale,below regional median,en amelioration,improving
TCD,External debt,16.4018679739397,2024-12-31,-2.798811155294821,-2.798811155294821,-5.414295274556899,43.99766261125275,sous la mediane regionale,below regional median,en amelioration,improving
TCD,FDI net inflows,5.12132130084841,2024-12-31,2.910243039091469,2.910243039091469,1.31978310690016,2.351663747275275,au-dessus de la mediane regionale,above regional median,en amelioration,improving
TCD,Fiscal balance,-1.382,2026-12-31,-1324.742268041237,-1324.742268041237,-0.819,-2.4305,au-dessus de la mediane regionale,above regional median,en degradation,worsening
TCD,GDP growth,4.95210484607125,2024-12-31,23.84556167086659,23.84556167086659,-0.4307171826768901,4.366019176358015,au-dessus de la mediane regionale,above regional median,en degradation,worsening
TCD,GDP per capita,980.668312111718,2024-12-31,3.229215447730152,3.229215447730152,87.33187046839305,1189.858061476885,sous la mediane regionale,below regional median,en amelioration,improving
TCD,Gen gov debt,29.947,2026-12-31,-1.529001709851374,-1.529001709851374,-11.718,53.801,sous la mediane regionale,below regional median,en amelioration,improving
TCD,Gini,37.4,2022-12-31,-0.2666666666666705,-0.2666666666666705,-5.899999999999999,38.5,proche de la mediane regionale,near regional median,en amelioration,improving
TCD,Inflation,8.89950732263754,2024-12-31,-17.873622527823347,-17.873622527823347,9.87144649805694,4.214928221107796,au-dessus de la mediane regionale,above regional median,en degradation,worsening
TCD,Political stability,-1.7789322,2024-12-31,-5.642604988195677,-5.642604988195677,-0.3268110000000002,-0.5953656,sous la mediane regionale,below regional median,en degradation,worsening
TCD,Regulatory quality,-1.0878516,2024-12-31,-0.36077609390178855,-0.36077609390178855,0.06331439999999988,-0.7386300499999999,sous la mediane regionale,below regional median,en amelioration,improving
TCD,Rule of law,-1.4446512,2024-12-31,0.7008159620908574,0.7008159620908574,-0.12346810000000019,-0.8753552499999999,sous la mediane regionale,below regional median,en degradation,worsening
TCD,Unemployment,1.053,2024-12-31,-0.5665722379603405,-0.5665722379603405,-0.02400000000000002,5.487,sous la mediane regionale,below regional median,stable,stable
TCD,Women in workforce,47.554,2024-12-31,-0.5500135934918504,-0.5500135934918504,-0.9769999999999968,57.104,sous la mediane regionale,below regional median,en degradation,worsening
TCD,Youth unemployment,1.452,2024-12-31,0.0,0.0,-0.04200000000000004,8.814,sous la mediane regionale,below regional median,stable,stable
TGO,Agriculture value added,21.344334944837,2024-12-31,2.7512498838972927,2.7512498838972927,1.8156129411086006,20.7932870939229,proche de la mediane regionale,near regional median,en amelioration,improving
TGO,CO2 per capita,1.28998098865195,2024-12-31,0.6022717046335655,0.6022717046335655,0.14448414977229995,1.52210243022339,sous la mediane regionale,below regional median,en amelioration,improving
TGO,Commodity dependence,1.82642001645616,2024-12-31,-6.170150194945582,-6.170150194945582,-13.461931661998241,1.604781106301575,au-dessus de la mediane regionale,above regional median,en amelioration,improving
TGO,Control of corruption,-0.6633762,2024-12-31,-12.828599147138942,-12.828599147138942,0.0432941,-0.7934948,au-dessus de la mediane regionale,above regional median,stable,stable
TGO,Current account,-0.277018884474411,2020-12-31,65.06038452790177,65.06038452790177,7.733197117971009,-4.05918464223764,au-dessus de la mediane regionale,above regional median,en amelioration,improving
TGO,Debt service,13.8240839508821,2024-12-31,24.606660584600153,24.606660584600153,7.9185278596240405,11.8141665228846,au-dessus de la mediane regionale,above regional median,en degradation,worsening
TGO,Dependency ratio,79.6685903999703,2024-12-31,-1.5632934313285223,-1.5632934313285223,1.9470243527159,76.3947216046137,proche de la mediane regionale,near regional median,en degradation,worsening
TGO,Domestic credit,25.3652125489184,2024-12-31,-3.530071039044484,-3.530071039044484,-2.2269606273547993,15.8986695709198,au-dessus de la mediane regionale,above regional median,en degradation,worsening
TGO,Electricity access,61.1,2024-12-31,3.209459459459457,3.209459459459457,8.600000000000001,57.8,proche de la mediane regionale,near regional median,en amelioration,improving
TGO,External debt,43.1643453395059,2024-12-31,15.338122620520064,15.338122620520064,14.5289447440795,43.99766261125275,proche de la mediane regionale,near regional median,en degradation,worsening
TGO,FDI net inflows,0.786914262545951,2024-12-31,-4.041880945128748,-4.041880945128748,-4.156606279751689,2.351663747275275,sous la mediane regionale,below regional median,en degradation,worsening
TGO,Fiscal balance,-6.699,2026-12-31,-940.2173913043476,-940.2173913043476,-2.159,-2.4305,sous la mediane regionale,below regional median,en degradation,worsening
TGO,GDP growth,6.52651376797853,2024-12-31,5.306610598681165,5.306610598681165,1.6070211630916997,4.366019176358015,au-dessus de la mediane regionale,above regional median,en amelioration,improving
TGO,GDP per capita,1266.08777721447,2024-12-31,7.084172544940285,7.084172544940285,348.3697604368509,1189.858061476885,proche de la mediane regionale,near regional median,en amelioration,improving
TGO,Gen gov debt,64.686,2026-12-31,2.6745607212584077,2.6745607212584077,1.399000000000008,53.801,au-dessus de la mediane regionale,above regional median,en degradation,worsening
TGO,Gini,37.9,2021-12-31,-10.82352941176471,-10.82352941176471,-5.100000000000001,38.5,proche de la mediane regionale,near regional median,en amelioration,improving
TGO,Inflation,2.86262074089801,2024-12-31,-47.85076042604467,-47.85076042604467,2.1879679708204853,4.214928221107796,sous la mediane regionale,below regional median,en degradation,worsening
TGO,Interest rate,5.295,2016-12-31,2.7324171382375972,2.7324171382375972,0.039083333333329584,11.7409744802492,sous la mediane regionale,below regional median,stable,stable
TGO,Political stability,-0.8094466,2024-12-31,11.882927521729716,11.882927521729716,0.04101659999999996,-0.5953656,sous la mediane regionale,below regional median,stable,stable
TGO,Regulatory quality,-0.4081134999999999,2024-12-31,-0.9514501674758882,-0.9514501674758882,0.21305020000000008,-0.7386300499999999,au-dessus de la mediane regionale,above regional median,en amelioration,improving
TGO,Rule of law,-0.632861,2024-12-31,-0.4097872971015016,-0.4097872971015016,0.07009809999999994,-0.8753552499999999,au-dessus de la mediane regionale,above regional median,en amelioration,improving
TGO,Tax revenue,13.9214440832607,2023-12-31,3.8532981898595353,3.8532981898595353,1.0618544562487013,12.7396805065136,proche de la mediane regionale,near regional median,en amelioration,improving
TGO,Unemployment,1.948,2024-12-31,0.3089598352214215,0.3089598352214215,-0.08800000000000008,5.487,sous la mediane regionale,below regional median,en amelioration,improving
TGO,Women in workforce,56.604,2024-12-31,0.20180562931491805,0.20180562931491805,0.7370000000000019,57.104,proche de la mediane regionale,near regional median,en amelioration,improving
TGO,Youth unemployment,3.4,2024-12-31,0.1472754050073606,0.1472754050073606,0.32399999999999984,8.814,sous la mediane regionale,below regional median,en degradation,worsening
THA,Agriculture value added,8.89226589240955,2024-12-31,3.940501952782452,3.940501952782452,0.7636978523147508,9.79503060602777,proche de la mediane regionale,near regional median,en amelioration,improving
THA,CO2 per capita,5.89366572486573,2024-12-31,2.9044226915398594,2.9044226915398594,0.15475259667380925,2.96182966114834,au-dessus de la mediane regionale,above regional median,en amelioration,improving
THA,Commodity dependence,3.42247697644995,2024-12-31,-11.495343033799484,-11.495343033799484,-0.018468957033390243,1.446086854730515,au-dessus de la mediane regionale,above regional median,stable,stable
THA,Control of corruption,-0.5273456,2024-12-31,-20.032904335697083,-20.032904335697083,-0.14188239999999996,0.38264925,sous la mediane regionale,below regional median,en degradation,worsening
THA,Current account,2.19482817825998,2024-12-31,33.82785935956286,33.82785935956286,-4.853720142075559,2.19482817825998,proche de la mediane regionale,near regional median,en degradation,worsening
THA,Debt service,4.68434832872581,2024-12-31,-60.84777378495868,-60.84777378495868,-4.93684245785271,9.284516256809514,sous la mediane regionale,below regional median,en amelioration,improving
THA,Dependency ratio,43.0865648827834,2024-12-31,1.460730686902301,1.460730686902301,2.4787708267104023,53.5253966955507,sous la mediane regionale,below regional median,en degradation,worsening
THA,Domestic credit,146.295079842162,2024-12-31,-4.886289697390995,-4.886289697390995,2.9259164590939974,92.64512899225335,au-dessus de la mediane regionale,above regional median,en amelioration,improving
THA,Electricity access,100.0,2024-12-31,0.0,0.0,0.09999999999999432,100.0,proche de la mediane regionale,near regional median,en amelioration,improving
THA,External debt,37.4891208226563,2024-12-31,-3.146627757586775,-3.146627757586775,5.3122121768101,36.46641372051265,proche de la mediane regionale,near regional median,en degradation,worsening
THA,FDI net inflows,2.70165281834265,2024-12-31,35.248492139525524,35.248492139525524,1.6843040425422398,2.35252841903892,au-dessus de la mediane regionale,above regional median,en amelioration,improving
THA,Fiscal balance,-1.026,2026-12-31,46.16998950682056,46.16998950682056,4.437,-1.435,au-dessus de la mediane regionale,above regional median,en amelioration,improving
THA,GDP growth,2.94859986593323,2024-12-31,31.116808447189136,31.116808447189136,0.83404206965045,3.6482536159531502,sous la mediane regionale,below regional median,en amelioration,improving
THA,GDP per capita,7386.63615126055,2024-12-31,2.442186174432457,2.442186174432457,-219.06042671704017,7488.460293591284,proche de la mediane regionale,near regional median,en degradation,worsening
THA,Gen gov debt,66.799,2026-12-31,3.2681456288165793,3.2681456288165793,8.43200000000001,43.4465,au-dessus de la mediane regionale,above regional median,en degradation,worsening
THA,Gini,33.3,2024-12-31,-0.5970149253731428,-0.5970149253731428,-1.6000000000000014,34.25,proche de la mediane regionale,near regional median,en amelioration,improving
THA,Gov debt,61.861415782411,2024-12-31,1.4230056229796229,1.4230056229796229,23.233710188283098,50.3420177209934,au-dessus de la mediane regionale,above regional median,en degradation,worsening
THA,Inflation,-0.133634356480207,2025-12-31,-133.54837401175996,-133.54837401175996,0.712453162381592,2.18151273615189,sous la mediane regionale,below regional median,en degradation,worsening
THA,Interest rate,3.9425,2025-12-31,-12.663836071626426,-12.663836071626426,0.6499999999999999,6.01747975323522,sous la mediane regionale,below regional median,en amelioration,improving
THA,Political stability,-0.6833311,2024-12-31,-55.34577240254389,-55.34577240254389,-0.09479970000000004,0.87674265,sous la mediane regionale,below regional median,en degradation,worsening
THA,Regulatory quality,0.1064119999999999,2024-12-31,-10.562443319877197,-10.562443319877197,0.015763199999999894,-0.07101989999999994,au-dessus de la mediane regionale,above regional median,stable,stable
THA,Reserves,7.45570372627258,2024-12-31,-1.4654583046310998,-1.4654583046310998,-1.4458171226453302,5.704288535730781,au-dessus de la mediane regionale,above regional median,en degradation,worsening
THA,Rule of law,-0.2155096,2024-12-31,-10.161329319652468,-10.161329319652468,-0.015256400000000003,0.6409370999999999,sous la mediane regionale,below regional median,stable,stable
THA,Tax revenue,15.1750172236637,2024-12-31,-1.8027696056497546,-1.8027696056497546,-0.22293099729290056,16.67863628412195,proche de la mediane regionale,near regional median,en degradation,worsening
THA,Unemployment,0.781,2024-12-31,6.548431105047755,6.548431105047755,0.06500000000000006,2.988,sous la mediane regionale,below regional median,en degradation,worsening
THA,Women in workforce,59.473,2024-12-31,-1.389464608446222,-1.389464608446222,0.5730000000000004,55.596,proche de la mediane regionale,near regional median,en amelioration,improving
THA,Youth unemployment,4.66,2024-12-31,3.7630817189935537,3.7630817189935537,0.46999999999999975,9.408,sous la mediane regionale,below regional median,en degradation,worsening
TJK,Agriculture value added,23.0548214545919,2024-12-31,0.8572576673391308,0.8572576673391308,2.1877480957918003,2.6262814922641997,au-dessus de la mediane regionale,above regional median,en amelioration,improving
TJK,CO2 per capita,2.0950951696674,2024-12-31,0.43286225172853715,0.43286225172853715,-0.046633352763840286,6.87868940323143,sous la mediane regionale,below regional median,stable,stable
TJK,Commodity dependence,8.01704211635926,2023-12-31,14.37368113120194,14.37368113120194,0.6508675539362097,5.79530570621524,au-dessus de la mediane regionale,above regional median,en degradation,worsening
TJK,Control of corruption,-1.2177564,2024-12-31,-8.379172298082056,-8.379172298082056,0.05444300000000002,0.5531621,sous la mediane regionale,below regional median,en amelioration,improving
TJK,Current account,6.42365269759176,2024-12-31,34.67340276904881,34.67340276904881,8.65590188269761,-0.432631418354181,au-dessus de la mediane regionale,above regional median,en amelioration,improving
TJK,Debt service,8.76434765128616,2024-12-31,-14.930217951926245,-14.930217951926245,-10.752458984426541,13.953203049199,sous la mediane regionale,below regional median,en amelioration,improving
TJK,Dependency ratio,66.9813440301354,2024-12-31,-0.17972692384244246,-0.17972692384244246,1.6745688052835987,55.30208239407135,au-dessus de la mediane regionale,above regional median,en degradation,worsening
TJK,Domestic credit,12.2229106929242,2023-12-31,17.335294734063368,17.335294734063368,0.28065825658940113,51.23226305443685,sous la mediane regionale,below regional median,en amelioration,improving
TJK,Electricity access,99.9,2024-12-31,-0.09999999999999432,-0.09999999999999432,0.5,100.0,proche de la mediane regionale,near regional median,en amelioration,improving
TJK,External debt,37.3947720942707,2024-12-31,-13.31484136261389,-13.31484136261389,-31.472208080793898,56.144278869823,sous la mediane regionale,below regional median,en amelioration,improving
TJK,FDI net inflows,2.01948198566107,2024-12-31,75.89207605898251,75.89207605898251,-0.54423936711123,2.46510904267828,sous la mediane regionale,below regional median,en degradation,worsening
TJK,Fiscal balance,-1.851,2026-12-31,-49.87854251012144,-49.87854251012144,-2.075,-2.067,au-dessus de la mediane regionale,above regional median,en degradation,worsening
TJK,GDP growth,8.39999980983981,2024-12-31,1.2048265392776343,1.2048265392776343,0.9999996467342509,2.59946721553708,au-dessus de la mediane regionale,above regional median,en amelioration,improving
TJK,GDP per capita,1362.02559981695,2024-12-31,15.574784018006882,15.574784018006882,491.00322688210406,29603.7772588256,sous la mediane regionale,below regional median,en amelioration,improving
TJK,Gen gov debt,21.876,2026-12-31,1.2355962793280553,1.2355962793280553,-20.136999999999997,46.406,sous la mediane regionale,below regional median,en amelioration,improving
TJK,Gini,36.1,2024-12-31,-4.9999999999999964,-4.9999999999999964,2.1000000000000014,30.65,au-dessus de la mediane regionale,above regional median,en degradation,worsening
TJK,Gov debt,79.804079881426,2001-12-31,-30.043131469982598,-30.043131469982598,,40.04160644426225,au-dessus de la mediane regionale,above regional median,en degradation,worsening
TJK,Inflation,6.00458082322139,2016-12-31,5.075130058617245,5.075130058617245,-6.42696821981921,2.83581658224034,au-dessus de la mediane regionale,above regional median,en amelioration,improving
TJK,Interest rate,23.5497072150821,2019-12-31,-13.384517582892636,-13.384517582892636,-0.981529120911798,6.65405833333333,au-dessus de la mediane regionale,above regional median,en degradation,worsening
TJK,Political stability,-0.2756522,2024-12-31,4.162742290055833,4.162742290055833,0.14801419999999998,0.3087034999999999,sous la mediane regionale,below regional median,en amelioration,improving
TJK,Regulatory quality,-0.7588053,2024-12-31,9.900594499937544,9.900594499937544,0.04207699999999992,0.6500427999999999,sous la mediane regionale,below regional median,stable,stable
TJK,Reserves,5.93634033372904,2024-12-31,-7.150652250454372,-7.150652250454372,1.20470553468538,2.89106960627006,au-dessus de la mediane regionale,above regional median,en amelioration,improving
TJK,Rule of law,-1.1837339999999998,2024-12-31,2.0645850493808124,2.0645850493808124,0.06266070000000012,0.6192042999999999,sous la mediane regionale,below regional median,en amelioration,improving
TJK,Tax revenue,10.7110753929,2024-12-31,-0.3820691538163216,-0.3820691538163216,0.8900516061537704,20.82863605996785,sous la mediane regionale,below regional median,en amelioration,improving
TJK,Unemployment,7.041,2024-12-31,0.05684240443371391,0.05684240443371391,0.015000000000000568,5.4,au-dessus de la mediane regionale,above regional median,stable,stable
TJK,Women in workforce,21.946,2024-12-31,1.2549598597397897,1.2549598597397897,1.2650000000000006,54.888,sous la mediane regionale,below regional median,en amelioration,improving
TJK,Youth unemployment,14.556,2024-12-31,0.3101095720487901,0.3101095720487901,0.39699999999999847,14.316,proche de la mediane regionale,near regional median,en degradation,worsening
TKM,Agriculture value added,12.166598020494,2024-12-31,3.3760421950016335,3.3760421950016335,1.2930829960356007,2.6262814922641997,au-dessus de la mediane regionale,above regional median,en amelioration,improving
TKM,CO2 per capita,15.3195317418191,2024-12-31,-12.079104282074887,-12.079104282074887,-0.3077573716714994,6.87868940323143,au-dessus de la mediane regionale,above regional median,en degradation,worsening
TKM,Commodity dependence,81.0096342435514,2000-12-31,,,,5.79530570621524,au-dessus de la mediane regionale,above regional median,en degradation,worsening
TKM,Control of corruption,-1.297223,2024-12-31,3.913535566620098,3.913535566620098,0.06514599999999993,0.5531621,sous la mediane regionale,below regional median,en amelioration,improving
TKM,Dependency ratio,56.3406372282943,2024-12-31,0.4100279610700269,0.4100279610700269,3.439949349213599,55.30208239407135,proche de la mediane regionale,near regional median,en degradation,worsening
TKM,Electricity access,100.0,2024-12-31,0.0,0.0,0.09999999999999432,100.0,proche de la mediane regionale,near regional median,en amelioration,improving
TKM,External debt,5.21661265138383,2024-12-31,-19.936877161934984,-19.936877161934984,-9.69856848616607,56.144278869823,sous la mediane regionale,below regional median,en amelioration,improving
TKM,FDI net inflows,3.71704110413,2024-12-31,5.229962919355263,5.229962919355263,-2.52414451876562,2.46510904267828,au-dessus de la mediane regionale,above regional median,en degradation,worsening
TKM,Fiscal balance,0.34,2026-12-31,439.6825396825397,439.6825396825397,-0.22599999999999992,-2.067,au-dessus de la mediane regionale,above regional median,en degradation,worsening
TKM,GDP growth,6.28235647996578,2024-12-31,-0.5767239247327961,-0.5767239247327961,-0.04933919612294968,2.59946721553708,au-dessus de la mediane regionale,above regional median,stable,stable
TKM,GDP per capita,5904.25772576512,2024-12-31,11.433379205311585,11.433379205311585,1539.14243381092,29603.7772588256,sous la mediane regionale,below regional median,en amelioration,improving
TKM,Gen gov debt,3.688,2026-12-31,-1.9409731454400412,-1.9409731454400412,-8.597999999999999,46.406,sous la mediane regionale,below regional median,en amelioration,improving
TKM,Political stability,0.2455891999999999,2024-12-31,18.516452360902278,18.516452360902278,0.4645714999999999,0.3087034999999999,sous la mediane regionale,below regional median,en amelioration,improving
TKM,Regulatory quality,-1.6885626,2024-12-31,1.4032336788695303,1.4032336788695303,0.020665399999999945,0.6500427999999999,sous la mediane regionale,below regional median,stable,stable
TKM,Rule of law,-1.4131747,2024-12-31,1.368608343519222,1.368608343519222,0.18175160000000012,0.6192042999999999,sous la mediane regionale,below regional median,en amelioration,improving
TKM,Unemployment,4.02,2024-12-31,0.3244322435737435,0.3244322435737435,-0.015000000000000568,5.4,sous la mediane regionale,below regional median,stable,stable
TKM,Women in workforce,38.35,2024-12-31,0.3191378047504444,0.3191378047504444,-0.4379999999999953,54.888,sous la mediane regionale,below regional median,en degradation,worsening
TKM,Youth unemployment,9.335,2024-12-31,1.4894542291802615,1.4894542291802615,0.8520000000000003,14.316,sous la mediane regionale,below regional median,en degradation,worsening
TLS,Agriculture value added,20.1605211861233,2024-12-31,17.35006706632449,17.35006706632449,6.0313660124066,9.79503060602777,au-dessus de la mediane regionale,above regional median,en amelioration,improving
TLS,CO2 per capita,1.38515447960144,2024-12-31,2.1550321763216305,2.1550321763216305,-0.23635911244127006,2.96182966114834,sous la mediane regionale,below regional median,en degradation,worsening
TLS,Commodity dependence,67.3710544691603,2023-12-31,-1.8105971349911951,-1.8105971349911951,67.36254950170068,1.446086854730515,au-dessus de la mediane regionale,above regional median,en degradation,worsening
TLS,Control of corruption,-0.3775174,2024-12-31,11.493893125654822,11.493893125654822,0.061079399999999895,0.38264925,sous la mediane regionale,below regional median,en amelioration,improving
TLS,Current account,-32.4155608501652,2024-12-31,-250.09744846471747,-250.09744846471747,-54.5753332280865,2.19482817825998,sous la mediane regionale,below regional median,en degradation,worsening
TLS,Debt service,3.0506475146491,2024-12-31,48.2602786292561,48.2602786292561,2.617351978228836,9.284516256809514,sous la mediane regionale,below regional median,en degradation,worsening
TLS,Dependency ratio,63.7629138391458,2024-12-31,-2.598673269439175,-2.598673269439175,-9.060429590366901,53.5253966955507,au-dessus de la mediane regionale,above regional median,en amelioration,improving
TLS,Domestic credit,34.793207276323,2024-12-31,46.91223364130456,46.91223364130456,21.822603525242602,92.64512899225335,sous la mediane regionale,below regional median,en amelioration,improving
TLS,Electricity access,94.3,2024-12-31,-5.700000000000003,-5.700000000000003,3.700000000000003,100.0,proche de la mediane regionale,near regional median,en amelioration,improving
TLS,External debt,15.365375502464,2024-12-31,22.379585081422913,22.379585081422913,8.27696923231883,36.46641372051265,sous la mediane regionale,below regional median,en degradation,worsening
TLS,FDI net inflows,12.0853687045097,2024-12-31,105.70866233010628,105.70866233010628,19.87984220756227,2.35252841903892,au-dessus de la mediane regionale,above regional median,en amelioration,improving
TLS,Fiscal balance,-51.591,2026-12-31,-7.4051713369696515,-7.4051713369696515,-31.565,-1.435,sous la mediane regionale,below regional median,en degradation,worsening
TLS,GDP growth,-9.10069289810397,2024-12-31,49.81947169696454,49.81947169696454,-33.31357690660407,3.6482536159531502,sous la mediane regionale,below regional median,en degradation,worsening
TLS,GDP per capita,1331.9705130185,2024-12-31,-11.3444940575884,-11.3444940575884,-230.39407579962995,7488.460293591284,sous la mediane regionale,below regional median,en degradation,worsening
TLS,Gen gov debt,14.94,2026-12-31,4.18410041841004,4.18410041841004,8.413,43.4465,sous la mediane regionale,below regional median,en degradation,worsening
TLS,Gini,28.7,2014-12-31,3.237410071942441,3.237410071942441,0.8999999999999986,34.25,sous la mediane regionale,below regional median,en degradation,worsening
TLS,Inflation,2.06284153005468,2024-12-31,-75.50171576048524,-75.50171576048524,1.104028790351539,2.18151273615189,proche de la mediane regionale,near regional median,en degradation,worsening
TLS,Interest rate,10.6074346146692,2024-12-31,-1.0935555430531592,-1.0935555430531592,-4.7547457110736,6.01747975323522,au-dessus de la mediane regionale,above regional median,en degradation,worsening
TLS,Political stability,0.5260108,2024-12-31,20.688857664411128,20.688857664411128,0.2583577,0.87674265,sous la mediane regionale,below regional median,en amelioration,improving
TLS,Regulatory quality,-0.7342447,2024-12-31,8.970113218812749,8.970113218812749,0.044697499999999946,-0.07101989999999994,sous la mediane regionale,below regional median,stable,stable
TLS,Reserves,5.75202366182713,2024-12-31,-12.787433953237864,-12.787433953237864,-0.27239398642059953,5.704288535730781,proche de la mediane regionale,near regional median,en degradation,worsening
TLS,Rule of law,-0.6256762,2024-12-31,2.709738694883204,2.709738694883204,0.15435359999999998,0.6409370999999999,sous la mediane regionale,below regional median,en amelioration,improving
TLS,Tax revenue,21.6431378705086,2022-12-31,43.45042667868956,43.45042667868956,1.4146152841701003,16.67863628412195,au-dessus de la mediane regionale,above regional median,en amelioration,improving
TLS,Unemployment,1.523,2024-12-31,-0.13114754098360668,-0.13114754098360668,-1.6250000000000002,2.988,sous la mediane regionale,below regional median,en amelioration,improving
TLS,Women in workforce,61.457,2024-12-31,1.123835850857274,1.123835850857274,0.4230000000000018,55.596,au-dessus de la mediane regionale,above regional median,en amelioration,improving
TLS,Youth unemployment,3.22,2024-12-31,0.6879299562226467,0.6879299562226467,-4.747999999999999,9.408,sous la mediane regionale,below regional median,en amelioration,improving
TON,Agriculture value added,18.5668581615644,2024-12-31,-2.067977718966011,-2.067977718966011,-0.004869255592698352,9.79503060602777,au-dessus de la mediane regionale,above regional median,stable,stable
TON,CO2 per capita,2.81161507079434,2024-12-31,3.478712723390598,3.478712723390598,0.1277626637496998,2.96182966114834,proche de la mediane regionale,near regional median,en amelioration,improving
TON,Commodity dependence,0.0084968715759032,2023-12-31,3.6384517519297757,3.6384517519297757,0.004108102472577899,1.446086854730515,sous la mediane regionale,below regional median,stable,stable
TON,Control of corruption,-0.3992192,2024-12-31,19.303390509548706,19.303390509548706,0.03984599999999999,0.38264925,sous la mediane regionale,below regional median,stable,stable
TON,Current account,-6.7207014341911,2024-12-31,15.29351407104023,15.29351407104023,1.0551361019831296,2.19482817825998,sous la mediane regionale,below regional median,en amelioration,improving
TON,Debt service,22.8214980370372,2024-12-31,106.57553448175969,106.57553448175969,19.26965689127804,9.284516256809514,au-dessus de la mediane regionale,above regional median,en degradation,worsening
TON,Dependency ratio,72.7669242760954,2024-12-31,-0.4391234631185785,-0.4391234631185785,-0.3247412985344056,53.5253966955507,au-dessus de la mediane regionale,above regional median,en amelioration,improving
TON,Domestic credit,34.7987340574789,2024-12-31,-2.3938554610910567,-2.3938554610910567,-3.411603093499899,92.64512899225335,sous la mediane regionale,below regional median,en degradation,worsening
TON,Electricity access,100.0,2024-12-31,0.0,0.0,1.5999999999999943,100.0,proche de la mediane regionale,near regional median,en amelioration,improving
TON,External debt,35.443706618369,2023-12-31,-8.185855973163168,-8.185855973163168,-0.9942186793927021,36.46641372051265,proche de la mediane regionale,near regional median,en amelioration,improving
TON,FDI net inflows,-1.86561431411564,2024-12-31,-520.5870016470675,-520.5870016470675,-0.6584997626456301,2.35252841903892,sous la mediane regionale,below regional median,en degradation,worsening
TON,Fiscal balance,-7.995,2026-12-31,-253.42544617156017,-253.42544617156017,-7.128,-1.435,sous la mediane regionale,below regional median,en degradation,worsening
TON,GDP growth,1.71653807667747,2024-12-31,-38.47858262118599,-38.47858262118599,2.001748860977291,3.6482536159531502,sous la mediane regionale,below regional median,en amelioration,improving
TON,GDP per capita,6215.38990974121,2024-12-31,9.97588242020966,9.97588242020966,1426.5564050553703,7488.460293591284,sous la mediane regionale,below regional median,en amelioration,improving
TON,Gen gov debt,34.417,2026-12-31,25.664524609317947,25.664524609317947,-8.537999999999997,43.4465,sous la mediane regionale,below regional median,en amelioration,improving
TON,Gini,27.1,2021-12-31,-19.104477611940293,-19.104477611940293,-6.399999999999999,34.25,sous la mediane regionale,below regional median,en amelioration,improving
TON,Gov debt,43.0808031004535,2020-12-31,0.06183477759587933,0.06183477759587933,-8.034165811353901,50.3420177209934,sous la mediane regionale,below regional median,en amelioration,improving
TON,Inflation,3.18188924237472,2024-12-31,-49.900421794303924,-49.900421794303924,2.0023458941567096,2.18151273615189,au-dessus de la mediane regionale,above regional median,en degradation,worsening
TON,Interest rate,7.76129756597384,2024-12-31,0.3316901895770962,0.3316901895770962,-0.3044785736492104,6.01747975323522,au-dessus de la mediane regionale,above regional median,en degradation,worsening
TON,Political stability,1.254781,2024-12-31,1.9763789612750433,1.9763789612750433,0.24448369999999997,0.87674265,au-dessus de la mediane regionale,above regional median,en amelioration,improving
TON,Regulatory quality,-0.1944853,2024-12-31,16.329212002524475,16.329212002524475,0.045716899999999894,-0.07101989999999994,sous la mediane regionale,below regional median,stable,stable
TON,Reserves,10.7961837711338,2024-12-31,-8.914533239914958,-8.914533239914958,3.2421553765238595,5.704288535730781,au-dessus de la mediane regionale,above regional median,en amelioration,improving
TON,Rule of law,0.6942664,2024-12-31,-13.205980938645926,-13.205980938645926,0.45725279999999996,0.6409370999999999,proche de la mediane regionale,near regional median,en amelioration,improving
TON,Tax revenue,20.4538609329217,2023-12-31,0.25630569922919005,0.25630569922919005,-1.2863288491221994,16.67863628412195,au-dessus de la mediane regionale,above regional median,en degradation,worsening
TON,Unemployment,1.965,2024-12-31,18.94673123486684,18.94673123486684,-0.19999999999999996,2.988,sous la mediane regionale,below regional median,en amelioration,improving
TON,Women in workforce,42.5,2024-12-31,-0.2745383297744969,-0.2745383297744969,-0.14699999999999847,55.596,sous la mediane regionale,below regional median,en degradation,worsening
TON,Youth unemployment,5.986,2024-12-31,29.231433506044908,29.231433506044908,-0.4870000000000001,9.408,sous la mediane regionale,below regional median,en amelioration,improving
TTO,Agriculture value added,0.777630166856125,2024-12-31,-6.9659130922827535,-6.9659130922827535,0.012577225863856012,3.86944846371998,sous la mediane regionale,below regional median,stable,stable
TTO,CO2 per capita,24.5456332632481,2024-12-31,-0.32368154847618685,-0.32368154847618685,-4.8302029812853995,4.11421182432227,au-dessus de la mediane regionale,above regional median,en degradation,worsening
TTO,Commodity dependence,31.3102540191418,2024-12-31,12.234143067279025,12.234143067279025,-11.848687290838598,3.00864273328603,au-dessus de la mediane regionale,above regional median,en amelioration,improving
TTO,Control of corruption,-0.339819,2024-12-31,-7.470761080049218,-7.470761080049218,-0.1391981,-0.2654917,sous la mediane regionale,below regional median,en degradation,worsening
TTO,Current account,2.51810824357524,2024-12-31,-78.195789641588,-78.195789641588,-1.8270446451561697,-1.66760721722233,au-dessus de la mediane regionale,above regional median,en degradation,worsening
TTO,Dependency ratio,43.1406495832357,2024-12-31,1.2344368935355863,1.2344368935355863,2.919583089551402,48.981079443401555,sous la mediane regionale,below regional median,en degradation,worsening
TTO,Domestic credit,48.3766326687665,2024-12-31,6.254102722827125,6.254102722827125,6.928198818044599,45.1288088227477,proche de la mediane regionale,near regional median,en amelioration,improving
TTO,Electricity access,100.0,2024-12-31,1.3171225937183355,1.3171225937183355,0.0,99.8,proche de la mediane regionale,near regional median,stable,stable
TTO,FDI net inflows,-1.76782828873977,2024-12-31,70.46168274956901,70.46168274956901,-2.551433183758773,3.01317166597907,sous la mediane regionale,below regional median,en degradation,worsening
TTO,Fiscal balance,-0.849,2026-12-31,55.26870389884089,55.26870389884089,7.5440000000000005,-0.749,sous la mediane regionale,below regional median,en amelioration,improving
TTO,GDP growth,2.50920813979569,2024-12-31,71.10654512424065,71.10654512424065,2.041473610939805,3.3669492581395,sous la mediane regionale,below regional median,en amelioration,improving
TTO,GDP per capita,18733.4110406494,2024-12-31,2.3210994187891294,2.3210994187891294,1520.7981514331004,13969.7836603737,au-dessus de la mediane regionale,above regional median,en amelioration,improving
TTO,Gen gov debt,84.138,2026-12-31,-0.0403934800170981,-0.0403934800170981,3.9000000000000057,63.608,au-dessus de la mediane regionale,above regional median,en degradation,worsening
TTO,Gov debt,15.928004235045,2007-12-31,-5.208545137226748,-5.208545137226748,,59.3486130705839,sous la mediane regionale,below regional median,en degradation,worsening
TTO,Inflation,0.526884625776839,2024-12-31,-88.61848767921168,-88.61848767921168,-0.47365830449553104,3.42967284899735,sous la mediane regionale,below regional median,en amelioration,improving
TTO,Interest rate,7.5,2024-12-31,-0.27700831024926825,-0.27700831024926825,-1.75,8.80431027070166,sous la mediane regionale,below regional median,en degradation,worsening
TTO,Political stability,0.3600136,2024-12-31,5.971472968434348,5.971472968434348,0.2613461000000001,0.3600136,proche de la mediane regionale,near regional median,en amelioration,improving
TTO,Regulatory quality,-0.2065738999999999,2024-12-31,-25.112136683806664,-25.112136683806664,-0.1003757,-0.0738011,sous la mediane regionale,below regional median,en degradation,worsening
TTO,Reserves,5.7279682868554,2024-12-31,-23.805468070662947,-23.805468070662947,-3.3237376933779013,4.20470125653228,au-dessus de la mediane regionale,above regional median,en degradation,worsening
TTO,Rule of law,-0.371533,2024-12-31,-17.870835825109843,-17.870835825109843,-0.2336653000000001,-0.2513801,sous la mediane regionale,below regional median,en degradation,worsening
TTO,Tax revenue,16.7568469467377,2019-12-31,-15.700846387991252,-15.700846387991252,-8.2753892449172,15.9189020036855,proche de la mediane regionale,near regional median,en degradation,worsening
TTO,Unemployment,3.318,2024-12-31,-1.2793811365665024,-1.2793811365665024,-0.20500000000000007,6.448,sous la mediane regionale,below regional median,en amelioration,improving
TTO,Women in workforce,48.149,2024-12-31,-3.761667765985085,-3.761667765985085,-2.8840000000000003,52.394,proche de la mediane regionale,near regional median,en degradation,worsening
TTO,Youth unemployment,7.993,2024-12-31,-0.5969406790200229,-0.5969406790200229,-1.1769999999999996,15.674,sous la mediane regionale,below regional median,en amelioration,improving
TUN,Agriculture value added,9.73863393101929,2024-12-31,2.7967448908699075,2.7967448908699075,-0.027624801851429126,3.39457505861722,au-dessus de la mediane regionale,above regional median,stable,stable
TUN,CO2 per capita,3.6344875654358,2024-12-31,1.6976585129098685,1.6976585129098685,0.10746320240198015,4.671020451612931,sous la mediane regionale,below regional median,en amelioration,improving
TUN,Commodity dependence,6.23208030817829,2024-12-31,0.3881595526035363,0.3881595526035363,0.7101217844679795,10.0847170807725,sous la mediane regionale,below regional median,en degradation,worsening
TUN,Control of corruption,-0.2201545999999999,2024-12-31,-14.448607332771548,-14.448607332771548,-0.19148759999999998,-0.5708422,au-dessus de la mediane regionale,above regional median,en degradation,worsening
TUN,Current account,-1.50801033952852,2024-12-31,34.540060429737295,34.540060429737295,6.5411141936606505,0.124893414067427,sous la mediane regionale,below regional median,en amelioration,improving
TUN,Debt service,26.1724095779931,2024-12-31,8.526847104917083,8.526847104917083,3.6854551292453017,12.9254798325863,au-dessus de la mediane regionale,above regional median,en degradation,worsening
TUN,Dependency ratio,50.531188748014,2024-12-31,-0.14602313363872482,-0.14602313363872482,1.1499061280789036,51.2977156907185,proche de la mediane regionale,near regional median,en degradation,worsening
TUN,Domestic credit,60.6117249735149,2024-12-31,-3.377683981218112,-3.377683981218112,1.3213666510701998,58.6252720787942,proche de la mediane regionale,near regional median,en amelioration,improving
TUN,Electricity access,100.0,2024-12-31,0.0,0.0,0.0,100.0,proche de la mediane regionale,near regional median,stable,stable
TUN,External debt,77.6996062630389,2024-12-31,-13.905831822966563,-13.905831822966563,-20.857674180520405,35.6282760521045,au-dessus de la mediane regionale,above regional median,en amelioration,improving
TUN,FDI net inflows,1.47747574805229,2024-12-31,0.9540336424170227,0.9540336424170227,-0.46740075145674,1.47747574805229,proche de la mediane regionale,near regional median,en degradation,worsening
TUN,Fiscal balance,-7.404,2026-12-31,-393.9292861907938,-393.9292861907938,-2.4189999999999996,-2.4939999999999998,sous la mediane regionale,below regional median,en degradation,worsening
TUN,GDP growth,1.61444564976986,2024-12-31,777.3419763685349,777.3419763685349,0.06435260010244015,2.3991692678251,sous la mediane regionale,below regional median,en amelioration,improving
TUN,GDP per capita,4187.64079392362,2024-12-31,5.986255788057142,5.986255788057142,658.7686608556396,5190.16959024821,sous la mediane regionale,below regional median,en amelioration,improving
TUN,Gen gov debt,84.872,2026-12-31,4.421860774133214,4.421860774133214,5.1440000000000055,53.242000000000004,au-dessus de la mediane regionale,above regional median,en degradation,worsening
TUN,Gini,33.7,2021-12-31,2.743902439024408,2.743902439024408,0.9000000000000057,33.7,proche de la mediane regionale,near regional median,en degradation,worsening
TUN,Gov debt,42.5197543010178,2012-12-31,0.091881324620495,0.091881324620495,-3.2627161940238025,53.1293715924658,sous la mediane regionale,below regional median,en amelioration,improving
TUN,Inflation,7.20661657168794,2024-12-31,-22.750351796274803,-22.750351796274803,0.48654124304994983,2.6116961151764,au-dessus de la mediane regionale,above regional median,en degradation,worsening
TUN,Political stability,-0.9248175,2024-12-31,-19.17167716013906,-19.17167716013906,-0.3634592,-0.9248175,au-dessus de la mediane regionale,above regional median,en degradation,worsening
TUN,Regulatory quality,-0.3901173,2024-12-31,10.205030044649204,10.205030044649204,-0.2464783,-0.4676244,au-dessus de la mediane regionale,above regional median,en degradation,worsening
TUN,Reserves,4.51241564590908,2024-12-31,-1.854600760866909,-1.854600760866909,-0.4570505316971998,5.978693032108115,sous la mediane regionale,below regional median,en degradation,worsening
TUN,Rule of law,-0.3644942,2024-12-31,-15.777316496386076,-15.777316496386076,-0.3376365000000001,-0.6967772,au-dessus de la mediane regionale,above regional median,en degradation,worsening
TUN,Tax revenue,20.1154877238471,2012-12-31,-0.29426832761314,-0.29426832761314,1.0476137854740983,11.1389424540703,au-dessus de la mediane regionale,above regional median,en amelioration,improving
TUN,Unemployment,15.341,2024-12-31,1.5556732424202266,1.5556732424202266,-1.8119999999999994,9.103,au-dessus de la mediane regionale,above regional median,en amelioration,improving
TUN,Women in workforce,26.635,2024-12-31,-0.5451626152869469,-0.5451626152869469,-1.636999999999997,22.234,au-dessus de la mediane regionale,above regional median,en degradation,worsening
TUN,Youth unemployment,38.85,2024-12-31,0.9510445899594627,0.9510445899594627,0.9830000000000041,21.307,au-dessus de la mediane regionale,above regional median,en degradation,worsening
TUR,Agriculture value added,5.82042467876951,2024-12-31,-8.911346238252897,-8.911346238252897,-0.8337288840531905,2.6262814922641997,au-dessus de la mediane regionale,above regional median,en degradation,worsening
TUR,CO2 per capita,6.77637831583916,2024-12-31,2.5066245372719402,2.5066245372719402,0.3714608206369707,6.87868940323143,proche de la mediane regionale,near regional median,en amelioration,improving
TUR,Commodity dependence,6.16442555598186,2024-12-31,-3.147786993872014,-3.147786993872014,1.6702618761404402,5.79530570621524,proche de la mediane regionale,near regional median,en degradation,worsening
TUR,Control of corruption,-0.5632153,2024-12-31,-28.747520900330358,-28.747520900330358,-0.3830282,0.5531621,sous la mediane regionale,below regional median,en degradation,worsening
TUR,Current account,-0.766008235540632,2024-12-31,78.91915809207863,78.91915809207863,-2.701168273468132,-0.432631418354181,sous la mediane regionale,below regional median,en degradation,worsening
TUR,Debt service,23.4318472180701,2024-12-31,12.06291097596913,12.06291097596913,-9.811369257865497,13.953203049199,au-dessus de la mediane regionale,above regional median,en amelioration,improving
TUR,Dependency ratio,46.483848695231,2024-12-31,-0.4953278873049291,-0.4953278873049291,0.531547213490505,55.30208239407135,sous la mediane regionale,below regional median,en degradation,worsening
TUR,Domestic credit,42.9671022144841,2024-12-31,-11.944028649619941,-11.944028649619941,-21.2886497241426,51.23226305443685,sous la mediane regionale,below regional median,en degradation,worsening
TUR,Electricity access,100.0,2024-12-31,0.0,0.0,0.0,100.0,proche de la mediane regionale,near regional median,stable,stable
TUR,External debt,39.3880494718611,2024-12-31,-12.77561025379264,-12.77561025379264,-15.919102992119498,56.144278869823,sous la mediane regionale,below regional median,en amelioration,improving
TUR,FDI net inflows,0.860701598247461,2024-12-31,-7.828698733303886,-7.828698733303886,-0.364659163746459,2.46510904267828,sous la mediane regionale,below regional median,en degradation,worsening
TUR,Fiscal balance,-3.38,2026-12-31,-2441.3533834586465,-2441.3533834586465,-0.4039999999999999,-2.067,sous la mediane regionale,below regional median,en degradation,worsening
TUR,GDP growth,3.3276230893799,2024-12-31,-34.0427849049967,-34.0427849049967,2.02599943473487,2.59946721553708,au-dessus de la mediane regionale,above regional median,en amelioration,improving
TUR,GDP per capita,15892.7157287241,2024-12-31,18.82320126760145,18.82320126760145,6497.481948710421,29603.7772588256,sous la mediane regionale,below regional median,en amelioration,improving
TUR,Gen gov debt,25.537,2026-12-31,8.76991225828434,8.76991225828434,-13.372999999999998,46.406,sous la mediane regionale,below regional median,en amelioration,improving
TUR,Gini,43.7,2023-12-31,-1.7977528089887576,-1.7977528089887576,1.3000000000000043,30.65,au-dessus de la mediane regionale,above regional median,en degradation,worsening
TUR,Gov debt,26.6192344930079,2024-12-31,-19.953794171074854,-19.953794171074854,-6.840839964063896,40.04160644426225,sous la mediane regionale,below regional median,en amelioration,improving
TUR,Inflation,58.5064507300342,2024-12-31,8.628096887338318,8.628096887338318,43.329629158032006,2.83581658224034,au-dessus de la mediane regionale,above regional median,en degradation,worsening
TUR,Political stability,-0.9707105,2024-12-31,-9.749659968546393,-9.749659968546393,0.22174359999999993,0.3087034999999999,sous la mediane regionale,below regional median,en amelioration,improving
TUR,Regulatory quality,-0.2112376,2024-12-31,-0.1706676429039184,-0.1706676429039184,-0.1954875,0.6500427999999999,sous la mediane regionale,below regional median,en degradation,worsening
TUR,Reserves,4.72961263910876,2024-12-31,13.754617042862535,13.754617042862535,-0.4546838536971203,2.89106960627006,au-dessus de la mediane regionale,above regional median,en degradation,worsening
TUR,Rule of law,-0.8434149,2024-12-31,-5.52797148768164,-5.52797148768164,-0.24636760000000002,0.6192042999999999,sous la mediane regionale,below regional median,en degradation,worsening
TUR,Tax revenue,17.6239296509985,2024-12-31,-3.2817639026404324,-3.2817639026404324,1.093951588480202,20.82863605996785,sous la mediane regionale,below regional median,en amelioration,improving
TUR,Unemployment,8.8,2024-12-31,-6.26331487004686,-6.26331487004686,-4.93,5.4,au-dessus de la mediane regionale,above regional median,en amelioration,improving
TUR,Women in workforce,36.786,2024-12-31,2.8576221899116385,2.8576221899116385,2.497,54.888,sous la mediane regionale,below regional median,en amelioration,improving
TUR,Youth unemployment,16.287,2024-12-31,-5.888131283947774,-5.888131283947774,-8.752000000000002,14.316,au-dessus de la mediane regionale,above regional median,en amelioration,improving
TUV,Agriculture value added,15.940855929328,2015-12-31,-12.890588261167382,-12.890588261167382,-10.3118032839975,9.79503060602777,au-dessus de la mediane regionale,above regional median,en degradation,worsening
TUV,CO2 per capita,0.425046651461746,2024-12-31,1.7623885548414642,1.7623885548414642,0.05646145157515697,2.96182966114834,sous la mediane regionale,below regional median,en amelioration,improving
TUV,Commodity dependence,7.16310807131073,2005-12-31,131.1590341630878,131.1590341630878,,1.446086854730515,au-dessus de la mediane regionale,above regional median,en degradation,worsening
TUV,Control of corruption,0.5787137,2024-12-31,138.62957213044115,138.62957213044115,0.1864396000000001,0.38264925,au-dessus de la mediane regionale,above regional median,en amelioration,improving
TUV,Current account,40.0273112804596,2023-12-31,14843.241222232358,14843.241222232358,-20.8802297467616,2.19482817825998,au-dessus de la mediane regionale,above regional median,en degradation,worsening
TUV,Dependency ratio,65.5965665236051,2024-12-31,3.1392555402595974,3.1392555402595974,6.124072175451403,53.5253966955507,au-dessus de la mediane regionale,above regional median,en degradation,worsening
TUV,Electricity access,100.0,2024-12-31,0.0,0.0,0.29999999999999716,100.0,proche de la mediane regionale,near regional median,en amelioration,improving
TUV,FDI net inflows,0.454748363534884,2024-12-31,38.078795836061715,38.078795836061715,-0.10357917155602503,2.35252841903892,sous la mediane regionale,below regional median,en degradation,worsening
TUV,Fiscal balance,-1.256,2026-12-31,-103.92831451537235,-103.92831451537235,14.843,-1.435,au-dessus de la mediane regionale,above regional median,en amelioration,improving
TUV,GDP growth,3.38983050847457,2024-12-31,-3.389830508475266,-3.389830508475266,-10.056674307845231,3.6482536159531502,proche de la mediane regionale,near regional median,en degradation,worsening
TUV,GDP per capita,5883.50257114002,2024-12-31,14.379585373360124,14.379585373360124,824.6499050634302,7488.460293591284,sous la mediane regionale,below regional median,en amelioration,improving
TUV,Gen gov debt,3.236,2026-12-31,-10.185956147654732,-10.185956147654732,-8.065,43.4465,sous la mediane regionale,below regional median,en amelioration,improving
TUV,Gini,39.1,2010-12-31,,,,34.25,au-dessus de la mediane regionale,above regional median,en degradation,worsening
TUV,Inflation,0.5005807431527,2011-12-31,,,,2.18151273615189,sous la mediane regionale,below regional median,en degradation,worsening
TUV,Political stability,1.4687654,2024-12-31,-0.3503627547993159,-0.3503627547993159,0.32516220000000007,0.87674265,au-dessus de la mediane regionale,above regional median,en amelioration,improving
TUV,Regulatory quality,-0.4022096,2024-12-31,39.65653354713594,39.65653354713594,0.1875735,-0.07101989999999994,sous la mediane regionale,below regional median,en amelioration,improving
TUV,Rule of law,1.2213564,2024-12-31,2.1445859973289516,2.1445859973289516,0.36400959999999993,0.6409370999999999,au-dessus de la mediane regionale,above regional median,en amelioration,improving
TZA,Agriculture value added,23.3180780856441,2024-12-31,-1.5580993622048123,-1.5580993622048123,-3.2762338659576997,20.7932870939229,au-dessus de la mediane regionale,above regional median,en degradation,worsening
TZA,CO2 per capita,1.49540205982901,2024-12-31,0.13580462710676547,0.13580462710676547,0.1528985307561801,1.52210243022339,proche de la mediane regionale,near regional median,en amelioration,improving
TZA,Commodity dependence,2.24873032924646,2024-12-31,-37.03121277042977,-37.03121277042977,1.424399145558036,1.604781106301575,au-dessus de la mediane regionale,above regional median,en degradation,worsening
TZA,Control of corruption,-0.2941052,2024-12-31,15.056435494864767,15.056435494864767,-0.011172000000000015,-0.7934948,au-dessus de la mediane regionale,above regional median,stable,stable
TZA,Current account,-3.00342879227062,2024-12-31,19.82524792486111,19.82524792486111,-0.8073017583606301,-4.05918464223764,au-dessus de la mediane regionale,above regional median,en degradation,worsening
TZA,Debt service,12.0902915457182,2024-12-31,-22.299464778344387,-22.299464778344387,-0.2870941431927996,11.8141665228846,proche de la mediane regionale,near regional median,en amelioration,improving
TZA,Dependency ratio,83.7597146713438,2024-12-31,-0.7467558210484114,-0.7467558210484114,-3.483483222440796,76.3947216046137,proche de la mediane regionale,near regional median,en amelioration,improving
TZA,Domestic credit,16.6720456471052,2024-12-31,1.7414515112713418,1.7414515112713418,4.033737494084601,15.8986695709198,proche de la mediane regionale,near regional median,en amelioration,improving
TZA,Electricity access,52.4,2024-12-31,8.488612836438927,8.488612836438927,14.699999999999996,57.8,proche de la mediane regionale,near regional median,en amelioration,improving
TZA,External debt,47.3169345002777,2024-12-31,6.1034715515794,6.1034715515794,6.573024801065301,43.99766261125275,proche de la mediane regionale,near regional median,en degradation,worsening
TZA,FDI net inflows,2.16767805172059,2024-12-31,3.8948298813057987,3.8948298813057987,0.17308451212665998,2.351663747275275,proche de la mediane regionale,near regional median,en amelioration,improving
TZA,Fiscal balance,-3.21,2026-12-31,-570.1461377870563,-570.1461377870563,-1.382,-2.4305,sous la mediane regionale,below regional median,en degradation,worsening
TZA,GDP growth,5.5263138305945,2024-12-31,9.010517372572322,9.010517372572322,-0.2736861693727297,4.366019176358015,au-dessus de la mediane regionale,above regional median,en degradation,worsening
TZA,GDP per capita,1192.60668945313,2024-12-31,-2.5649878637992853,-2.5649878637992853,129.2841796875,1189.858061476885,proche de la mediane regionale,near regional median,en amelioration,improving
TZA,Gen gov debt,48.714,2026-12-31,-1.9839034205231472,-1.9839034205231472,5.32,53.801,proche de la mediane regionale,near regional median,en degradation,worsening
TZA,Gini,40.5,2018-12-31,7.142857142857151,7.142857142857151,2.700000000000003,38.5,proche de la mediane regionale,near regional median,en degradation,worsening
TZA,Inflation,3.05694676312373,2024-12-31,-19.537790063347003,-19.537790063347003,-0.4073338168664802,4.214928221107796,sous la mediane regionale,below regional median,en amelioration,improving
TZA,Interest rate,16.6795341089585,2020-12-31,-1.7164697728934974,-1.7164697728934974,0.574534108958499,11.7409744802492,au-dessus de la mediane regionale,above regional median,en amelioration,improving
TZA,Political stability,-0.3895961,2024-12-31,-64.58675257708005,-64.58675257708005,0.16261899999999996,-0.5953656,au-dessus de la mediane regionale,above regional median,en amelioration,improving
TZA,Regulatory quality,-0.5353705,2024-12-31,9.356348901456595,9.356348901456595,0.15723980000000004,-0.7386300499999999,au-dessus de la mediane regionale,above regional median,en amelioration,improving
TZA,Reserves,5.39079350340926,2018-12-31,-21.051481238867026,-21.051481238867026,1.4833834227543594,3.5612582316005197,au-dessus de la mediane regionale,above regional median,en amelioration,improving
TZA,Rule of law,-0.5194228,2024-12-31,-5.045480633772194,-5.045480633772194,0.053411100000000045,-0.8753552499999999,au-dessus de la mediane regionale,above regional median,en amelioration,improving
TZA,Tax revenue,12.7396805065136,2024-12-31,10.86187774395626,10.86187774395626,1.7205630253573005,12.7396805065136,proche de la mediane regionale,near regional median,en amelioration,improving
TZA,Unemployment,1.557,2024-12-31,-0.5111821086261985,-0.5111821086261985,-0.17800000000000016,5.487,sous la mediane regionale,below regional median,en amelioration,improving
TZA,Women in workforce,80.288,2024-12-31,-0.052284327150506155,-0.052284327150506155,0.022999999999996135,57.104,au-dessus de la mediane regionale,above regional median,stable,stable
TZA,Youth unemployment,2.334,2024-12-31,-0.21376656690893092,-0.21376656690893092,-0.32299999999999995,8.814,sous la mediane regionale,below regional median,en amelioration,improving
UGA,Agriculture value added,24.618950598633,2024-12-31,2.197531154964446,2.197531154964446,1.6734417920765985,20.7932870939229,au-dessus de la mediane regionale,above regional median,en amelioration,improving
UGA,CO2 per capita,1.14561820660052,2024-12-31,-1.520970734845127,-1.520970734845127,-0.01672648947214994,1.52210243022339,sous la mediane regionale,below regional median,stable,stable
UGA,Commodity dependence,2.32497095855221,2024-12-31,-21.471960353237527,-21.471960353237527,-2.6513823314133096,1.604781106301575,au-dessus de la mediane regionale,above regional median,en amelioration,improving
UGA,Control of corruption,-1.1161673,2024-12-31,-11.987374613759163,-11.987374613759163,-0.01368820000000004,-0.7934948,sous la mediane regionale,below regional median,stable,stable
UGA,Current account,-7.7752151397725,2024-12-31,-4.606931903533252,-4.606931903533252,-0.3310244036358094,-4.05918464223764,sous la mediane regionale,below regional median,en degradation,worsening
UGA,Debt service,13.9413655640146,2024-12-31,-53.47978372904614,-53.47978372904614,9.12601179708036,11.8141665228846,au-dessus de la mediane regionale,above regional median,en degradation,worsening
UGA,Dependency ratio,84.2692386918341,2024-12-31,-1.4275803174579622,-1.4275803174579622,-7.300469123580996,76.3947216046137,au-dessus de la mediane regionale,above regional median,en amelioration,improving
UGA,Domestic credit,14.3001761811715,2024-12-31,-3.4590582468715305,-3.4590582468715305,0.49511246954869925,15.8986695709198,sous la mediane regionale,below regional median,en amelioration,improving
UGA,Electricity access,55.3,2024-12-31,7.378640776699023,7.378640776699023,14.0,57.8,proche de la mediane regionale,near regional median,en amelioration,improving
UGA,External debt,39.2169652098837,2024-12-31,-8.089364387348459,-8.089364387348459,-1.4474758187035945,43.99766261125275,sous la mediane regionale,below regional median,en amelioration,improving
UGA,FDI net inflows,6.04170465908871,2024-12-31,-1.5714852850405834,-1.5714852850405834,2.35601247754697,2.351663747275275,au-dessus de la mediane regionale,above regional median,en amelioration,improving
UGA,Fiscal balance,-1.379,2026-12-31,52.41545893719807,52.41545893719807,3.3160000000000003,-2.4305,au-dessus de la mediane regionale,above regional median,en amelioration,improving
UGA,GDP growth,6.05558075875589,2024-12-31,13.464707610191695,13.464707610191695,-0.38316427400850017,4.366019176358015,au-dessus de la mediane regionale,above regional median,en degradation,worsening
UGA,GDP per capita,1077.91278438613,2024-12-31,7.542946807529785,7.542946807529785,255.741634349773,1189.858061476885,proche de la mediane regionale,near regional median,en amelioration,improving
UGA,Gen gov debt,54.962,2026-12-31,1.3871979339605285,1.3871979339605285,4.616000000000007,53.801,proche de la mediane regionale,near regional median,en degradation,worsening
UGA,Gini,42.7,2019-12-31,-0.23364485981307087,-0.23364485981307087,1.7000000000000028,38.5,au-dessus de la mediane regionale,above regional median,en degradation,worsening
UGA,Gov debt,54.4305525836671,2024-12-31,2.4152239578673833,2.4152239578673833,15.953607271633999,45.07729323099015,au-dessus de la mediane regionale,above regional median,en degradation,worsening
UGA,Inflation,3.32338033691819,2024-12-31,-37.89174721314047,-37.89174721314047,0.4557923024491899,4.214928221107796,sous la mediane regionale,below regional median,en degradation,worsening
UGA,Interest rate,19.8465587059191,2018-12-31,-6.730273474937322,-6.730273474937322,-3.4370140106671982,11.7409744802492,au-dessus de la mediane regionale,above regional median,en degradation,worsening
UGA,Political stability,-1.0222248,2024-12-31,0.7393679265042435,0.7393679265042435,-0.2475769000000001,-0.5953656,sous la mediane regionale,below regional median,en degradation,worsening
UGA,Regulatory quality,-0.5242817,2024-12-31,-4.812716947206579,-4.812716947206579,-0.048698399999999975,-0.7386300499999999,au-dessus de la mediane regionale,above regional median,stable,stable
UGA,Reserves,2.39405352978069,2024-12-31,-25.247175421811797,-25.247175421811797,-1.2444939033070201,3.5612582316005197,sous la mediane regionale,below regional median,en degradation,worsening
UGA,Rule of law,-0.7385242999999999,2024-12-31,1.8954347343824962,1.8954347343824962,-0.010258299999999942,-0.8753552499999999,au-dessus de la mediane regionale,above regional median,stable,stable
UGA,Tax revenue,12.6255559227731,2024-12-31,-2.643451695905301,-2.643451695905301,0.3891764534693998,12.7396805065136,proche de la mediane regionale,near regional median,en amelioration,improving
UGA,Unemployment,2.74,2024-12-31,-0.508351488743638,-0.508351488743638,-0.3169999999999997,5.487,sous la mediane regionale,below regional median,en amelioration,improving
UGA,Women in workforce,75.556,2024-12-31,0.1471270461925962,0.1471270461925962,1.706000000000003,57.104,au-dessus de la mediane regionale,above regional median,en amelioration,improving
UGA,Youth unemployment,4.211,2024-12-31,0.07129277566540194,0.07129277566540194,-0.47999999999999954,8.814,sous la mediane regionale,below regional median,en amelioration,improving
UKR,Agriculture value added,7.29453892630693,2024-12-31,-3.4084798087182184,-3.4084798087182184,-1.6706420880654997,2.6262814922641997,au-dessus de la mediane regionale,above regional median,en degradation,worsening
UKR,CO2 per capita,5.20239963733968,2024-12-31,-2.6342676899188686,-2.6342676899188686,-1.5069988344333494,6.87868940323143,sous la mediane regionale,below regional median,en degradation,worsening
UKR,Commodity dependence,0.482782438375426,2024-12-31,-55.463172943141714,-55.463172943141714,-1.241392201786704,5.79530570621524,sous la mediane regionale,below regional median,en amelioration,improving
UKR,Control of corruption,-0.6723809,2024-12-31,7.165266673413631,7.165266673413631,0.10981410000000003,0.5531621,sous la mediane regionale,below regional median,en amelioration,improving
UKR,Current account,-7.96032840013333,2024-12-31,-54.43558456330465,-54.43558456330465,-5.280371077515749,-0.432631418354181,sous la mediane regionale,below regional median,en degradation,worsening
UKR,Debt service,15.8316705792772,2024-12-31,29.660695273402077,29.660695273402077,-2.3245445755028005,13.953203049199,au-dessus de la mediane regionale,above regional median,en amelioration,improving
UKR,Dependency ratio,48.9225090613665,2024-12-31,-0.009469245515572627,-0.009469245515572627,1.6733821660859007,55.30208239407135,sous la mediane regionale,below regional median,en degradation,worsening
UKR,Domestic credit,18.1641435001026,2024-12-31,-2.587478666969248,-2.587478666969248,-11.862925087915201,51.23226305443685,sous la mediane regionale,below regional median,en degradation,worsening
UKR,Electricity access,100.0,2024-12-31,0.0,0.0,0.0,100.0,proche de la mediane regionale,near regional median,stable,stable
UKR,External debt,101.267169892573,2024-12-31,5.39878606228839,5.39878606228839,20.5684554586351,56.144278869823,au-dessus de la mediane regionale,above regional median,en degradation,worsening
UKR,FDI net inflows,2.10549664352154,2024-12-31,-16.54389816130381,-16.54389816130381,-1.6610001173638897,2.46510904267828,sous la mediane regionale,below regional median,en degradation,worsening
UKR,Fiscal balance,-18.441,2026-12-31,4.4408747020416595,4.4408747020416595,-14.469,-2.067,sous la mediane regionale,below regional median,en degradation,worsening
UKR,GDP growth,3.24811808426423,2024-12-31,-41.313921345330016,-41.313921345330016,0.0486142207228899,2.59946721553708,au-dessus de la mediane regionale,above regional median,stable,stable
UKR,GDP per capita,5391.62255859375,2024-12-31,4.903582089013411,4.903582089013411,1771.76098632812,29603.7772588256,sous la mediane regionale,below regional median,en amelioration,improving
UKR,Gen gov debt,122.563,2026-12-31,12.704718291079297,12.704718291079297,73.646,46.406,au-dessus de la mediane regionale,above regional median,en degradation,worsening
UKR,Gini,25.6,2020-12-31,-3.7593984962406015,-3.7593984962406015,0.10000000000000142,30.65,sous la mediane regionale,below regional median,en degradation,worsening
UKR,Gov debt,58.7161850732326,2020-12-31,21.497004814853227,21.497004814853227,-11.542652548665593,40.04160644426225,au-dessus de la mediane regionale,above regional median,en amelioration,improving
UKR,Inflation,6.50198464669254,2024-12-31,-49.397047467432905,-49.397047467432905,-1.3847328094187903,2.83581658224034,au-dessus de la mediane regionale,above regional median,en amelioration,improving
UKR,Interest rate,19.58905,2024-12-31,-11.40893310198354,-11.40893310198354,-0.23265833333330121,6.65405833333333,au-dessus de la mediane regionale,above regional median,en degradation,worsening
UKR,Political stability,-0.432315,2024-12-31,20.818238097505752,20.818238097505752,0.5997089,0.3087034999999999,sous la mediane regionale,below regional median,en amelioration,improving
UKR,Regulatory quality,-0.3008523999999999,2024-12-31,20.468729801769552,20.468729801769552,-0.010805999999999927,0.6500427999999999,sous la mediane regionale,below regional median,stable,stable
UKR,Reserves,5.02796081189491,2024-12-31,-0.1712646810147636,-0.1712646810147636,1.5534527590727598,2.89106960627006,au-dessus de la mediane regionale,above regional median,en amelioration,improving
UKR,Rule of law,-0.7201989999999999,2024-12-31,3.3815692776038477,3.3815692776038477,-0.13462619999999992,0.6192042999999999,sous la mediane regionale,below regional median,en degradation,worsening
UKR,Tax revenue,21.0177678568632,2024-12-31,20.383146735142745,20.383146735142745,1.8216277602424,20.82863605996785,proche de la mediane regionale,near regional median,en amelioration,improving
UKR,Unemployment,9.834,2021-12-31,3.788918205804749,3.788918205804749,0.484,5.4,au-dessus de la mediane regionale,above regional median,en degradation,worsening
UKR,Women in workforce,47.738,2021-12-31,-0.7525987525987565,-0.7525987525987565,-2.334000000000003,54.888,sous la mediane regionale,below regional median,en degradation,worsening
UKR,Youth unemployment,19.145,2021-12-31,-1.0849909584086843,-1.0849909584086843,-3.9939999999999998,14.316,au-dessus de la mediane regionale,above regional median,en amelioration,improving
URY,Agriculture value added,6.38000773071403,2024-12-31,6.0835272510040275,6.0835272510040275,-0.12278671698675048,3.86944846371998,au-dessus de la mediane regionale,above regional median,en degradation,worsening
URY,CO2 per capita,13.177599400931,2024-12-31,4.005791563171398,4.005791563171398,1.6274902818489991,4.11421182432227,au-dessus de la mediane regionale,above regional median,en amelioration,improving
URY,Commodity dependence,1.30632945581964,2024-12-31,424.9286747701779,424.9286747701779,0.2206854357618202,3.00864273328603,sous la mediane regionale,below regional median,en degradation,worsening
URY,Control of corruption,1.5279256,2024-12-31,-1.3849060313101327,-1.3849060313101327,0.13900310000000027,-0.2654917,au-dessus de la mediane regionale,above regional median,en amelioration,improving
URY,Current account,-0.756844684468695,2024-12-31,74.38010666027354,74.38010666027354,-2.047612985723565,-1.66760721722233,au-dessus de la mediane regionale,above regional median,en degradation,worsening
URY,Dependency ratio,52.2955026226606,2024-12-31,-0.7065615455418556,-0.7065615455418556,-2.267819909640103,48.981079443401555,proche de la mediane regionale,near regional median,en amelioration,improving
URY,Domestic credit,30.5652567144236,2024-12-31,8.626216719183216,8.626216719183216,5.2570070153545,45.1288088227477,sous la mediane regionale,below regional median,en amelioration,improving
URY,Electricity access,100.0,2024-12-31,0.0,0.0,0.09999999999999432,99.8,proche de la mediane regionale,near regional median,en amelioration,improving
URY,FDI net inflows,-4.78198682520397,2024-12-31,27.82612034820598,27.82612034820598,-7.13901980717085,3.01317166597907,sous la mediane regionale,below regional median,en degradation,worsening
URY,Fiscal balance,-3.752,2026-12-31,-256.9933396764986,-256.9933396764986,-1.138,-0.749,sous la mediane regionale,below regional median,en degradation,worsening
URY,GDP growth,3.32575905957381,2024-12-31,336.5949946734987,336.5949946734987,2.397408032027469,3.3669492581395,proche de la mediane regionale,near regional median,en amelioration,improving
URY,GDP per capita,24308.4954958447,2024-12-31,3.977372180558863,3.977372180558863,5992.760458101002,13969.7836603737,au-dessus de la mediane regionale,above regional median,en amelioration,improving
URY,Gen gov debt,66.795,2026-12-31,1.7146598851817523,1.7146598851817523,2.716000000000008,63.608,proche de la mediane regionale,near regional median,en degradation,worsening
URY,Gini,40.0,2024-12-31,-2.200488997555009,-2.200488997555009,0.29999999999999716,43.0,proche de la mediane regionale,near regional median,en degradation,worsening
URY,Gov debt,65.3068312327003,2024-12-31,6.3476514846984715,6.3476514846984715,15.175391191951704,59.3486130705839,au-dessus de la mediane regionale,above regional median,en degradation,worsening
URY,Inflation,4.84914366613156,2024-12-31,-17.378461900215203,-17.378461900215203,-3.03284504266463,3.42967284899735,au-dessus de la mediane regionale,above regional median,en amelioration,improving
URY,Interest rate,9.90709477725299,2024-12-31,-16.715138591186477,-16.715138591186477,-1.6500902836151106,8.80431027070166,au-dessus de la mediane regionale,above regional median,en degradation,worsening
URY,Political stability,1.2779376,2024-12-31,8.201498299849638,8.201498299849638,0.12257619999999991,0.3600136,au-dessus de la mediane regionale,above regional median,en amelioration,improving
URY,Regulatory quality,0.6468484,2024-12-31,-12.306605660057615,-12.306605660057615,0.017778300000000025,-0.0738011,au-dessus de la mediane regionale,above regional median,stable,stable
URY,Reserves,7.72408741763541,2024-12-31,7.180504420077302,7.180504420077302,-1.8218075372541094,4.20470125653228,au-dessus de la mediane regionale,above regional median,en degradation,worsening
URY,Rule of law,0.9505638,2024-12-31,-0.7098585829338833,-0.7098585829338833,0.07019279999999994,-0.2513801,au-dessus de la mediane regionale,above regional median,en amelioration,improving
URY,Tax revenue,17.862010224025,2024-12-31,-2.772282637549912,-2.772282637549912,-0.0030809258920996285,15.9189020036855,au-dessus de la mediane regionale,above regional median,stable,stable
URY,Unemployment,8.209,2024-12-31,-1.747456612806712,-1.747456612806712,-0.6270000000000007,6.448,au-dessus de la mediane regionale,above regional median,en amelioration,improving
URY,Women in workforce,57.264,2024-12-31,1.3199334725220324,1.3199334725220324,1.2620000000000005,52.394,proche de la mediane regionale,near regional median,en amelioration,improving
URY,Youth unemployment,26.698,2024-12-31,1.8191525876206107,1.8191525876206107,-1.7759999999999998,15.674,au-dessus de la mediane regionale,above regional median,en amelioration,improving
USA,Agriculture value added,0.942961672907101,2021-12-31,0.8651999463137411,0.8651999463137411,0.005821235192765006,0.942961672907101,proche de la mediane regionale,near regional median,stable,stable
USA,CO2 per capita,17.3898578550286,2024-12-31,-0.5918179297990909,-0.5918179297990909,-1.531240437991002,17.3898578550286,proche de la mediane regionale,near regional median,en degradation,worsening
USA,Commodity dependence,18.3113039630256,2024-12-31,-1.9605597090353637,-1.9605597090353637,4.111938383389001,18.3113039630256,proche de la mediane regionale,near regional median,en degradation,worsening
USA,Control of corruption,1.0868913999999998,2024-12-31,-9.054857533210852,-9.054857533210852,-0.08508080000000007,1.1762344,proche de la mediane regionale,near regional median,en degradation,worsening
USA,Current account,-4.04564637199117,2024-12-31,-21.242997542739925,-21.242997542739925,-1.9938247873677502,-0.487852623579789,sous la mediane regionale,below regional median,en degradation,worsening
USA,Dependency ratio,54.4480426095951,2024-12-31,1.0002871242853026,1.0002871242853026,2.284291088066901,54.4480426095951,proche de la mediane regionale,near regional median,en degradation,worsening
USA,Domestic credit,195.875075677875,2024-12-31,2.511932891699879,2.511932891699879,1.139816760430989,159.986273901468,au-dessus de la mediane regionale,above regional median,en amelioration,improving
USA,Electricity access,100.0,2024-12-31,0.0,0.0,0.0,100.0,proche de la mediane regionale,near regional median,stable,stable
USA,FDI net inflows,1.01391858895004,2024-12-31,-22.091223854518518,-22.091223854518518,-0.45304642522685,1.2816357911399,sous la mediane regionale,below regional median,en degradation,worsening
USA,Fiscal balance,-7.502,2026-12-31,-136.65615141955837,-136.65615141955837,3.9590000000000005,-4.9665,sous la mediane regionale,below regional median,en amelioration,improving
USA,GDP growth,2.79318715363841,2024-12-31,-4.811131409675167,-4.811131409675167,0.20936182311616003,2.04626605401701,au-dessus de la mediane regionale,above regional median,en amelioration,improving
USA,GDP per capita,86169.6641581917,2024-12-31,4.3383204677917915,4.3383204677917915,20941.707567087906,86169.6641581917,proche de la mediane regionale,near regional median,en amelioration,improving
USA,Gen gov debt,125.781,2026-12-31,1.5296320811068325,1.5296320811068325,0.7330000000000041,118.257,proche de la mediane regionale,near regional median,en degradation,worsening
USA,Gini,41.8,2024-12-31,0.0,0.0,-0.10000000000000142,36.65,au-dessus de la mediane regionale,above regional median,en amelioration,improving
USA,Gov debt,115.768352618316,2024-12-31,0.900971841131846,0.900971841131846,15.533988448467,89.94988795422995,au-dessus de la mediane regionale,above regional median,en degradation,worsening
USA,Inflation,2.94952520485207,2024-12-31,-28.34590041237791,-28.34590041237791,1.13731512959186,2.6655545188319,au-dessus de la mediane regionale,above regional median,en degradation,worsening
USA,Interest rate,3.25,2021-12-31,-8.30002351281457,-8.30002351281457,-0.2616666666666698,2.975,proche de la mediane regionale,near regional median,en degradation,worsening
USA,Political stability,-0.0951125,2024-12-31,50.753716026600856,50.753716026600856,-0.14975,0.5984769,sous la mediane regionale,below regional median,en degradation,worsening
USA,Regulatory quality,1.3524886,2024-12-31,-5.465747452813383,-5.465747452813383,-0.015068999999999999,1.3524886,proche de la mediane regionale,near regional median,stable,stable
USA,Reserves,1.94032058064747,2024-12-31,8.238534449687572,8.238534449687572,0.3922607214879599,1.741263847087085,au-dessus de la mediane regionale,above regional median,en amelioration,improving
USA,Rule of law,0.9617896,2024-12-31,0.11433434593759732,0.11433434593759732,-0.16172789999999992,0.9617896,proche de la mediane regionale,near regional median,en degradation,worsening
USA,Tax revenue,10.7694743667429,2024-12-31,1.4287989493579198,1.4287989493579198,0.8846847694256894,12.24201570317055,sous la mediane regionale,below regional median,en amelioration,improving
USA,Unemployment,4.022,2024-12-31,10.555250137438163,10.555250137438163,0.3530000000000002,5.1865000000000006,sous la mediane regionale,below regional median,en degradation,worsening
USA,Women in workforce,56.561,2024-12-31,-0.07243560298222115,-0.07243560298222115,-0.30700000000000216,58.488,proche de la mediane regionale,near regional median,en degradation,worsening
USA,Youth unemployment,8.92,2024-12-31,12.158933735697216,12.158933735697216,0.5449999999999999,11.097999999999999,sous la mediane regionale,below regional median,en degradation,worsening
UZB,Agriculture value added,17.7295044800399,2024-12-31,-9.829534495227058,-9.829534495227058,-3.404031028882901,2.6262814922641997,au-dessus de la mediane regionale,above regional median,en degradation,worsening
UZB,CO2 per capita,6.25623678921366,2024-12-31,5.527658779896562,5.527658779896562,0.5035348308370304,6.87868940323143,proche de la mediane regionale,near regional median,en amelioration,improving
UZB,Commodity dependence,6.52845706509898,2024-12-31,46.24787217386965,46.24787217386965,-10.03142835656812,5.79530570621524,au-dessus de la mediane regionale,above regional median,en amelioration,improving
UZB,Control of corruption,-0.7543162999999999,2024-12-31,-7.491372589423041,-7.491372589423041,0.3681181,0.5531621,sous la mediane regionale,below regional median,en amelioration,improving
UZB,Current account,-4.71597432187069,2024-12-31,34.96372914978441,34.96372914978441,0.08834748265404002,-0.432631418354181,sous la mediane regionale,below regional median,en amelioration,improving
UZB,Debt service,36.0356756918143,2024-12-31,10.510868596420442,10.510868596420442,22.482968876197,13.953203049199,au-dessus de la mediane regionale,above regional median,en degradation,worsening
UZB,Dependency ratio,58.6494292141216,2024-12-31,1.743456261610706,1.743456261610706,5.879572822333195,55.30208239407135,proche de la mediane regionale,near regional median,en degradation,worsening
UZB,Domestic credit,31.4511091127797,2024-12-31,-4.097745061105954,-4.097745061105954,6.6532397583155,51.23226305443685,sous la mediane regionale,below regional median,en amelioration,improving
UZB,Electricity access,100.0,2024-12-31,0.0,0.0,0.0,100.0,proche de la mediane regionale,near regional median,stable,stable
UZB,External debt,60.5136500172241,2024-12-31,1.8563607762581689,1.8563607762581689,23.821137365295,56.144278869823,proche de la mediane regionale,near regional median,en degradation,worsening
UZB,FDI net inflows,2.45125129042312,2024-12-31,22.23176057540119,22.23176057540119,-0.8499616063758602,2.46510904267828,proche de la mediane regionale,near regional median,en degradation,worsening
UZB,Fiscal balance,-0.821,2026-12-31,-0.36674816625916906,-0.36674816625916906,3.083,-2.067,au-dessus de la mediane regionale,above regional median,en amelioration,improving
UZB,GDP growth,6.67618796188361,2024-12-31,5.702283197962848,5.702283197962848,-0.11712302296160981,2.59946721553708,au-dessus de la mediane regionale,above regional median,en degradation,worsening
UZB,GDP per capita,3337.45492058664,2024-12-31,10.659161674258582,10.659161674258582,1208.7942492033003,29603.7772588256,sous la mediane regionale,below regional median,en amelioration,improving
UZB,Gen gov debt,27.48,2026-12-31,-3.8656638096903984,-3.8656638096903984,-2.748000000000001,46.406,sous la mediane regionale,below regional median,en amelioration,improving
UZB,Gini,34.6,2024-12-31,0.28985507246377223,0.28985507246377223,-0.6000000000000014,30.65,au-dessus de la mediane regionale,above regional median,en amelioration,improving
UZB,Inflation,9.62825465956682,2024-12-31,-3.297675504512862,-3.297675504512862,-4.89748129650188,2.83581658224034,au-dessus de la mediane regionale,above regional median,en amelioration,improving
UZB,Interest rate,23.1339383845928,2024-12-31,4.441754117512991,4.441754117512991,-0.47212909365349987,6.65405833333333,au-dessus de la mediane regionale,above regional median,en degradation,worsening
UZB,Political stability,-0.0267335,2024-12-31,89.32702380724247,89.32702380724247,0.1900258,0.3087034999999999,sous la mediane regionale,below regional median,en amelioration,improving
UZB,Regulatory quality,-0.5267442999999999,2024-12-31,21.57798270036987,21.57798270036987,0.3948068,0.6500427999999999,sous la mediane regionale,below regional median,en amelioration,improving
UZB,Reserves,10.2786124689433,2024-12-31,16.419680370773673,16.419680370773673,-1.9223942556984017,2.89106960627006,au-dessus de la mediane regionale,above regional median,en degradation,worsening
UZB,Rule of law,-0.6562072,2024-12-31,2.683182957612772,2.683182957612772,0.28774030000000006,0.6192042999999999,sous la mediane regionale,below regional median,en amelioration,improving
UZB,Tax revenue,11.0059302187391,2023-12-31,-3.927985428597474,-3.927985428597474,-1.1464137272110992,20.82863605996785,sous la mediane regionale,below regional median,en degradation,worsening
UZB,Unemployment,4.439,2024-12-31,0.11276499774469763,0.11276499774469763,-0.4969999999999999,5.4,sous la mediane regionale,below regional median,en amelioration,improving
UZB,Women in workforce,41.273,2024-12-31,0.08001939864209809,0.08001939864209809,1.3830000000000027,54.888,sous la mediane regionale,below regional median,en amelioration,improving
UZB,Youth unemployment,10.809,2024-12-31,0.43672179892212243,0.43672179892212243,-0.4610000000000003,14.316,sous la mediane regionale,below regional median,en amelioration,improving
VCT,Agriculture value added,3.54621278556935,2024-12-31,-15.579081796441999,-15.579081796441999,-3.45700081732696,3.86944846371998,proche de la mediane regionale,near regional median,en degradation,worsening
VCT,CO2 per capita,1.84066152500596,2024-12-31,3.210485721183385,3.210485721183385,0.22018671052536987,4.11421182432227,sous la mediane regionale,below regional median,en amelioration,improving
VCT,Commodity dependence,0.0296524826098655,2023-12-31,-76.68608809711506,-76.68608809711506,0.0294957364383715,3.00864273328603,sous la mediane regionale,below regional median,stable,stable
VCT,Control of corruption,0.7050204,2024-12-31,-0.8769116670122981,-0.8769116670122981,-0.05518650000000003,-0.2654917,au-dessus de la mediane regionale,above regional median,en degradation,worsening
VCT,Current account,-16.6849459746644,2024-12-31,6.154605805968578,6.154605805968578,-14.296792535295731,-1.66760721722233,sous la mediane regionale,below regional median,en degradation,worsening
VCT,Debt service,10.089413090495,2024-12-31,-9.1028825097802,-9.1028825097802,-3.606666075359099,19.75493011522935,sous la mediane regionale,below regional median,en amelioration,improving
VCT,Dependency ratio,49.6601169138318,2024-12-31,-0.12485506176552849,-0.12485506176552849,0.39592730831790135,48.981079443401555,proche de la mediane regionale,near regional median,en degradation,worsening
VCT,Domestic credit,36.6622712404704,2024-12-31,-7.66007496551672,-7.66007496551672,-6.950550628300697,45.1288088227477,sous la mediane regionale,below regional median,en degradation,worsening
VCT,Electricity access,100.0,2024-12-31,0.0,0.0,0.0,99.8,proche de la mediane regionale,near regional median,stable,stable
VCT,External debt,70.3081457169149,2024-12-31,8.16102574085645,8.16102574085645,32.833668655005695,47.6233832283027,au-dessus de la mediane regionale,above regional median,en degradation,worsening
VCT,FDI net inflows,12.0060314102276,2024-12-31,74.35106136634214,74.35106136634214,4.4453750216664,3.01317166597907,au-dessus de la mediane regionale,above regional median,en amelioration,improving
VCT,Fiscal balance,-12.101,2026-12-31,-31.718732992271708,-31.718732992271708,-7.216000000000001,-0.749,sous la mediane regionale,below regional median,en degradation,worsening
VCT,GDP growth,4.06183490050209,2024-12-31,-23.74095441685632,-23.74095441685632,3.3934064194178557,3.3669492581395,au-dessus de la mediane regionale,above regional median,en amelioration,improving
VCT,GDP per capita,11501.2265187188,2024-12-31,8.682943631230986,8.682943631230986,2760.63226639819,13969.7836603737,sous la mediane regionale,below regional median,en amelioration,improving
VCT,Gen gov debt,120.073,2026-12-31,5.870475686637558,5.870475686637558,31.766999999999996,63.608,au-dessus de la mediane regionale,above regional median,en degradation,worsening
VCT,Gov debt,53.6982398780635,2009-12-31,23.403071680969393,23.403071680969393,-2.6150102370247055,59.3486130705839,proche de la mediane regionale,near regional median,en amelioration,improving
VCT,Inflation,3.62770736940927,2024-12-31,-20.524788782619257,-20.524788782619257,2.71463764408468,3.42967284899735,proche de la mediane regionale,near regional median,en degradation,worsening
VCT,Interest rate,7.09571483333333,2024-12-31,-0.9341708846262524,-0.9341708846262524,-1.2556545833333388,8.80431027070166,sous la mediane regionale,below regional median,en degradation,worsening
VCT,Political stability,1.0382485,2024-12-31,-0.5793838737756314,-0.5793838737756314,0.12133999999999989,0.3600136,au-dessus de la mediane regionale,above regional median,en amelioration,improving
VCT,Regulatory quality,0.1062005999999999,2024-12-31,10.891186288831168,10.891186288831168,-0.1275235000000001,-0.0738011,au-dessus de la mediane regionale,above regional median,en degradation,worsening
VCT,Reserves,5.56005654152158,2024-12-31,0.10954233874517333,0.10954233874517333,0.25908847893369025,4.20470125653228,au-dessus de la mediane regionale,above regional median,en amelioration,improving
VCT,Rule of law,0.5017878,2024-12-31,-8.782306900282713,-8.782306900282713,-0.1816801,-0.2513801,au-dessus de la mediane regionale,above regional median,en degradation,worsening
VCT,Tax revenue,23.7995357429648,2017-12-31,-2.2690362989163866,-2.2690362989163866,1.954849813163598,15.9189020036855,au-dessus de la mediane regionale,above regional median,en amelioration,improving
VCT,Unemployment,18.093,2024-12-31,-1.3897972531066003,-1.3897972531066003,-1.1550000000000011,6.448,au-dessus de la mediane regionale,above regional median,en amelioration,improving
VCT,Women in workforce,59.253,2024-12-31,1.1695806583800068,1.1695806583800068,2.408999999999999,52.394,au-dessus de la mediane regionale,above regional median,en amelioration,improving
VCT,Youth unemployment,41.851,2024-12-31,-1.138591642453876,-1.138591642453876,-1.7360000000000042,15.674,au-dessus de la mediane regionale,above regional median,en amelioration,improving
VEN,Agriculture value added,0.0,2011-12-31,,,0.0,3.86944846371998,sous la mediane regionale,below regional median,stable,stable
VEN,CO2 per capita,5.89034330376997,2024-12-31,0.8409855635401368,0.8409855635401368,-0.65821424137346,4.11421182432227,au-dessus de la mediane regionale,above regional median,en degradation,worsening
VEN,Commodity dependence,97.6778068113493,2013-12-31,-1.0995171765123013,-1.0995171765123013,3.9349150925778957,3.00864273328603,au-dessus de la mediane regionale,above regional median,en degradation,worsening
VEN,Control of corruption,-1.5871400999999998,2024-12-31,-1.7874008582350986,-1.7874008582350986,0.007708500000000118,-0.2654917,sous la mediane regionale,below regional median,stable,stable
VEN,Current account,-3.42635441425869,2016-12-31,73.26330501803622,73.26330501803622,-8.58999409921919,-1.66760721722233,sous la mediane regionale,below regional median,en degradation,worsening
VEN,Dependency ratio,54.3357993626306,2024-12-31,-1.2226021275704462,-1.2226021275704462,-1.628029094985699,48.981079443401555,au-dessus de la mediane regionale,above regional median,en amelioration,improving
VEN,Domestic credit,27.472799415793,2013-12-31,15.07907325305992,15.07907325305992,6.0031256082013975,45.1288088227477,sous la mediane regionale,below regional median,en amelioration,improving
VEN,Electricity access,100.0,2024-12-31,0.0,0.0,0.20000000000000284,99.8,proche de la mediane regionale,near regional median,en amelioration,improving
VEN,FDI net inflows,1.35409801107577,2024-12-31,10563.78236421297,10563.78236421297,0.5816450754500301,3.01317166597907,sous la mediane regionale,below regional median,en amelioration,improving
VEN,Fiscal balance,-5.059,2025-12-31,-37.8849822840011,-37.8849822840011,1.569,-0.749,sous la mediane regionale,below regional median,en amelioration,improving
VEN,GDP growth,5.52486187845305,2024-12-31,37.332280978690314,37.332280978690314,33.14390949750065,3.3669492581395,au-dessus de la mediane regionale,above regional median,en amelioration,improving
VEN,GDP per capita,4244.45723136019,2024-12-31,17.332190200480387,17.332190200480387,1721.34195586441,13969.7836603737,sous la mediane regionale,below regional median,en amelioration,improving
VEN,Gen gov debt,308.747,2025-12-31,82.54687139706621,82.54687139706621,-27.798000000000002,63.608,au-dessus de la mediane regionale,above regional median,en amelioration,improving
VEN,Gini,44.7,2006-12-31,-9.330628803245425,-9.330628803245425,-2.5,43.0,proche de la mediane regionale,near regional median,en amelioration,improving
VEN,Inflation,254.948534781816,2016-12-31,109.42380862880657,109.42380862880657,228.8583224657201,3.42967284899735,au-dessus de la mediane regionale,above regional median,en degradation,worsening
VEN,Interest rate,21.0591666666667,2017-12-31,1.367829923786778,1.367829923786778,4.679166666666703,8.80431027070166,au-dessus de la mediane regionale,above regional median,en amelioration,improving
VEN,Political stability,-1.7404242,2024-12-31,-57.705001872063924,-57.705001872063924,-0.22836800000000013,0.3600136,sous la mediane regionale,below regional median,en degradation,worsening
VEN,Regulatory quality,-1.9030732,2024-12-31,-0.8026399423704323,-0.8026399423704323,0.26960720000000005,-0.0738011,sous la mediane regionale,below regional median,en amelioration,improving
VEN,Reserves,3.65381748319002,2016-12-31,8.372866239240771,8.372866239240771,-0.5085444402751498,4.20470125653228,sous la mediane regionale,below regional median,en degradation,worsening
VEN,Rule of law,-2.2042741,2024-12-31,-0.158361394861637,-0.158361394861637,0.12670549999999992,-0.2513801,sous la mediane regionale,below regional median,en amelioration,improving
VEN,Unemployment,5.321,2024-12-31,-1.5905307934159478,-1.5905307934159478,-0.569,6.448,sous la mediane regionale,below regional median,en amelioration,improving
VEN,Women in workforce,37.332,2024-12-31,3.2468609989490553,3.2468609989490553,-5.0120000000000005,52.394,sous la mediane regionale,below regional median,en degradation,worsening
VEN,Youth unemployment,10.158,2024-12-31,-1.1290636558302478,-1.1290636558302478,-1.609,15.674,sous la mediane regionale,below regional median,en amelioration,improving
VGB,CO2 per capita,2.74378657748727,2024-12-31,1.8728759269916697,1.8728759269916697,-0.08352486639237977,4.11421182432227,sous la mediane regionale,below regional median,en degradation,worsening
VGB,Dependency ratio,31.7775106837607,2024-12-31,-1.2318803869119073,-1.2318803869119073,-2.570957385637602,48.981079443401555,sous la mediane regionale,below regional median,en amelioration,improving
VGB,Electricity access,100.0,2024-12-31,0.0,0.0,0.0,99.8,proche de la mediane regionale,near regional median,stable,stable
VIR,CO2 per capita,0.234726041177654,2024-12-31,0.5173553560651429,0.5173553560651429,0.005043565481810008,4.11421182432227,sous la mediane regionale,below regional median,stable,stable
VIR,Control of corruption,-0.0718587,2024-12-31,3.907296812274848,3.907296812274848,-0.6262912,-0.2654917,au-dessus de la mediane regionale,above regional median,en degradation,worsening
VIR,Dependency ratio,64.4379677038204,2024-12-31,1.8002003795380368,1.8002003795380368,4.542298323958008,48.981079443401555,au-dessus de la mediane regionale,above regional median,en degradation,worsening
VIR,Electricity access,100.0,2024-12-31,0.0,0.0,0.0,99.8,proche de la mediane regionale,near regional median,stable,stable
VIR,GDP growth,-1.31123206333498,2022-12-31,-135.751704999602,-135.751704999602,-0.5759379456879221,3.3669492581395,sous la mediane regionale,below regional median,en degradation,worsening
VIR,GDP per capita,44320.909185774,2022-12-31,4.110376203636352,4.110376203636352,8955.8398817966,13969.7836603737,au-dessus de la mediane regionale,above regional median,en amelioration,improving
VIR,Political stability,0.9711697,2024-12-31,-0.7852633731835805,-0.7852633731835805,-0.006066299999999969,0.3600136,au-dessus de la mediane regionale,above regional median,stable,stable
VIR,Regulatory quality,1.1021324,2024-12-31,0.12213069183165161,0.12213069183165161,-0.010922800000000121,-0.0738011,au-dessus de la mediane regionale,above regional median,stable,stable
VIR,Rule of law,0.5793123,2024-12-31,-0.029233019783020973,-0.029233019783020973,-0.5203727,-0.2513801,au-dessus de la mediane regionale,above regional median,en degradation,worsening
VIR,Unemployment,11.423,2024-12-31,0.5722838527909799,0.5722838527909799,-0.3509999999999991,6.448,au-dessus de la mediane regionale,above regional median,en amelioration,improving
VIR,Women in workforce,52.833,2024-12-31,-0.313213456857684,-0.313213456857684,2.269999999999996,52.394,proche de la mediane regionale,near regional median,en amelioration,improving
VIR,Youth unemployment,23.049,2024-12-31,-2.2850602001017526,-2.2850602001017526,-3.4559999999999995,15.674,au-dessus de la mediane regionale,above regional median,en amelioration,improving
VNM,Agriculture value added,12.0289339019357,2024-12-31,1.3276297094892724,1.3276297094892724,0.24440534789700052,9.79503060602777,au-dessus de la mediane regionale,above regional median,en amelioration,improving
VNM,CO2 per capita,5.78543407757655,2024-12-31,6.936058460594409,6.936058460594409,0.7973599288473698,2.96182966114834,au-dessus de la mediane regionale,above regional median,en amelioration,improving
VNM,Commodity dependence,0.952923330798285,2023-12-31,-18.347255485288827,-18.347255485288827,-0.6609893724903151,1.446086854730515,sous la mediane regionale,below regional median,en amelioration,improving
VNM,Control of corruption,-0.2516989,2024-12-31,18.384459191726993,18.384459191726993,0.1104444,0.38264925,sous la mediane regionale,below regional median,en amelioration,improving
VNM,Current account,6.33496605552948,2024-12-31,6.5459691958861645,6.5459691958861645,2.4167221001870502,2.19482817825998,au-dessus de la mediane regionale,above regional median,en amelioration,improving
VNM,Debt service,7.72326875884348,2024-12-31,2.399179204095101,2.399179204095101,1.6294813103602799,9.284516256809514,sous la mediane regionale,below regional median,en degradation,worsening
VNM,Dependency ratio,47.6476510341859,2024-12-31,0.20238699958253242,0.20238699958253242,1.042219415192399,53.5253966955507,sous la mediane regionale,below regional median,en degradation,worsening
VNM,Domestic credit,124.961478822546,2022-12-31,0.5459963371619916,0.5459963371619916,20.989446565075,92.64512899225335,au-dessus de la mediane regionale,above regional median,en amelioration,improving
VNM,Electricity access,100.0,2024-12-31,0.20040080160320925,0.20040080160320925,0.5999999999999943,100.0,proche de la mediane regionale,near regional median,en amelioration,improving
VNM,External debt,28.849298110528,2024-12-31,-16.328097999589183,-16.328097999589183,-9.723921027462797,36.46641372051265,sous la mediane regionale,below regional median,en amelioration,improving
VNM,FDI net inflows,4.23450755062236,2024-12-31,-0.7053673381317889,-0.7053673381317889,-0.5865673104286397,2.35252841903892,au-dessus de la mediane regionale,above regional median,en degradation,worsening
VNM,Fiscal balance,-1.979,2026-12-31,-44.241982507288625,-44.241982507288625,-0.5470000000000002,-1.435,sous la mediane regionale,below regional median,en degradation,worsening
VNM,GDP growth,7.03955197123018,2024-12-31,41.394522705209575,41.394522705209575,-0.3197107298198798,3.6482536159531502,au-dessus de la mediane regionale,above regional median,en degradation,worsening
VNM,GDP per capita,4716.6599379632,2024-12-31,9.110573514151248,9.110573514151248,1275.7596842088597,7488.460293591284,sous la mediane regionale,below regional median,en amelioration,improving
VNM,Gen gov debt,29.79,2026-12-31,-1.799841772151897,-1.799841772151897,-9.447000000000003,43.4465,sous la mediane regionale,below regional median,en amelioration,improving
VNM,Gini,36.1,2022-12-31,-1.902173913043467,-1.902173913043467,0.8000000000000043,34.25,proche de la mediane regionale,near regional median,en degradation,worsening
VNM,Inflation,3.62109273885844,2024-12-31,11.319152883312128,11.319152883312128,0.8252690643360001,2.18151273615189,au-dessus de la mediane regionale,above regional median,en degradation,worsening
VNM,Interest rate,9.323,2023-12-31,16.343594009983413,16.343594009983413,1.9511250000000002,6.01747975323522,au-dessus de la mediane regionale,above regional median,en amelioration,improving
VNM,Political stability,0.0056736,2024-12-31,-93.74820250904943,-93.74820250904943,-0.0860008999999999,0.87674265,sous la mediane regionale,below regional median,en degradation,worsening
VNM,Regulatory quality,-0.2668063,2024-12-31,4.518207675867727,4.518207675867727,0.011237999999999915,-0.07101989999999994,sous la mediane regionale,below regional median,stable,stable
VNM,Reserves,2.37407817485002,2024-12-31,-21.325462786226097,-21.325462786226097,-0.99271535455085,5.704288535730781,sous la mediane regionale,below regional median,en degradation,worsening
VNM,Rule of law,-0.3139343,2024-12-31,7.720365938866916,7.720365938866916,-0.01859860000000002,0.6409370999999999,sous la mediane regionale,below regional median,stable,stable
VNM,Unemployment,1.602,2024-12-31,-2.6139817629179287,-2.6139817629179287,-0.07899999999999996,2.988,sous la mediane regionale,below regional median,en amelioration,improving
VNM,Women in workforce,68.905,2024-12-31,-0.4478797948421618,-0.4478797948421618,-2.6059999999999945,55.596,au-dessus de la mediane regionale,above regional median,en degradation,worsening
VNM,Youth unemployment,6.338,2024-12-31,-1.5991305697872966,-1.5991305697872966,0.7140000000000004,9.408,sous la mediane regionale,below regional median,en degradation,worsening
VUT,Agriculture value added,26.6274867298977,2024-12-31,4.248511037639159,4.248511037639159,3.7995970144766,9.79503060602777,au-dessus de la mediane regionale,above regional median,en amelioration,improving
VUT,CO2 per capita,1.92844525393789,2024-12-31,-0.7563097704807829,-0.7563097704807829,-0.08295944150878998,2.96182966114834,sous la mediane regionale,below regional median,en degradation,worsening
VUT,Commodity dependence,0.068762290574745,2011-12-31,-69.13968462805087,-69.13968462805087,0.066898448896215,1.446086854730515,sous la mediane regionale,below regional median,en degradation,worsening
VUT,Control of corruption,-0.1506043,2024-12-31,18.723147968757335,18.723147968757335,0.0345444,0.38264925,sous la mediane regionale,below regional median,stable,stable
VUT,Current account,-11.0631077358069,2022-12-31,-60.38379548539879,-60.38379548539879,-3.9704859044949306,2.19482817825998,sous la mediane regionale,below regional median,en degradation,worsening
VUT,Debt service,6.51419321696924,2024-12-31,19.265444335642915,19.265444335642915,-0.23880083452190082,9.284516256809514,sous la mediane regionale,below regional median,en amelioration,improving
VUT,Dependency ratio,74.2451305605171,2024-12-31,-0.9035223725264336,-0.9035223725264336,-1.2224062775397044,53.5253966955507,au-dessus de la mediane regionale,above regional median,en amelioration,improving
VUT,Domestic credit,48.5223122227179,2024-12-31,-3.523003833082561,-3.523003833082561,-3.6061163082441965,92.64512899225335,sous la mediane regionale,below regional median,en degradation,worsening
VUT,Electricity access,65.5,2024-12-31,6.331168831168829,6.331168831168829,1.0,100.0,sous la mediane regionale,below regional median,en amelioration,improving
VUT,External debt,39.1625526066862,2024-12-31,6.589239616799736,6.589239616799736,-0.514471654631599,36.46641372051265,proche de la mediane regionale,near regional median,en amelioration,improving
VUT,FDI net inflows,2.22365213685823,2024-12-31,185.0504090307206,185.0504090307206,-2.75492221527435,2.35252841903892,proche de la mediane regionale,near regional median,en degradation,worsening
VUT,Fiscal balance,-3.31,2026-12-31,-12.127371273712741,-12.127371273712741,-6.218,-1.435,sous la mediane regionale,below regional median,en degradation,worsening
VUT,GDP growth,3.76564827114278,2024-12-31,-35.40613055101128,-35.40613055101128,0.48887569733964,3.6482536159531502,proche de la mediane regionale,near regional median,en amelioration,improving
VUT,GDP per capita,3959.87703462363,2024-12-31,6.787345028128806,6.787345028128806,324.25358584178,7488.460293591284,sous la mediane regionale,below regional median,en amelioration,improving
VUT,Gen gov debt,43.238,2026-12-31,5.605353784529717,5.605353784529717,1.0700000000000003,43.4465,proche de la mediane regionale,near regional median,en degradation,worsening
VUT,Gini,32.3,2019-12-31,-13.63636363636364,-13.63636363636364,-5.100000000000001,34.25,proche de la mediane regionale,near regional median,en amelioration,improving
VUT,Gov debt,67.9251282486115,2023-12-31,-7.037599235219153,-7.037599235219153,,50.3420177209934,au-dessus de la mediane regionale,above regional median,en degradation,worsening
VUT,Inflation,1.14348948727412,2024-12-31,-89.77429633323938,-89.77429633323938,-1.6190307065869902,2.18151273615189,sous la mediane regionale,below regional median,en amelioration,improving
VUT,Interest rate,8.63833333333333,2024-12-31,-3.329292175697095,-3.329292175697095,-1.4074999999999704,6.01747975323522,au-dessus de la mediane regionale,above regional median,en degradation,worsening
VUT,Political stability,0.960216,2024-12-31,-0.48981161984383936,-0.48981161984383936,-0.06793850000000012,0.87674265,proche de la mediane regionale,near regional median,en degradation,worsening
VUT,Regulatory quality,-0.3247514999999999,2024-12-31,20.79517617412835,20.79517617412835,0.04241270000000008,-0.07101989999999994,sous la mediane regionale,below regional median,stable,stable
VUT,Reserves,12.5956510649933,2022-12-31,-11.230047447776101,-11.230047447776101,4.131293170579291,5.704288535730781,au-dessus de la mediane regionale,above regional median,en amelioration,improving
VUT,Rule of law,0.4215614,2024-12-31,0.4499215103561682,0.4499215103561682,0.04608370000000006,0.6409370999999999,sous la mediane regionale,below regional median,stable,stable
VUT,Tax revenue,16.5024007087237,2023-12-31,14.580379860877443,14.580379860877443,0.7286529802344024,16.67863628412195,proche de la mediane regionale,near regional median,en amelioration,improving
VUT,Unemployment,4.988,2024-12-31,-0.45899022151266583,-0.45899022151266583,-0.4559999999999995,2.988,au-dessus de la mediane regionale,above regional median,en amelioration,improving
VUT,Women in workforce,53.531,2024-12-31,-0.13618386687560705,-0.13618386687560705,-0.41900000000000404,55.596,proche de la mediane regionale,near regional median,en degradation,worsening
VUT,Youth unemployment,11.425,2024-12-31,-0.5570545739402912,-0.5570545739402912,-0.9109999999999996,9.408,au-dessus de la mediane regionale,above regional median,en amelioration,improving
WSM,Agriculture value added,9.79503060602777,2024-12-31,-0.5992901766358802,-0.5992901766358802,0.6904818545336813,9.79503060602777,proche de la mediane regionale,near regional median,en amelioration,improving
WSM,CO2 per capita,2.39245203399704,2024-12-31,2.0385502050985833,2.0385502050985833,-0.18453337929307034,2.96182966114834,sous la mediane regionale,below regional median,en degradation,worsening
WSM,Commodity dependence,33.2644249125196,2024-12-31,-20.144913027358367,-20.144913027358367,8.541436531297002,1.446086854730515,au-dessus de la mediane regionale,above regional median,en degradation,worsening
WSM,Control of corruption,0.6881136999999999,2024-12-31,-15.967710066162052,-15.967710066162052,0.06608799999999992,0.38264925,au-dessus de la mediane regionale,above regional median,en amelioration,improving
WSM,Current account,5.57726960445615,2024-12-31,45.07959853612514,45.07959853612514,1.8450330990781802,2.19482817825998,au-dessus de la mediane regionale,above regional median,en amelioration,improving
WSM,Debt service,9.03364082612879,2024-12-31,-12.733047131693345,-12.733047131693345,-1.4787230574670094,9.284516256809514,proche de la mediane regionale,near regional median,en amelioration,improving
WSM,Dependency ratio,79.6782541330828,2024-12-31,-0.35811021397822407,-0.35811021397822407,2.284104103909101,53.5253966955507,au-dessus de la mediane regionale,above regional median,en degradation,worsening
WSM,Domestic credit,69.9439291757097,2024-12-31,-5.670997738829773,-5.670997738829773,-13.311291257941107,92.64512899225335,sous la mediane regionale,below regional median,en degradation,worsening
WSM,Electricity access,100.0,2024-12-31,0.0,0.0,0.7999999999999972,100.0,proche de la mediane regionale,near regional median,en amelioration,improving
WSM,External debt,37.560249218259,2024-12-31,-19.70956326704443,-19.70956326704443,-12.016655483374699,36.46641372051265,proche de la mediane regionale,near regional median,en amelioration,improving
WSM,FDI net inflows,0.318181346491415,2024-12-31,38.76565529641907,38.76565529641907,0.556837838065159,2.35252841903892,sous la mediane regionale,below regional median,en amelioration,improving
WSM,Fiscal balance,0.559,2026-12-31,-88.0581072420423,-88.0581072420423,-1.154,-1.435,au-dessus de la mediane regionale,above regional median,en degradation,worsening
WSM,GDP growth,4.7483863916535,2024-12-31,-68.829532242403,-68.829532242403,0.2965274747665898,3.6482536159531502,au-dessus de la mediane regionale,above regional median,en amelioration,improving
WSM,GDP per capita,5392.87761915762,2024-12-31,11.821841372031672,11.821841372031672,1040.9352697205595,7488.460293591284,sous la mediane regionale,below regional median,en amelioration,improving
WSM,Gen gov debt,17.147,2026-12-31,-19.167491632489522,-19.167491632489522,-28.299,43.4465,sous la mediane regionale,below regional median,en amelioration,improving
WSM,Gini,38.7,2013-12-31,-7.85714285714285,-7.85714285714285,-3.299999999999997,34.25,au-dessus de la mediane regionale,above regional median,en amelioration,improving
WSM,Inflation,2.17245530514377,2024-12-31,-72.5757112535404,-72.5757112535404,1.190128735255653,2.18151273615189,proche de la mediane regionale,near regional median,en degradation,worsening
WSM,Interest rate,8.43059676778872,2024-12-31,1.331822495095488,1.331822495095488,-0.49856989887795145,6.01747975323522,au-dessus de la mediane regionale,above regional median,en degradation,worsening
WSM,Political stability,1.2384522999999998,2024-12-31,-0.40780093080677904,-0.40780093080677904,0.09160449999999987,0.87674265,au-dessus de la mediane regionale,above regional median,en amelioration,improving
WSM,Regulatory quality,-0.1017378999999999,2024-12-31,40.06363730623674,40.06363730623674,-0.1055171999999998,-0.07101989999999994,sous la mediane regionale,below regional median,en degradation,worsening
WSM,Reserves,9.8192343242678,2024-12-31,11.052509748091632,11.052509748091632,5.52533085896437,5.704288535730781,au-dessus de la mediane regionale,above regional median,en amelioration,improving
WSM,Rule of law,1.0529651,2024-12-31,-0.0067708960488077514,-0.0067708960488077514,-0.10623689999999986,0.6409370999999999,au-dessus de la mediane regionale,above regional median,en degradation,worsening
WSM,Tax revenue,23.9562772513196,2023-12-31,-0.2555496607339551,-0.2555496607339551,0.07476539356910195,16.67863628412195,au-dessus de la mediane regionale,above regional median,en amelioration,improving
WSM,Unemployment,4.855,2024-12-31,-1.3211382113821037,-1.3211382113821037,-3.0029999999999992,2.988,au-dessus de la mediane regionale,above regional median,en amelioration,improving
WSM,Women in workforce,31.145,2024-12-31,-0.04172283201746478,-0.04172283201746478,-6.3210000000000015,55.596,sous la mediane regionale,below regional median,en degradation,worsening
WSM,Youth unemployment,12.667,2024-12-31,-1.806201550387601,-1.806201550387601,-4.819000000000001,9.408,au-dessus de la mediane regionale,above regional median,en amelioration,improving
XKX,Agriculture value added,7.33520637426488,2024-12-31,1.5892473612622748,1.5892473612622748,0.09653645522096,2.6262814922641997,au-dessus de la mediane regionale,above regional median,en amelioration,improving
XKX,Control of corruption,-0.2547282999999999,2024-12-31,-72.0775566755904,-72.0775566755904,0.089758,0.5531621,sous la mediane regionale,below regional median,en amelioration,improving
XKX,Current account,-8.32346840516263,2024-12-31,-15.829491797520909,-15.829491797520909,-2.6617202502619204,-0.432631418354181,sous la mediane regionale,below regional median,en degradation,worsening
XKX,Debt service,7.17785302460144,2024-12-31,26.764386764806495,26.764386764806495,-2.84513945003086,13.953203049199,sous la mediane regionale,below regional median,en amelioration,improving
XKX,Dependency ratio,44.4772784115005,2024-12-31,-0.7152619336797902,-0.7152619336797902,-1.9087148112906007,55.30208239407135,sous la mediane regionale,below regional median,en amelioration,improving
XKX,Domestic credit,60.7128307120946,2024-12-31,10.295249784235258,10.295249784235258,14.040648358829998,51.23226305443685,au-dessus de la mediane regionale,above regional median,en amelioration,improving
XKX,External debt,38.6087239918158,2024-12-31,-2.739047038822356,-2.739047038822356,8.688088821858901,56.144278869823,sous la mediane regionale,below regional median,en degradation,worsening
XKX,FDI net inflows,7.67480496325567,2024-12-31,-11.594626871074572,-11.594626871074572,4.06581440703787,2.46510904267828,au-dessus de la mediane regionale,above regional median,en amelioration,improving
XKX,GDP growth,4.5730971681166,2024-12-31,12.426659375778753,12.426659375778753,-0.18370340196173984,2.59946721553708,au-dessus de la mediane regionale,above regional median,en degradation,worsening
XKX,GDP per capita,7026.6988128325,2024-12-31,12.963402204172624,12.963402204172624,2610.9995383702,29603.7772588256,sous la mediane regionale,below regional median,en amelioration,improving
XKX,Gini,38.3,2022-12-31,-22.46963562753037,-22.46963562753037,-5.900000000000006,30.65,au-dessus de la mediane regionale,above regional median,en amelioration,improving
XKX,Inflation,1.61944994559476,2024-12-31,-67.24628445589538,-67.24628445589538,-1.0565420808041701,2.83581658224034,sous la mediane regionale,below regional median,en amelioration,improving
XKX,Interest rate,6.65405833333333,2018-12-31,-2.614510613178833,-2.614510613178833,-5.16594166666667,6.65405833333333,proche de la mediane regionale,near regional median,en degradation,worsening
XKX,Political stability,-0.3218904999999999,2024-12-31,-128.4127929131047,-128.4127929131047,-0.21584440000000002,0.3087034999999999,sous la mediane regionale,below regional median,en degradation,worsening
XKX,Regulatory quality,-0.2229473,2024-12-31,42.831944137453206,42.831944137453206,0.1521606,0.6500427999999999,sous la mediane regionale,below regional median,en amelioration,improving
XKX,Reserves,1.87547512717992,2024-12-31,-3.8444563249167034,-3.8444563249167034,-0.6527485789268301,2.89106960627006,sous la mediane regionale,below regional median,en degradation,worsening
XKX,Rule of law,0.0521362,2024-12-31,219.1600138047364,219.1600138047364,0.404899,0.6192042999999999,sous la mediane regionale,below regional median,en amelioration,improving
YEM,Agriculture value added,28.7451403146812,2018-12-31,6.617223252715841,6.617223252715841,11.060155630948902,3.39457505861722,au-dessus de la mediane regionale,above regional median,en amelioration,improving
YEM,CO2 per capita,0.810749994751518,2024-12-31,-1.3279714684031743,-1.3279714684031743,-0.14920581220444307,4.671020451612931,sous la mediane regionale,below regional median,en degradation,worsening
YEM,Commodity dependence,0.145219187999619,2019-12-31,-24.034631161160554,-24.034631161160554,-69.49425622542128,10.0847170807725,sous la mediane regionale,below regional median,en amelioration,improving
YEM,Control of corruption,-1.6358785999999998,2024-12-31,-2.1092556488054726,-2.1092556488054726,0.10581930000000006,-0.5708422,sous la mediane regionale,below regional median,en amelioration,improving
YEM,Current account,-7.72391058547812,2016-12-31,-8.339321498383898,-8.339321498383898,-6.11247062929396,0.124893414067427,sous la mediane regionale,below regional median,en degradation,worsening
YEM,Debt service,14.5629550318343,2016-12-31,-23.12874295737238,-23.12874295737238,11.92800157547644,12.9254798325863,au-dessus de la mediane regionale,above regional median,en degradation,worsening
YEM,Dependency ratio,77.466898203994,2024-12-31,-0.33347246702346955,-0.33347246702346955,-0.9838868818799966,51.2977156907185,au-dessus de la mediane regionale,above regional median,en amelioration,improving
YEM,Domestic credit,5.63671954137487,2013-12-31,21.3397033776984,21.3397033776984,-2.0682024679517204,58.6252720787942,sous la mediane regionale,below regional median,en degradation,worsening
YEM,Electricity access,86.3,2024-12-31,3.229665071770339,3.229665071770339,13.5,100.0,sous la mediane regionale,below regional median,en amelioration,improving
YEM,External debt,33.5129923155829,2018-12-31,21.6290929557997,21.6290929557997,13.593402434938298,35.6282760521045,proche de la mediane regionale,near regional median,en degradation,worsening
YEM,FDI net inflows,-1.30563839823089,2018-12-31,-29.873058864993062,-29.873058864993062,-0.9751419881666679,1.47747574805229,sous la mediane regionale,below regional median,en degradation,worsening
YEM,Fiscal balance,-1.234,2026-12-31,-195.58481797056547,-195.58481797056547,0.482,-2.4939999999999998,au-dessus de la mediane regionale,above regional median,en amelioration,improving
YEM,GDP growth,0.752447592962554,2018-12-31,114.83592085220486,114.83592085220486,-4.071071491976566,2.3991692678251,sous la mediane regionale,below regional median,en degradation,worsening
YEM,GDP per capita,633.887202451545,2018-12-31,-21.854808315679865,-21.854808315679865,-744.862827097735,5190.16959024821,sous la mediane regionale,below regional median,en degradation,worsening
YEM,Gini,36.7,2014-12-31,5.763688760806916,5.763688760806916,2.0,33.7,proche de la mediane regionale,near regional median,en degradation,worsening
YEM,Inflation,8.10472583623915,2014-12-31,-26.10868776634321,-26.10868776634321,2.6969648554639294,2.6116961151764,au-dessus de la mediane regionale,above regional median,en degradation,worsening
YEM,Interest rate,22.0833333333333,2013-12-31,-9.863945578231428,-9.863945578231428,4.0833333333333,8.0,au-dessus de la mediane regionale,above regional median,en amelioration,improving
YEM,Political stability,-2.7505641,2024-12-31,-4.725996460530378,-4.725996460530378,-0.1333432000000001,-0.9248175,sous la mediane regionale,below regional median,en degradation,worsening
YEM,Regulatory quality,-1.5841279,2024-12-31,-2.8326083916837366,-2.8326083916837366,-0.02914850000000002,-0.4676244,sous la mediane regionale,below regional median,stable,stable
YEM,Reserves,1.21909636539694,2016-12-31,-41.79953413267325,-41.79953413267325,-2.92686035382588,5.978693032108115,sous la mediane regionale,below regional median,en degradation,worsening
YEM,Rule of law,-1.9015896,2024-12-31,0.2790377273061416,0.2790377273061416,-0.23546750000000016,-0.6967772,sous la mediane regionale,below regional median,en degradation,worsening
YEM,Unemployment,16.97,2024-12-31,0.15344664778092423,0.15344664778092423,-0.2430000000000021,9.103,au-dessus de la mediane regionale,above regional median,en amelioration,improving
YEM,Women in workforce,4.705,2024-12-31,-0.989057239057233,-0.989057239057233,-0.2320000000000002,22.234,sous la mediane regionale,below regional median,en degradation,worsening
YEM,Youth unemployment,32.172,2024-12-31,0.21181161226014777,0.21181161226014777,-0.17500000000000426,21.307,au-dessus de la mediane regionale,above regional median,en amelioration,improving
ZAF,Agriculture value added,2.81119526983539,2024-12-31,10.887791527049037,10.887791527049037,0.8608741245655902,20.7932870939229,sous la mediane regionale,below regional median,en amelioration,improving
ZAF,CO2 per capita,8.90227530230316,2024-12-31,1.3122345049825466,1.3122345049825466,-1.2457925473948404,1.52210243022339,au-dessus de la mediane regionale,above regional median,en degradation,worsening
ZAF,Commodity dependence,9.60851603889865,2024-12-31,-10.43458047606688,-10.43458047606688,-0.4423592231993503,1.604781106301575,au-dessus de la mediane regionale,above regional median,en amelioration,improving
ZAF,Control of corruption,-0.1917927999999999,2024-12-31,8.492177886815218,8.492177886815218,-0.2267730999999999,-0.7934948,au-dessus de la mediane regionale,above regional median,en degradation,worsening
ZAF,Current account,-0.64279979707505,2024-12-31,41.752330771601756,41.752330771601756,1.97719087775535,-4.05918464223764,au-dessus de la mediane regionale,above regional median,en amelioration,improving
ZAF,Debt service,16.300535727928,2024-12-31,-1.2120266096913608,-1.2120266096913608,-2.4325466196200978,11.8141665228846,au-dessus de la mediane regionale,above regional median,en amelioration,improving
ZAF,Dependency ratio,48.3114173367099,2024-12-31,-0.11684834887277167,-0.11684834887277167,-1.7829220292916972,76.3947216046137,sous la mediane regionale,below regional median,en amelioration,improving
ZAF,Domestic credit,89.4476360173443,2024-12-31,-0.29445799801221656,-0.29445799801221656,-27.73792084414471,15.8986695709198,au-dessus de la mediane regionale,above regional median,en degradation,worsening
ZAF,Electricity access,90.2,2024-12-31,2.850627137970353,2.850627137970353,5.200000000000003,57.8,au-dessus de la mediane regionale,above regional median,en amelioration,improving
ZAF,External debt,44.8309798829996,2024-12-31,1.517028943815179,1.517028943815179,-5.417152932557997,43.99766261125275,proche de la mediane regionale,near regional median,en amelioration,improving
ZAF,FDI net inflows,0.580891709673066,2024-12-31,-42.641450288018405,-42.641450288018405,-0.7331858132599939,2.351663747275275,sous la mediane regionale,below regional median,en degradation,worsening
ZAF,Fiscal balance,-4.868,2026-12-31,15.807679003804905,15.807679003804905,0.6719999999999997,-2.4305,sous la mediane regionale,below regional median,en amelioration,improving
ZAF,GDP growth,0.534843531905139,2024-12-31,-33.65084823432797,-33.65084823432797,0.274907955028809,4.366019176358015,sous la mediane regionale,below regional median,en amelioration,improving
ZAF,GDP per capita,6267.186814093,2024-12-31,3.8598644705778575,3.8598644705778575,-266.52439623555983,1189.858061476885,au-dessus de la mediane regionale,above regional median,en degradation,worsening
ZAF,Gen gov debt,78.919,2026-12-31,0.35222908878207704,0.35222908878207704,10.099999999999994,53.801,au-dessus de la mediane regionale,above regional median,en degradation,worsening
ZAF,Gini,54.1,2022-12-31,-9.228187919463087,-9.228187919463087,-5.5,38.5,au-dessus de la mediane regionale,above regional median,en amelioration,improving
ZAF,Gov debt,82.7627080034486,2024-12-31,4.216691524646655,4.216691524646655,18.17342986833819,45.07729323099015,au-dessus de la mediane regionale,above regional median,en degradation,worsening
ZAF,Inflation,4.36115246518962,2024-12-31,-28.214363474363964,-28.214363474363964,0.25830171057805984,4.214928221107796,proche de la mediane regionale,near regional median,en degradation,worsening
ZAF,Interest rate,11.625,2024-12-31,1.0869565217391304,1.0869565217391304,1.5,11.7409744802492,proche de la mediane regionale,near regional median,en amelioration,improving
ZAF,Political stability,-0.6171348,2024-12-31,3.529034388060602,3.529034388060602,-0.2788783000000001,-0.5953656,au-dessus de la mediane regionale,above regional median,en degradation,worsening
ZAF,Regulatory quality,-0.0601163,2024-12-31,3.178772749234984,3.178772749234984,-0.17891629999999992,-0.7386300499999999,au-dessus de la mediane regionale,above regional median,en degradation,worsening
ZAF,Reserves,5.67102712164407,2024-12-31,6.383290753599797,6.383290753599797,0.26412630652233027,3.5612582316005197,au-dessus de la mediane regionale,above regional median,en amelioration,improving
ZAF,Rule of law,0.017703,2024-12-31,-55.210626185958255,-55.210626185958255,0.0926192,-0.8753552499999999,au-dessus de la mediane regionale,above regional median,en amelioration,improving
ZAF,Tax revenue,25.8775949092475,2024-12-31,1.881639898070791,1.881639898070791,1.010249582449898,12.7396805065136,au-dessus de la mediane regionale,above regional median,en amelioration,improving
ZAF,Unemployment,32.279,2024-12-31,0.5638980621845738,0.5638980621845738,3.8110000000000035,5.487,au-dessus de la mediane regionale,above regional median,en degradation,worsening
ZAF,Women in workforce,49.801,2024-12-31,1.5269509907852938,1.5269509907852938,1.2220000000000013,57.104,sous la mediane regionale,below regional median,en amelioration,improving
ZAF,Youth unemployment,60.248,2024-12-31,-0.018254534592347674,-0.018254534592347674,2.9309999999999974,8.814,au-dessus de la mediane regionale,above regional median,en degradation,worsening
ZMB,Agriculture value added,2.83370764465019,2024-12-31,27.06523457630283,27.06523457630283,-0.027067292157769707,20.7932870939229,sous la mediane regionale,below regional median,stable,stable
ZMB,CO2 per capita,1.80713485873487,2024-12-31,-0.10935782913310804,-0.10935782913310804,0.05756795367535994,1.52210243022339,au-dessus de la mediane regionale,above regional median,en amelioration,improving
ZMB,Commodity dependence,2.72110717813148,2024-12-31,-33.5963276310905,-33.5963276310905,1.3532715891727303,1.604781106301575,au-dessus de la mediane regionale,above regional median,en degradation,worsening
ZMB,Control of corruption,-0.4568294,2024-12-31,-14.746659298703916,-14.746659298703916,0.18874169999999996,-0.7934948,au-dessus de la mediane regionale,above regional median,en amelioration,improving
ZMB,Current account,-4.41103708042779,2024-12-31,-45.21884157113622,-45.21884157113622,-5.0147278892304765,-4.05918464223764,au-dessus de la mediane regionale,above regional median,en degradation,worsening
ZMB,Debt service,30.4672923466845,2024-12-31,270.48330004144475,270.48330004144475,-2.334439968075902,11.8141665228846,au-dessus de la mediane regionale,above regional median,en amelioration,improving
ZMB,Dependency ratio,76.6912407389232,2024-12-31,-1.8125795266040607,-1.8125795266040607,-6.942472974282197,76.3947216046137,proche de la mediane regionale,near regional median,en amelioration,improving
ZMB,Domestic credit,17.0073799722572,2024-12-31,8.838134243461795,8.838134243461795,1.3811900643094006,15.8986695709198,proche de la mediane regionale,near regional median,en amelioration,improving
ZMB,Electricity access,53.6,2024-12-31,4.892367906066536,4.892367906066536,10.600000000000001,57.8,proche de la mediane regionale,near regional median,en amelioration,improving
ZMB,External debt,114.201909487961,2024-12-31,3.186034569675935,3.186034569675935,-14.144697934231985,43.99766261125275,au-dessus de la mediane regionale,above regional median,en amelioration,improving
ZMB,FDI net inflows,9.32437789659637,2024-12-31,301.10831457667393,301.10831457667393,6.9734588532790704,2.351663747275275,au-dessus de la mediane regionale,above regional median,en amelioration,improving
ZMB,Fiscal balance,1.442,2026-12-31,-52.86041189931351,-52.86041189931351,3.4930000000000003,-2.4305,au-dessus de la mediane regionale,above regional median,en amelioration,improving
ZMB,GDP growth,3.82004825518591,2024-12-31,-28.83589936735075,-28.83589936735075,2.37874222914806,4.366019176358015,sous la mediane regionale,below regional median,en amelioration,improving
ZMB,GDP per capita,1187.10943350064,2024-12-31,-10.792467974595455,-10.792467974595455,-71.87676494397988,1189.858061476885,proche de la mediane regionale,near regional median,en degradation,worsening
ZMB,Gen gov debt,86.004,2025-12-31,-31.308355231104684,-31.308355231104684,-53.997,53.801,au-dessus de la mediane regionale,above regional median,en amelioration,improving
ZMB,Gini,51.5,2022-12-31,-7.706093189964153,-7.706093189964153,-4.299999999999997,38.5,au-dessus de la mediane regionale,above regional median,en amelioration,improving
ZMB,Gov debt,71.4111761686383,2021-12-31,-31.032449227481827,-31.032449227481827,24.97828258749921,45.07729323099015,au-dessus de la mediane regionale,above regional median,en degradation,worsening
ZMB,Inflation,14.9856262747939,2024-12-31,37.67819048013508,37.67819048013508,5.835309831630939,4.214928221107796,au-dessus de la mediane regionale,above regional median,en degradation,worsening
ZMB,Interest rate,9.47916666666667,2020-12-31,-7.89473684210553,-7.89473684210553,-3.7708333333333304,11.7409744802492,sous la mediane regionale,below regional median,en degradation,worsening
ZMB,Political stability,-0.1007849,2024-12-31,-804.1923849852948,-804.1923849852948,0.26828029999999997,-0.5953656,au-dessus de la mediane regionale,above regional median,en amelioration,improving
ZMB,Regulatory quality,-0.4206611999999999,2024-12-31,9.630861619348645,9.630861619348645,0.08812250000000005,-0.7386300499999999,au-dessus de la mediane regionale,above regional median,en amelioration,improving
ZMB,Reserves,3.29291146061725,2024-12-31,9.035530750295885,9.035530750295885,1.2441250839216598,3.5612582316005197,proche de la mediane regionale,near regional median,en amelioration,improving
ZMB,Rule of law,-0.5611771,2024-12-31,7.8499541611992045,7.8499541611992045,0.02997799999999995,-0.8753552499999999,au-dessus de la mediane regionale,above regional median,stable,stable
ZMB,Tax revenue,18.8304899930412,2024-12-31,9.012652551596124,9.012652551596124,2.152867330237701,12.7396805065136,au-dessus de la mediane regionale,above regional median,en amelioration,improving
ZMB,Unemployment,5.898,2024-12-31,0.6312915884661308,0.6312915884661308,0.35999999999999943,5.487,proche de la mediane regionale,near regional median,en degradation,worsening
ZMB,Women in workforce,56.366,2024-12-31,0.008871382693711181,0.008871382693711181,4.194000000000003,57.104,proche de la mediane regionale,near regional median,en amelioration,improving
ZMB,Youth unemployment,10.102,2024-12-31,0.6375772066148641,0.6375772066148641,-0.24600000000000044,8.814,au-dessus de la mediane regionale,above regional median,en amelioration,improving
ZWE,Agriculture value added,8.69209937295811,2024-12-31,-24.38279140348661,-24.38279140348661,-14.01355310758949,20.7932870939229,sous la mediane regionale,below regional median,en degradation,worsening
ZWE,CO2 per capita,1.85064384452603,2024-12-31,0.38520049392729055,0.38520049392729055,0.11736755912710994,1.52210243022339,au-dessus de la mediane regionale,above regional median,en amelioration,improving
ZWE,Commodity dependence,2.9112150677223,2024-12-31,2.6339680301493336,2.6339680301493336,1.7851181995149201,1.604781106301575,au-dessus de la mediane regionale,above regional median,en degradation,worsening
ZWE,Control of corruption,-1.2516542,2024-12-31,-5.052067176696032,-5.052067176696032,0.03172600000000014,-0.7934948,sous la mediane regionale,below regional median,stable,stable
ZWE,Current account,1.2070735013076,2024-12-31,223.42915613382394,223.42915613382394,-1.5520462076779602,-4.05918464223764,au-dessus de la mediane regionale,above regional median,en degradation,worsening
ZWE,Debt service,19.5160722356096,2023-12-31,220.7641061059672,220.7641061059672,7.8328407477096995,11.8141665228846,au-dessus de la mediane regionale,above regional median,en degradation,worsening
ZWE,Dependency ratio,80.1004117942445,2024-12-31,-1.8682185489165652,-1.8682185489165652,-5.347494034345601,76.3947216046137,proche de la mediane regionale,near regional median,en amelioration,improving
ZWE,Domestic credit,6.47769726494533,2023-12-31,11.179850187062062,11.179850187062062,0.6474298352745,15.8986695709198,sous la mediane regionale,below regional median,en amelioration,improving
ZWE,Electricity access,62.0,2024-12-31,0.0,0.0,15.299999999999997,57.8,proche de la mediane regionale,near regional median,en amelioration,improving
ZWE,External debt,32.9765971565783,2024-12-31,-21.129103864857885,-21.129103864857885,-16.670730779163698,43.99766261125275,sous la mediane regionale,below regional median,en amelioration,improving
ZWE,FDI net inflows,1.12093172517355,2024-12-31,-33.449050140184674,-33.449050140184674,0.372524543729425,2.351663747275275,sous la mediane regionale,below regional median,en amelioration,improving
ZWE,Fiscal balance,-0.753,2026-12-31,-207.87965616045847,-207.87965616045847,1.0750000000000002,-2.4305,au-dessus de la mediane regionale,above regional median,en amelioration,improving
ZWE,GDP growth,1.67649454921512,2024-12-31,-68.66874119507162,-68.66874119507162,8.00894430950083,4.366019176358015,sous la mediane regionale,below regional median,en amelioration,improving
ZWE,GDP per capita,2496.15514995576,2024-12-31,13.708395590356062,13.708395590356062,311.63359606774975,1189.858061476885,au-dessus de la mediane regionale,above regional median,en amelioration,improving
ZWE,Gen gov debt,42.333,2026-12-31,-3.2720210213641083,-3.2720210213641083,2.442,53.801,sous la mediane regionale,below regional median,en degradation,worsening
ZWE,Gini,50.3,2019-12-31,13.544018058690746,13.544018058690746,7.099999999999994,38.5,au-dessus de la mediane regionale,above regional median,en degradation,worsening
ZWE,Inflation,104.705170628667,2022-12-31,6.249932994156149,6.249932994156149,103.81120831261698,4.214928221107796,au-dessus de la mediane regionale,above regional median,en degradation,worsening
ZWE,Interest rate,68.8858333333334,2024-12-31,-59.54883862500392,-59.54883862500392,52.704166666666694,11.7409744802492,au-dessus de la mediane regionale,above regional median,en amelioration,improving
ZWE,Political stability,-1.0172382,2024-12-31,-1.9058238013091315,-1.9058238013091315,-0.032656200000000024,-0.5953656,sous la mediane regionale,below regional median,stable,stable
ZWE,Regulatory quality,-1.1780738,2024-12-31,4.043780011421172,4.043780011421172,0.12199749999999998,-0.7386300499999999,sous la mediane regionale,below regional median,en amelioration,improving
ZWE,Reserves,0.519375437391082,2024-12-31,302.1781105245677,302.1781105245677,0.20388034501852903,3.5612582316005197,sous la mediane regionale,below regional median,en amelioration,improving
ZWE,Rule of law,-1.2109412,2024-12-31,4.51129924323699,4.51129924323699,0.07064440000000016,-0.8753552499999999,sous la mediane regionale,below regional median,en amelioration,improving
ZWE,Tax revenue,7.21476804985273,2018-12-31,32.00553285225843,32.00553285225843,-10.62081325621417,12.7396805065136,sous la mediane regionale,below regional median,en degradation,worsening
ZWE,Unemployment,9.435,2024-12-31,0.9306803594351706,0.9306803594351706,2.0620000000000003,5.487,au-dessus de la mediane regionale,above regional median,en degradation,worsening
ZWE,Women in workforce,62.115,2024-12-31,-0.10132201100066789,-0.10132201100066789,1.3960000000000008,57.104,proche de la mediane regionale,near regional median,en amelioration,improving
ZWE,Youth unemployment,15.429,2024-12-31,0.6326637098878133,0.6326637098878133,3.7110000000000003,8.814,au-dessus de la mediane regionale,above regional median,en degradation,worsening
