iso3,indicator,side,rule_id,label_en,label_fr,value
ABW,Control of corruption,opportunity,corruption_ctrl_high,Good control of corruption above 0.5 (value: 0.87),"Maîtrise de la corruption solide au-dessus de 0,5 (valeur : 0.87)",0.8687982
ABW,Current account,opportunity,ca_surplus,Current account surplus above 3 % of GDP (value: 5.2),Excédent courant au-dessus de 3 % du PIB (valeur : 5.2),5.19136770255524
ABW,Fiscal balance,opportunity,fiscal_surplus,Fiscal surplus of 5.4% of GDP: comfortable policy space.,Excédent budgétaire de 5.4% du PIB : marge de manœuvre confortable.,5.363
ABW,GDP growth,opportunity,growth_strong,Strong GDP growth above 5 % (value: 6.8),Croissance du PIB soutenue au-dessus de 5 % (valeur : 6.8),6.81077669324554
ABW,Political stability,opportunity,pol_stability_high,Strong political stability above 0.5 (value: 1.33),"Stabilité politique solide au-dessus de 0,5 (valeur : 1.33)",1.3302095
ABW,Regulatory quality,opportunity,regulatory_quality_high,Strong regulatory quality at 0.98: sound policy framework.,Qualité réglementaire solide à 0.98 : cadre politique sain.,0.9808972
ABW,Rule of law,opportunity,rule_of_law_high,Strong rule of law at 1.22: solid legal enforcement.,État de droit solide à 1.22 : application du droit fiable.,1.22006
AFG,Control of corruption,risk,corruption_high,Control of corruption below -0.5,"Maîtrise de la corruption inférieure à -0,5",-1.3087183
AFG,Current account,risk,ca_deficit,Current account deficit beyond -5 % of GDP,Déficit courant au-delà de -5 % du PIB,-15.7183027911684
AFG,Debt service,opportunity,debt_service_low,Low debt service at 2.7% of exports: manageable external burden.,Service de la dette faible a 2.7% des exports : charge externe maitrisee.,2.67397501265809
AFG,External debt,opportunity,ext_debt_low,External debt below 30 % of GNI (value: 19.9),Dette externe sous 30 % du RNB (valeur : 19.9),19.8909368152618
AFG,Gen gov debt,opportunity,debt_low,Government debt below 40 % of GDP (value: 8.0),Dette publique sous 40 % du PIB (valeur : 8.0),7.976
AFG,Inflation,opportunity,inflation_low,Inflation contained below 3 % (value: -6.6),Inflation contenue sous 3 % (valeur : -6.6),-6.60118564073726
AFG,Political stability,risk,political_instability,Political stability below -1.0,"Stabilité politique inférieure à -1,0",-2.2052112
AFG,Regulatory quality,risk,regulatory_quality_low,Regulatory quality below -0.5,"Qualité réglementaire inférieure à -0,5",-1.538435
AFG,Reserves,opportunity,reserves_high,Comfortable reserves above 6 months of imports (value: 16.6),Réserves confortables au-dessus de 6 mois d'importations (valeur : 16.6),16.6316336551941
AFG,Rule of law,risk,rule_of_law_low,Rule of law below -0.5,"État de droit inférieur à -0,5",-1.9354887
AGO,Control of corruption,risk,corruption_high,Control of corruption below -0.5,"Maîtrise de la corruption inférieure à -0,5",-0.6225793
AGO,Current account,opportunity,ca_surplus,Current account surplus above 3 % of GDP (value: 6.1),Excédent courant au-dessus de 3 % du PIB (valeur : 6.1),6.12127885547185
AGO,Debt service,risk,debt_service_high,Debt service above 25 % of exports,Service de la dette au-dessus de 25 % des exports,28.9122414363047
AGO,External debt,risk,external_debt_high,External debt above 60% of GNI,Dette externe supérieure à 60 % du RNB,79.5726391511001
AGO,Gini,risk,gini_high,Gini index above 45 (high inequality),Indice de Gini supérieur à 45 (inégalités élevées),51.3
AGO,Inflation,risk,inflation_high,Inflation above 10 %,Inflation supérieure à 10 %,28.2404948915772
AGO,Regulatory quality,risk,regulatory_quality_low,Regulatory quality below -0.5,"Qualité réglementaire inférieure à -0,5",-0.7730199999999999
AGO,Rule of law,risk,rule_of_law_low,Rule of law below -0.5,"État de droit inférieur à -0,5",-1.1697408
AGO,Youth unemployment,risk,youth_unemp_high,Youth unemployment above 25 %,Chômage des jeunes supérieur à 25 %,26.74
ALB,Debt service,opportunity,debt_service_low,Low debt service at 8.0% of exports: manageable external burden.,Service de la dette faible a 8.0% des exports : charge externe maitrisee.,8.00915421288433
ALB,Gini,opportunity,gini_low,"Low inequality (Gini below 35, value: 29.4)","Inégalités contenues (Gini sous 35, valeur : 29.4)",29.4
ALB,Inflation,opportunity,inflation_low,Inflation contained below 3 % (value: 2.2),Inflation contenue sous 3 % (valeur : 2.2),2.21587375089992
ALB,Reserves,opportunity,reserves_high,Comfortable reserves above 6 months of imports (value: 6.0),Réserves confortables au-dessus de 6 mois d'importations (valeur : 6.0),6.04107418472308
ALB,Youth unemployment,risk,youth_unemp_high,Youth unemployment above 25 %,Chômage des jeunes supérieur à 25 %,25.582
AND,Current account,opportunity,ca_surplus,Current account surplus above 3 % of GDP (value: 16.0),Excédent courant au-dessus de 3 % du PIB (valeur : 16.0),16.045169836446
AND,Fiscal balance,opportunity,fiscal_surplus,Fiscal surplus of 2.7% of GDP: comfortable policy space.,Excédent budgétaire de 2.7% du PIB : marge de manœuvre confortable.,2.701
AND,Gen gov debt,opportunity,debt_low,Government debt below 40 % of GDP (value: 28.0),Dette publique sous 40 % du PIB (valeur : 28.0),28.046
ARE,Control of corruption,opportunity,corruption_ctrl_high,Good control of corruption above 0.5 (value: 1.17),"Maîtrise de la corruption solide au-dessus de 0,5 (valeur : 1.17)",1.1702182
ARE,Current account,opportunity,ca_surplus,Current account surplus above 3 % of GDP (value: 14.5),Excédent courant au-dessus de 3 % du PIB (valeur : 14.5),14.4792979326645
ARE,Fiscal balance,opportunity,fiscal_surplus,Fiscal surplus of 4.9% of GDP: comfortable policy space.,Excédent budgétaire de 4.9% du PIB : marge de manœuvre confortable.,4.892
ARE,Gen gov debt,opportunity,debt_low,Government debt below 40 % of GDP (value: 31.4),Dette publique sous 40 % du PIB (valeur : 31.4),31.36
ARE,Gini,opportunity,gini_low,"Low inequality (Gini below 35, value: 26.4)","Inégalités contenues (Gini sous 35, valeur : 26.4)",26.4
ARE,Inflation,opportunity,inflation_low,Inflation contained below 3 % (value: 1.7),Inflation contenue sous 3 % (valeur : 1.7),1.66336510224894
ARE,Political stability,opportunity,pol_stability_high,Strong political stability above 0.5 (value: 0.79),"Stabilité politique solide au-dessus de 0,5 (valeur : 0.79)",0.7886704
ARE,Regulatory quality,opportunity,regulatory_quality_high,Strong regulatory quality at 1.13: sound policy framework.,Qualité réglementaire solide à 1.13 : cadre politique sain.,1.1257177
ARE,Unemployment,opportunity,unemp_low,Low unemployment below 5 % (value: 2.2),Chômage faible sous 5 % (valeur : 2.2),2.16
ARE,Youth unemployment,opportunity,youth_unemp_low,Youth unemployment below 12 % (value: 6.4),Chômage des jeunes sous 12 % (valeur : 6.4),6.425
ARG,Debt service,risk,debt_service_high,Debt service above 25 % of exports,Service de la dette au-dessus de 25 % des exports,38.2533536654791
ARG,Fiscal balance,opportunity,fiscal_surplus,Fiscal surplus of 1.9% of GDP: comfortable policy space.,Excédent budgétaire de 1.9% du PIB : marge de manœuvre confortable.,1.885
ARG,Inflation,risk,inflation_high,Inflation above 10 %,Inflation supérieure à 10 %,219.883929014578
ARM,Debt service,opportunity,debt_service_low,Low debt service at 9.2% of exports: manageable external burden.,Service de la dette faible a 9.2% des exports : charge externe maitrisee.,9.17206815657839
ARM,External debt,risk,external_debt_high,External debt above 60% of GNI,Dette externe supérieure à 60 % du RNB,65.9870950657396
ARM,GDP growth,opportunity,growth_strong,Strong GDP growth above 5 % (value: 5.9),Croissance du PIB soutenue au-dessus de 5 % (valeur : 5.9),5.90000000046228
ARM,Gini,opportunity,gini_low,"Low inequality (Gini below 35, value: 27.4)","Inégalités contenues (Gini sous 35, valeur : 27.4)",27.4
ARM,Inflation,opportunity,inflation_low,Inflation contained below 3 % (value: 0.3),Inflation contenue sous 3 % (valeur : 0.3),0.269511978259125
ARM,Reserves,risk,reserves_low,Reserves below 3 months of imports,Réserves sous 3 mois d'importations,2.06051540228787
ARM,Youth unemployment,risk,youth_unemp_high,Youth unemployment above 25 %,Chômage des jeunes supérieur à 25 %,26.659
ASM,Control of corruption,opportunity,corruption_ctrl_high,Good control of corruption above 0.5 (value: 1.18),"Maîtrise de la corruption solide au-dessus de 0,5 (valeur : 1.18)",1.1762344
ASM,Political stability,opportunity,pol_stability_high,Strong political stability above 0.5 (value: 1.25),"Stabilité politique solide au-dessus de 0,5 (valeur : 1.25)",1.2530285
ASM,Rule of law,opportunity,rule_of_law_high,Strong rule of law at 1.09: solid legal enforcement.,État de droit solide à 1.09 : application du droit fiable.,1.0865813
ATG,Current account,risk,ca_deficit,Current account deficit beyond -5 % of GDP,Déficit courant au-delà de -5 % du PIB,-7.45715824054234
ATG,Political stability,opportunity,pol_stability_high,Strong political stability above 0.5 (value: 1.07),"Stabilité politique solide au-dessus de 0,5 (valeur : 1.07)",1.0731489
ATG,Regulatory quality,opportunity,regulatory_quality_high,Strong regulatory quality at 0.63: sound policy framework.,Qualité réglementaire solide à 0.63 : cadre politique sain.,0.6346031999999999
ATG,Rule of law,opportunity,rule_of_law_high,Strong rule of law at 0.60: solid legal enforcement.,État de droit solide à 0.60 : application du droit fiable.,0.6017732
AUS,Control of corruption,opportunity,corruption_ctrl_high,Good control of corruption above 0.5 (value: 1.85),"Maîtrise de la corruption solide au-dessus de 0,5 (valeur : 1.85)",1.8520196
AUS,Gini,opportunity,gini_low,"Low inequality (Gini below 35, value: 33.8)","Inégalités contenues (Gini sous 35, valeur : 33.8)",33.8
AUS,Political stability,opportunity,pol_stability_high,Strong political stability above 0.5 (value: 0.79),"Stabilité politique solide au-dessus de 0,5 (valeur : 0.79)",0.7932693
AUS,Regulatory quality,opportunity,regulatory_quality_high,Strong regulatory quality at 1.72: sound policy framework.,Qualité réglementaire solide à 1.72 : cadre politique sain.,1.7223205
AUS,Reserves,risk,reserves_low,Reserves below 3 months of imports,Réserves sous 3 mois d'importations,1.35214316804638
AUS,Rule of law,opportunity,rule_of_law_high,Strong rule of law at 1.47: solid legal enforcement.,État de droit solide à 1.47 : application du droit fiable.,1.4704014
AUS,Unemployment,opportunity,unemp_low,Low unemployment below 5 % (value: 3.9),Chômage faible sous 5 % (valeur : 3.9),3.942
AUS,Youth unemployment,opportunity,youth_unemp_low,Youth unemployment below 12 % (value: 9.4),Chômage des jeunes sous 12 % (valeur : 9.4),9.408
AUT,Control of corruption,opportunity,corruption_ctrl_high,Good control of corruption above 0.5 (value: 1.29),"Maîtrise de la corruption solide au-dessus de 0,5 (valeur : 1.29)",1.2944468999999998
AUT,GDP growth,risk,recession,Negative GDP growth,Croissance du PIB négative,-0.659089573171372
AUT,Gini,opportunity,gini_low,"Low inequality (Gini below 35, value: 31.2)","Inégalités contenues (Gini sous 35, valeur : 31.2)",31.2
AUT,Inflation,opportunity,inflation_low,Inflation contained below 3 % (value: 2.9),Inflation contenue sous 3 % (valeur : 2.9),2.93791574279376
AUT,Regulatory quality,opportunity,regulatory_quality_high,Strong regulatory quality at 1.35: sound policy framework.,Qualité réglementaire solide à 1.35 : cadre politique sain.,1.3510615
AUT,Reserves,risk,reserves_low,Reserves below 3 months of imports,Réserves sous 3 mois d'importations,1.25562529994616
AUT,Rule of law,opportunity,rule_of_law_high,Strong rule of law at 1.68: solid legal enforcement.,État de droit solide à 1.68 : application du droit fiable.,1.6777399
AUT,Youth unemployment,opportunity,youth_unemp_low,Youth unemployment below 12 % (value: 10.4),Chômage des jeunes sous 12 % (valeur : 10.4),10.428
AZE,Control of corruption,risk,corruption_high,Control of corruption below -0.5,"Maîtrise de la corruption inférieure à -0,5",-0.7750777999999999
AZE,Current account,opportunity,ca_surplus,Current account surplus above 3 % of GDP (value: 6.3),Excédent courant au-dessus de 3 % du PIB (valeur : 6.3),6.27617767984307
AZE,External debt,opportunity,ext_debt_low,External debt below 30 % of GNI (value: 17.0),Dette externe sous 30 % du RNB (valeur : 17.0),17.0427856612147
AZE,Fiscal balance,opportunity,fiscal_surplus,Fiscal surplus of 1.8% of GDP: comfortable policy space.,Excédent budgétaire de 1.8% du PIB : marge de manœuvre confortable.,1.777
AZE,Gen gov debt,opportunity,debt_low,Government debt below 40 % of GDP (value: 20.0),Dette publique sous 40 % du PIB (valeur : 20.0),20.043
AZE,Gini,opportunity,gini_low,"Low inequality (Gini below 35, value: 26.6)","Inégalités contenues (Gini sous 35, valeur : 26.6)",26.6
AZE,Inflation,opportunity,inflation_low,Inflation contained below 3 % (value: 2.2),Inflation contenue sous 3 % (valeur : 2.2),2.21217188919901
BDI,Control of corruption,risk,corruption_high,Control of corruption below -0.5,"Maîtrise de la corruption inférieure à -0,5",-1.4624885
BDI,Current account,risk,ca_deficit,Current account deficit beyond -5 % of GDP,Déficit courant au-delà de -5 % du PIB,-15.6376698795971
BDI,Gen gov debt,opportunity,debt_low,Government debt below 40 % of GDP (value: 37.0),Dette publique sous 40 % du PIB (valeur : 37.0),36.996
BDI,Inflation,risk,inflation_high,Inflation above 10 %,Inflation supérieure à 10 %,20.2124925027847
BDI,Political stability,risk,political_instability,Political stability below -1.0,"Stabilité politique inférieure à -1,0",-1.3763566
BDI,Regulatory quality,risk,regulatory_quality_low,Regulatory quality below -0.5,"Qualité réglementaire inférieure à -0,5",-0.8138576
BDI,Reserves,risk,reserves_low,Reserves below 3 months of imports,Réserves sous 3 mois d'importations,0.734240336787315
BDI,Rule of law,risk,rule_of_law_low,Rule of law below -0.5,"État de droit inférieur à -0,5",-1.3028277
BDI,Unemployment,opportunity,unemp_low,Low unemployment below 5 % (value: 0.9),Chômage faible sous 5 % (valeur : 0.9),0.915
BDI,Youth unemployment,opportunity,youth_unemp_low,Youth unemployment below 12 % (value: 1.7),Chômage des jeunes sous 12 % (valeur : 1.7),1.695
BEL,Control of corruption,opportunity,corruption_ctrl_high,Good control of corruption above 0.5 (value: 1.47),"Maîtrise de la corruption solide au-dessus de 0,5 (valeur : 1.47)",1.4687812
BEL,Gen gov debt,risk,debt_high,Government debt above 90 % of GDP,Dette publique au-dessus de 90 % du PIB,109.199
BEL,Gini,opportunity,gini_low,"Low inequality (Gini below 35, value: 26.8)","Inégalités contenues (Gini sous 35, valeur : 26.8)",26.8
BEL,Regulatory quality,opportunity,regulatory_quality_high,Strong regulatory quality at 1.24: sound policy framework.,Qualité réglementaire solide à 1.24 : cadre politique sain.,1.2435483
BEL,Reserves,risk,reserves_low,Reserves below 3 months of imports,Réserves sous 3 mois d'importations,0.791428506111311
BEL,Rule of law,opportunity,rule_of_law_high,Strong rule of law at 1.28: solid legal enforcement.,État de droit solide à 1.28 : application du droit fiable.,1.282799
BEN,Current account,risk,ca_deficit,Current account deficit beyond -5 % of GDP,Déficit courant au-delà de -5 % du PIB,-8.17628006592928
BEN,Debt service,risk,debt_service_high,Debt service above 25 % of exports,Service de la dette au-dessus de 25 % des exports,26.8148132358465
BEN,External debt,risk,external_debt_high,External debt above 60% of GNI,Dette externe supérieure à 60 % du RNB,66.5543408193995
BEN,GDP growth,opportunity,growth_strong,Strong GDP growth above 5 % (value: 7.5),Croissance du PIB soutenue au-dessus de 5 % (valeur : 7.5),7.45311566226201
BEN,Gini,opportunity,gini_low,"Low inequality (Gini below 35, value: 34.4)","Inégalités contenues (Gini sous 35, valeur : 34.4)",34.4
BEN,Inflation,opportunity,inflation_low,Inflation contained below 3 % (value: 1.2),Inflation contenue sous 3 % (valeur : 1.2),1.16093089640415
BEN,Unemployment,opportunity,unemp_low,Low unemployment below 5 % (value: 1.6),Chômage faible sous 5 % (valeur : 1.6),1.637
BEN,Youth unemployment,opportunity,youth_unemp_low,Youth unemployment below 12 % (value: 3.1),Chômage des jeunes sous 12 % (valeur : 3.1),3.089
BFA,Political stability,risk,political_instability,Political stability below -1.0,"Stabilité politique inférieure à -1,0",-1.9063314
BFA,Regulatory quality,risk,regulatory_quality_low,Regulatory quality below -0.5,"Qualité réglementaire inférieure à -0,5",-0.5255615
BFA,Rule of law,risk,rule_of_law_low,Rule of law below -0.5,"État de droit inférieur à -0,5",-0.8838585999999999
BFA,Unemployment,opportunity,unemp_low,Low unemployment below 5 % (value: 3.4),Chômage faible sous 5 % (valeur : 3.4),3.441
BFA,Youth unemployment,opportunity,youth_unemp_low,Youth unemployment below 12 % (value: 6.5),Chômage des jeunes sous 12 % (valeur : 6.5),6.525
BGD,Control of corruption,risk,corruption_high,Control of corruption below -0.5,"Maîtrise de la corruption inférieure à -0,5",-1.1021569
BGD,External debt,opportunity,ext_debt_low,External debt below 30 % of GNI (value: 22.3),Dette externe sous 30 % du RNB (valeur : 22.3),22.2547977203389
BGD,Gini,opportunity,gini_low,"Low inequality (Gini below 35, value: 30.9)","Inégalités contenues (Gini sous 35, valeur : 30.9)",30.9
BGD,Inflation,risk,inflation_high,Inflation above 10 %,Inflation supérieure à 10 %,10.4657482763412
BGD,Political stability,risk,political_instability,Political stability below -1.0,"Stabilité politique inférieure à -1,0",-1.4629508999999998
BGD,Regulatory quality,risk,regulatory_quality_low,Regulatory quality below -0.5,"Qualité réglementaire inférieure à -0,5",-0.9500708
BGD,Rule of law,risk,rule_of_law_low,Rule of law below -0.5,"État de droit inférieur à -0,5",-0.9600594
BGD,Unemployment,opportunity,unemp_low,Low unemployment below 5 % (value: 3.6),Chômage faible sous 5 % (valeur : 3.6),3.635
BGD,Youth unemployment,opportunity,youth_unemp_low,Youth unemployment below 12 % (value: 9.1),Chômage des jeunes sous 12 % (valeur : 9.1),9.097
BGR,Gen gov debt,opportunity,debt_low,Government debt below 40 % of GDP (value: 28.2),Dette publique sous 40 % du PIB (valeur : 28.2),28.213
BGR,Inflation,opportunity,inflation_low,Inflation contained below 3 % (value: 2.4),Inflation contenue sous 3 % (valeur : 2.4),2.44651943006079
BGR,Reserves,opportunity,reserves_high,Comfortable reserves above 6 months of imports (value: 7.5),Réserves confortables au-dessus de 6 mois d'importations (valeur : 7.5),7.54545741320184
BGR,Unemployment,opportunity,unemp_low,Low unemployment below 5 % (value: 4.2),Chômage faible sous 5 % (valeur : 4.2),4.2
BHR,Current account,opportunity,ca_surplus,Current account surplus above 3 % of GDP (value: 4.8),Excédent courant au-dessus de 3 % du PIB (valeur : 4.8),4.83346638041053
BHR,Fiscal balance,risk,fiscal_deficit,Fiscal deficit beyond -5 % of GDP,Déficit budgétaire au-delà de -5 % du PIB,-10.627
BHR,Gen gov debt,risk,debt_high,Government debt above 90 % of GDP,Dette publique au-dessus de 90 % du PIB,152.36
BHR,Inflation,opportunity,inflation_low,Inflation contained below 3 % (value: 0.9),Inflation contenue sous 3 % (valeur : 0.9),0.919635459817651
BHR,Regulatory quality,opportunity,regulatory_quality_high,Strong regulatory quality at 0.95: sound policy framework.,Qualité réglementaire solide à 0.95 : cadre politique sain.,0.9502434
BHR,Reserves,risk,reserves_low,Reserves below 3 months of imports,Réserves sous 3 mois d'importations,1.41650733987614
BHR,Unemployment,opportunity,unemp_low,Low unemployment below 5 % (value: 1.1),Chômage faible sous 5 % (valeur : 1.1),1.084
BHR,Youth unemployment,opportunity,youth_unemp_low,Youth unemployment below 12 % (value: 5.5),Chômage des jeunes sous 12 % (valeur : 5.5),5.469
BHS,Control of corruption,opportunity,corruption_ctrl_high,Good control of corruption above 0.5 (value: 1.23),"Maîtrise de la corruption solide au-dessus de 0,5 (valeur : 1.23)",1.2320893
BHS,Current account,risk,ca_deficit,Current account deficit beyond -5 % of GDP,Déficit courant au-delà de -5 % du PIB,-6.64860795366672
BHS,Inflation,opportunity,inflation_low,Inflation contained below 3 % (value: 0.4),Inflation contenue sous 3 % (valeur : 0.4),0.409162489083286
BHS,Political stability,opportunity,pol_stability_high,Strong political stability above 0.5 (value: 1.05),"Stabilité politique solide au-dessus de 0,5 (valeur : 1.05)",1.0493095
BIH,Control of corruption,risk,corruption_high,Control of corruption below -0.5,"Maîtrise de la corruption inférieure à -0,5",-0.5128682
BIH,Gen gov debt,opportunity,debt_low,Government debt below 40 % of GDP (value: 30.8),Dette publique sous 40 % du PIB (valeur : 30.8),30.753
BIH,Gini,opportunity,gini_low,"Low inequality (Gini below 35, value: 30.3)","Inégalités contenues (Gini sous 35, valeur : 30.3)",30.3
BIH,Reserves,opportunity,reserves_high,Comfortable reserves above 6 months of imports (value: 6.5),Réserves confortables au-dessus de 6 mois d'importations (valeur : 6.5),6.48581729707099
BIH,Youth unemployment,risk,youth_unemp_high,Youth unemployment above 25 %,Chômage des jeunes supérieur à 25 %,27.334
BLR,Control of corruption,risk,corruption_high,Control of corruption below -0.5,"Maîtrise de la corruption inférieure à -0,5",-0.5781294
BLR,Gen gov debt,opportunity,debt_low,Government debt below 40 % of GDP (value: 33.1),Dette publique sous 40 % du PIB (valeur : 33.1),33.07
BLR,Gini,opportunity,gini_low,"Low inequality (Gini below 35, value: 24.4)","Inégalités contenues (Gini sous 35, valeur : 24.4)",24.4
BLR,Regulatory quality,risk,regulatory_quality_low,Regulatory quality below -0.5,"Qualité réglementaire inférieure à -0,5",-1.2322689999999998
BLR,Reserves,risk,reserves_low,Reserves below 3 months of imports,Réserves sous 3 mois d'importations,1.95220373518424
BLR,Rule of law,risk,rule_of_law_low,Rule of law below -0.5,"État de droit inférieur à -0,5",-1.2305997
BLR,Unemployment,opportunity,unemp_low,Low unemployment below 5 % (value: 3.5),Chômage faible sous 5 % (valeur : 3.5),3.458
BLR,Youth unemployment,opportunity,youth_unemp_low,Youth unemployment below 12 % (value: 10.5),Chômage des jeunes sous 12 % (valeur : 10.5),10.538
BLZ,Debt service,opportunity,debt_service_low,Low debt service at 7.7% of exports: manageable external burden.,Service de la dette faible a 7.7% des exports : charge externe maitrisee.,7.67121131772208
BLZ,Fiscal balance,opportunity,fiscal_surplus,Fiscal surplus of 1.1% of GDP: comfortable policy space.,Excédent budgétaire de 1.1% du PIB : marge de manœuvre confortable.,1.106
BLZ,Political stability,opportunity,pol_stability_high,Strong political stability above 0.5 (value: 0.78),"Stabilité politique solide au-dessus de 0,5 (valeur : 0.78)",0.7847219
BMU,Control of corruption,opportunity,corruption_ctrl_high,Good control of corruption above 0.5 (value: 1.18),"Maîtrise de la corruption solide au-dessus de 0,5 (valeur : 1.18)",1.1762344
BMU,Current account,opportunity,ca_surplus,Current account surplus above 3 % of GDP (value: 15.3),Excédent courant au-dessus de 3 % du PIB (valeur : 15.3),15.3480505045808
BMU,Political stability,opportunity,pol_stability_high,Strong political stability above 0.5 (value: 0.97),"Stabilité politique solide au-dessus de 0,5 (valeur : 0.97)",0.9711697
BMU,Regulatory quality,opportunity,regulatory_quality_high,Strong regulatory quality at 0.63: sound policy framework.,Qualité réglementaire solide à 0.63 : cadre politique sain.,0.6285431
BMU,Rule of law,opportunity,rule_of_law_high,Strong rule of law at 0.80: solid legal enforcement.,État de droit solide à 0.80 : application du droit fiable.,0.8001056
BOL,Control of corruption,risk,corruption_high,Control of corruption below -0.5,"Maîtrise de la corruption inférieure à -0,5",-0.9975827
BOL,Fiscal balance,risk,fiscal_deficit,Fiscal deficit beyond -5 % of GDP,Déficit budgétaire au-delà de -5 % du PIB,-5.977
BOL,GDP growth,risk,recession,Negative GDP growth,Croissance du PIB négative,-1.12335595517212
BOL,Gen gov debt,risk,debt_high,Government debt above 90 % of GDP,Dette publique au-dessus de 90 % du PIB,102.702
BOL,Regulatory quality,risk,regulatory_quality_low,Regulatory quality below -0.5,"Qualité réglementaire inférieure à -0,5",-1.2544304
BOL,Reserves,risk,reserves_low,Reserves below 3 months of imports,Réserves sous 3 mois d'importations,1.86110946081755
BOL,Rule of law,risk,rule_of_law_low,Rule of law below -0.5,"État de droit inférieur à -0,5",-1.267722
BOL,Unemployment,opportunity,unemp_low,Low unemployment below 5 % (value: 3.3),Chômage faible sous 5 % (valeur : 3.3),3.274
BOL,Youth unemployment,opportunity,youth_unemp_low,Youth unemployment below 12 % (value: 5.2),Chômage des jeunes sous 12 % (valeur : 5.2),5.17
BRA,Debt service,risk,debt_service_high,Debt service above 25 % of exports,Service de la dette au-dessus de 25 % des exports,26.7439339145718
BRA,External debt,opportunity,ext_debt_low,External debt below 30 % of GNI (value: 28.7),Dette externe sous 30 % du RNB (valeur : 28.7),28.6612661075538
BRA,Fiscal balance,risk,fiscal_deficit,Fiscal deficit beyond -5 % of GDP,Déficit budgétaire au-delà de -5 % du PIB,-7.706
BRA,Gen gov debt,risk,debt_high,Government debt above 90 % of GDP,Dette publique au-dessus de 90 % du PIB,96.54
BRA,Gini,risk,gini_high,Gini index above 45 (high inequality),Indice de Gini supérieur à 45 (inégalités élevées),50.3
BRA,Reserves,opportunity,reserves_high,Comfortable reserves above 6 months of imports (value: 8.0),Réserves confortables au-dessus de 6 mois d'importations (valeur : 8.0),7.95225602897552
BRB,Control of corruption,opportunity,corruption_ctrl_high,Good control of corruption above 0.5 (value: 1.23),"Maîtrise de la corruption solide au-dessus de 0,5 (valeur : 1.23)",1.2257724
BRB,Current account,risk,ca_deficit,Current account deficit beyond -5 % of GDP,Déficit courant au-delà de -5 % du PIB,-5.06886376225887
BRB,Fiscal balance,opportunity,fiscal_surplus,Fiscal surplus of 4.1% of GDP: comfortable policy space.,Excédent budgétaire de 4.1% du PIB : marge de manœuvre confortable.,4.123
BRB,Gini,opportunity,gini_low,"Low inequality (Gini below 35, value: 34.1)","Inégalités contenues (Gini sous 35, valeur : 34.1)",34.1
BRB,Inflation,opportunity,inflation_low,Inflation contained below 3 % (value: 1.4),Inflation contenue sous 3 % (valeur : 1.4),1.4464366430616
BRB,Political stability,opportunity,pol_stability_high,Strong political stability above 0.5 (value: 1.27),"Stabilité politique solide au-dessus de 0,5 (valeur : 1.27)",1.2722219
BRB,Reserves,risk,reserves_low,Reserves below 3 months of imports,Réserves sous 3 mois d'importations,1.25640510866189
BRB,Rule of law,opportunity,rule_of_law_high,Strong rule of law at 0.73: solid legal enforcement.,État de droit solide à 0.73 : application du droit fiable.,0.7277751
BRN,Control of corruption,opportunity,corruption_ctrl_high,Good control of corruption above 0.5 (value: 1.19),"Maîtrise de la corruption solide au-dessus de 0,5 (valeur : 1.19)",1.1861774
BRN,Current account,opportunity,ca_surplus,Current account surplus above 3 % of GDP (value: 14.5),Excédent courant au-dessus de 3 % du PIB (valeur : 14.5),14.5341402117213
BRN,Fiscal balance,risk,fiscal_deficit,Fiscal deficit beyond -5 % of GDP,Déficit budgétaire au-delà de -5 % du PIB,-10.699
BRN,Gen gov debt,opportunity,debt_low,Government debt below 40 % of GDP (value: 1.5),Dette publique sous 40 % du PIB (valeur : 1.5),1.482
BRN,Inflation,opportunity,inflation_low,Inflation contained below 3 % (value: -0.4),Inflation contenue sous 3 % (valeur : -0.4),-0.388674165036461
BRN,Political stability,opportunity,pol_stability_high,Strong political stability above 0.5 (value: 1.20),"Stabilité politique solide au-dessus de 0,5 (valeur : 1.20)",1.2027245
BRN,Regulatory quality,opportunity,regulatory_quality_high,Strong regulatory quality at 0.89: sound policy framework.,Qualité réglementaire solide à 0.89 : cadre politique sain.,0.8869612
BRN,Rule of law,opportunity,rule_of_law_high,Strong rule of law at 0.59: solid legal enforcement.,État de droit solide à 0.59 : application du droit fiable.,0.5876078
BTN,Control of corruption,opportunity,corruption_ctrl_high,Good control of corruption above 0.5 (value: 1.47),"Maîtrise de la corruption solide au-dessus de 0,5 (valeur : 1.47)",1.4722389
BTN,Current account,risk,ca_deficit,Current account deficit beyond -5 % of GDP,Déficit courant au-delà de -5 % du PIB,-19.4017852146799
BTN,External debt,risk,external_debt_high,External debt above 60% of GNI,Dette externe supérieure à 60 % du RNB,114.49950351728
BTN,GDP growth,opportunity,growth_strong,Strong GDP growth above 5 % (value: 7.5),Croissance du PIB soutenue au-dessus de 5 % (valeur : 7.5),7.49856206754038
BTN,Gen gov debt,risk,debt_high,Government debt above 90 % of GDP,Dette publique au-dessus de 90 % du PIB,120.282
BTN,Gini,opportunity,gini_low,"Low inequality (Gini below 35, value: 28.5)","Inégalités contenues (Gini sous 35, valeur : 28.5)",28.5
BTN,Inflation,opportunity,inflation_low,Inflation contained below 3 % (value: 2.8),Inflation contenue sous 3 % (valeur : 2.8),2.76131569624098
BTN,Political stability,opportunity,pol_stability_high,Strong political stability above 0.5 (value: 1.35),"Stabilité politique solide au-dessus de 0,5 (valeur : 1.35)",1.3541153
BTN,Reserves,opportunity,reserves_high,Comfortable reserves above 6 months of imports (value: 6.6),Réserves confortables au-dessus de 6 mois d'importations (valeur : 6.6),6.61474201389783
BTN,Rule of law,opportunity,rule_of_law_high,Strong rule of law at 0.79: solid legal enforcement.,État de droit solide à 0.79 : application du droit fiable.,0.7902665
BTN,Unemployment,opportunity,unemp_low,Low unemployment below 5 % (value: 3.3),Chômage faible sous 5 % (valeur : 3.3),3.282
BWA,Control of corruption,opportunity,corruption_ctrl_high,Good control of corruption above 0.5 (value: 0.63),"Maîtrise de la corruption solide au-dessus de 0,5 (valeur : 0.63)",0.6311414
BWA,Debt service,opportunity,debt_service_low,Low debt service at 4.7% of exports: manageable external burden.,Service de la dette faible a 4.7% des exports : charge externe maitrisee.,4.71797953358513
BWA,External debt,opportunity,ext_debt_low,External debt below 30 % of GNI (value: 11.9),Dette externe sous 30 % du RNB (valeur : 11.9),11.9275332021357
BWA,Fiscal balance,risk,fiscal_deficit,Fiscal deficit beyond -5 % of GDP,Déficit budgétaire au-delà de -5 % du PIB,-10.688
BWA,GDP growth,risk,recession,Negative GDP growth,Croissance du PIB négative,-2.77988981666252
BWA,Gini,risk,gini_high,Gini index above 45 (high inequality),Indice de Gini supérieur à 45 (inégalités élevées),54.9
BWA,Inflation,opportunity,inflation_low,Inflation contained below 3 % (value: 2.8),Inflation contenue sous 3 % (valeur : 2.8),2.81835131676251
BWA,Political stability,opportunity,pol_stability_high,Strong political stability above 0.5 (value: 1.03),"Stabilité politique solide au-dessus de 0,5 (valeur : 1.03)",1.0322942
BWA,Unemployment,risk,unemp_high,Unemployment above 15 %,Chômage supérieur à 15 %,23.81
BWA,Youth unemployment,risk,youth_unemp_high,Youth unemployment above 25 %,Chômage des jeunes supérieur à 25 %,45.296
CAF,Control of corruption,risk,corruption_high,Control of corruption below -0.5,"Maîtrise de la corruption inférieure à -0,5",-1.3099708
CAF,Inflation,opportunity,inflation_low,Inflation contained below 3 % (value: 1.5),Inflation contenue sous 3 % (valeur : 1.5),1.47733600718744
CAF,Political stability,risk,political_instability,Political stability below -1.0,"Stabilité politique inférieure à -1,0",-1.8329469
CAF,Regulatory quality,risk,regulatory_quality_low,Regulatory quality below -0.5,"Qualité réglementaire inférieure à -0,5",-1.268058
CAF,Rule of law,risk,rule_of_law_low,Rule of law below -0.5,"État de droit inférieur à -0,5",-1.7147975
CAF,Youth unemployment,opportunity,youth_unemp_low,Youth unemployment below 12 % (value: 10.0),Chômage des jeunes sous 12 % (valeur : 10.0),9.991
CAN,Control of corruption,opportunity,corruption_ctrl_high,Good control of corruption above 0.5 (value: 1.63),"Maîtrise de la corruption solide au-dessus de 0,5 (valeur : 1.63)",1.6319089
CAN,Gen gov debt,risk,debt_high,Government debt above 90 % of GDP,Dette publique au-dessus de 90 % du PIB,110.733
CAN,Gini,opportunity,gini_low,"Low inequality (Gini below 35, value: 31.5)","Inégalités contenues (Gini sous 35, valeur : 31.5)",31.5
CAN,Inflation,opportunity,inflation_low,Inflation contained below 3 % (value: 2.4),Inflation contenue sous 3 % (valeur : 2.4),2.38158383281173
CAN,Political stability,opportunity,pol_stability_high,Strong political stability above 0.5 (value: 0.60),"Stabilité politique solide au-dessus de 0,5 (valeur : 0.60)",0.5984769
CAN,Regulatory quality,opportunity,regulatory_quality_high,Strong regulatory quality at 1.36: sound policy framework.,Qualité réglementaire solide à 1.36 : cadre politique sain.,1.3622118
CAN,Reserves,risk,reserves_low,Reserves below 3 months of imports,Réserves sous 3 mois d'importations,1.5422071135267
CAN,Rule of law,opportunity,rule_of_law_high,Strong rule of law at 1.46: solid legal enforcement.,État de droit solide à 1.46 : application du droit fiable.,1.4608299
CHE,Control of corruption,opportunity,corruption_ctrl_high,Good control of corruption above 0.5 (value: 2.01),"Maîtrise de la corruption solide au-dessus de 0,5 (valeur : 2.01)",2.0072184
CHE,Current account,opportunity,ca_surplus,Current account surplus above 3 % of GDP (value: 8.9),Excédent courant au-dessus de 3 % du PIB (valeur : 8.9),8.88762829753527
CHE,Gen gov debt,opportunity,debt_low,Government debt below 40 % of GDP (value: 38.5),Dette publique sous 40 % du PIB (valeur : 38.5),38.501
CHE,Gini,opportunity,gini_low,"Low inequality (Gini below 35, value: 33.8)","Inégalités contenues (Gini sous 35, valeur : 33.8)",33.8
CHE,Inflation,opportunity,inflation_low,Inflation contained below 3 % (value: 1.1),Inflation contenue sous 3 % (valeur : 1.1),1.06234041976595
CHE,Political stability,opportunity,pol_stability_high,Strong political stability above 0.5 (value: 0.98),"Stabilité politique solide au-dessus de 0,5 (valeur : 0.98)",0.9806678
CHE,Regulatory quality,opportunity,regulatory_quality_high,Strong regulatory quality at 1.77: sound policy framework.,Qualité réglementaire solide à 1.77 : cadre politique sain.,1.7710562
CHE,Reserves,opportunity,reserves_high,Comfortable reserves above 6 months of imports (value: 13.2),Réserves confortables au-dessus de 6 mois d'importations (valeur : 13.2),13.1903467469865
CHE,Rule of law,opportunity,rule_of_law_high,Strong rule of law at 1.76: solid legal enforcement.,État de droit solide à 1.76 : application du droit fiable.,1.7636516
CHE,Unemployment,opportunity,unemp_low,Low unemployment below 5 % (value: 4.3),Chômage faible sous 5 % (valeur : 4.3),4.343
CHE,Youth unemployment,opportunity,youth_unemp_low,Youth unemployment below 12 % (value: 8.2),Chômage des jeunes sous 12 % (valeur : 8.2),8.238
CHL,Control of corruption,opportunity,corruption_ctrl_high,Good control of corruption above 0.5 (value: 1.11),"Maîtrise de la corruption solide au-dessus de 0,5 (valeur : 1.11)",1.1057968
CHL,Regulatory quality,opportunity,regulatory_quality_high,Strong regulatory quality at 0.78: sound policy framework.,Qualité réglementaire solide à 0.78 : cadre politique sain.,0.7807061
CHL,Rule of law,opportunity,rule_of_law_high,Strong rule of law at 0.69: solid legal enforcement.,État de droit solide à 0.69 : application du droit fiable.,0.6910552999999999
CHN,Debt service,opportunity,debt_service_low,Low debt service at 8.6% of exports: manageable external burden.,Service de la dette faible a 8.6% des exports : charge externe maitrisee.,8.59286077464029
CHN,External debt,opportunity,ext_debt_low,External debt below 30 % of GNI (value: 13.0),Dette externe sous 30 % du RNB (valeur : 13.0),13.0007522555005
CHN,Fiscal balance,risk,fiscal_deficit,Fiscal deficit beyond -5 % of GDP,Déficit budgétaire au-delà de -5 % du PIB,-8.153
CHN,Gen gov debt,risk,debt_high,Government debt above 90 % of GDP,Dette publique au-dessus de 90 % du PIB,106.895
CHN,Inflation,opportunity,inflation_low,Inflation contained below 3 % (value: 0.2),Inflation contenue sous 3 % (valeur : 0.2),0.218128938439177
CHN,Reserves,opportunity,reserves_high,Comfortable reserves above 6 months of imports (value: 11.0),Réserves confortables au-dessus de 6 mois d'importations (valeur : 11.0),11.0155252612111
CHN,Rule of law,risk,rule_of_law_low,Rule of law below -0.5,"État de droit inférieur à -0,5",-0.5793197999999999
CHN,Unemployment,opportunity,unemp_low,Low unemployment below 5 % (value: 4.6),Chômage faible sous 5 % (valeur : 4.6),4.59
CIV,GDP growth,opportunity,growth_strong,Strong GDP growth above 5 % (value: 6.0),Croissance du PIB soutenue au-dessus de 5 % (valeur : 6.0),6.0195346193922
CIV,Rule of law,risk,rule_of_law_low,Rule of law below -0.5,"État de droit inférieur à -0,5",-0.5781440999999999
CIV,Unemployment,opportunity,unemp_low,Low unemployment below 5 % (value: 2.3),Chômage faible sous 5 % (valeur : 2.3),2.273
CIV,Youth unemployment,opportunity,youth_unemp_low,Youth unemployment below 12 % (value: 4.2),Chômage des jeunes sous 12 % (valeur : 4.2),4.249
CMR,Control of corruption,risk,corruption_high,Control of corruption below -0.5,"Maîtrise de la corruption inférieure à -0,5",-1.2242854
CMR,Gen gov debt,opportunity,debt_low,Government debt below 40 % of GDP (value: 39.3),Dette publique sous 40 % du PIB (valeur : 39.3),39.302
CMR,Political stability,risk,political_instability,Political stability below -1.0,"Stabilité politique inférieure à -1,0",-1.556804
CMR,Regulatory quality,risk,regulatory_quality_low,Regulatory quality below -0.5,"Qualité réglementaire inférieure à -0,5",-0.7286714999999999
CMR,Rule of law,risk,rule_of_law_low,Rule of law below -0.5,"État de droit inférieur à -0,5",-1.2537215
CMR,Unemployment,opportunity,unemp_low,Low unemployment below 5 % (value: 3.6),Chômage faible sous 5 % (valeur : 3.6),3.603
CMR,Youth unemployment,opportunity,youth_unemp_low,Youth unemployment below 12 % (value: 6.6),Chômage des jeunes sous 12 % (valeur : 6.6),6.618
COD,Control of corruption,risk,corruption_high,Control of corruption below -0.5,"Maîtrise de la corruption inférieure à -0,5",-1.5153396
COD,Debt service,opportunity,debt_service_low,Low debt service at 1.3% of exports: manageable external burden.,Service de la dette faible a 1.3% des exports : charge externe maitrisee.,1.32142230470742
COD,External debt,opportunity,ext_debt_low,External debt below 30 % of GNI (value: 18.3),Dette externe sous 30 % du RNB (valeur : 18.3),18.2538680171709
COD,GDP growth,opportunity,growth_strong,Strong GDP growth above 5 % (value: 6.1),Croissance du PIB soutenue au-dessus de 5 % (valeur : 6.1),6.1025294442863
COD,Gen gov debt,opportunity,debt_low,Government debt below 40 % of GDP (value: 24.6),Dette publique sous 40 % du PIB (valeur : 24.6),24.613
COD,Inflation,opportunity,inflation_low,Inflation contained below 3 % (value: 2.9),Inflation contenue sous 3 % (valeur : 2.9),2.88585107289988
COD,Political stability,risk,political_instability,Political stability below -1.0,"Stabilité politique inférieure à -1,0",-2.1191762
COD,Regulatory quality,risk,regulatory_quality_low,Regulatory quality below -0.5,"Qualité réglementaire inférieure à -0,5",-1.2848458
COD,Reserves,risk,reserves_low,Reserves below 3 months of imports,Réserves sous 3 mois d'importations,1.69039445082268
COD,Rule of law,risk,rule_of_law_low,Rule of law below -0.5,"État de droit inférieur à -0,5",-1.6266053
COD,Unemployment,opportunity,unemp_low,Low unemployment below 5 % (value: 4.4),Chômage faible sous 5 % (valeur : 4.4),4.421
COD,Youth unemployment,opportunity,youth_unemp_low,Youth unemployment below 12 % (value: 8.0),Chômage des jeunes sous 12 % (valeur : 8.0),7.951
COG,Control of corruption,risk,corruption_high,Control of corruption below -0.5,"Maîtrise de la corruption inférieure à -0,5",-1.423569
COG,Current account,opportunity,ca_surplus,Current account surplus above 3 % of GDP (value: 11.6),Excédent courant au-dessus de 3 % du PIB (valeur : 11.6),11.5738751772006
COG,Fiscal balance,opportunity,fiscal_surplus,Fiscal surplus of 4.4% of GDP: comfortable policy space.,Excédent budgétaire de 4.4% du PIB : marge de manœuvre confortable.,4.387
COG,Gen gov debt,risk,debt_high,Government debt above 90 % of GDP,Dette publique au-dessus de 90 % du PIB,91.279
COG,Gini,risk,gini_high,Gini index above 45 (high inequality),Indice de Gini supérieur à 45 (inégalités élevées),48.9
COG,Regulatory quality,risk,regulatory_quality_low,Regulatory quality below -0.5,"Qualité réglementaire inférieure à -0,5",-1.1515624
COG,Reserves,risk,reserves_low,Reserves below 3 months of imports,Réserves sous 3 mois d'importations,1.60424664602081
COG,Rule of law,risk,rule_of_law_low,Rule of law below -0.5,"État de droit inférieur à -0,5",-1.1785603
COG,Unemployment,risk,unemp_high,Unemployment above 15 %,Chômage supérieur à 15 %,19.895
COG,Youth unemployment,risk,youth_unemp_high,Youth unemployment above 25 %,Chômage des jeunes supérieur à 25 %,40.581
COL,Debt service,risk,debt_service_high,Debt service above 25 % of exports,Service de la dette au-dessus de 25 % des exports,42.9975933296769
COL,Fiscal balance,risk,fiscal_deficit,Fiscal deficit beyond -5 % of GDP,Déficit budgétaire au-delà de -5 % du PIB,-5.15
COL,Gini,risk,gini_high,Gini index above 45 (high inequality),Indice de Gini supérieur à 45 (inégalités élevées),54.4
COL,Reserves,opportunity,reserves_high,Comfortable reserves above 6 months of imports (value: 7.3),Réserves confortables au-dessus de 6 mois d'importations (valeur : 7.3),7.34464091398545
COL,Rule of law,risk,rule_of_law_low,Rule of law below -0.5,"État de droit inférieur à -0,5",-0.5597434
COM,Control of corruption,risk,corruption_high,Control of corruption below -0.5,"Maîtrise de la corruption inférieure à -0,5",-1.1407826
COM,External debt,opportunity,ext_debt_low,External debt below 30 % of GNI (value: 24.8),Dette externe sous 30 % du RNB (valeur : 24.8),24.8117198831103
COM,Gen gov debt,opportunity,debt_low,Government debt below 40 % of GDP (value: 32.4),Dette publique sous 40 % du PIB (valeur : 32.4),32.379
COM,Gini,opportunity,gini_low,"Low inequality (Gini below 35, value: 30.3)","Inégalités contenues (Gini sous 35, valeur : 30.3)",30.3
COM,Regulatory quality,risk,regulatory_quality_low,Regulatory quality below -0.5,"Qualité réglementaire inférieure à -0,5",-1.2486088
COM,Reserves,opportunity,reserves_high,Comfortable reserves above 6 months of imports (value: 7.6),Réserves confortables au-dessus de 6 mois d'importations (valeur : 7.6),7.61057543164725
COM,Rule of law,risk,rule_of_law_low,Rule of law below -0.5,"État de droit inférieur à -0,5",-1.1308597
COM,Unemployment,opportunity,unemp_low,Low unemployment below 5 % (value: 3.8),Chômage faible sous 5 % (valeur : 3.8),3.815
COM,Youth unemployment,opportunity,youth_unemp_low,Youth unemployment below 12 % (value: 8.8),Chômage des jeunes sous 12 % (valeur : 8.8),8.814
CPV,Control of corruption,opportunity,corruption_ctrl_high,Good control of corruption above 0.5 (value: 0.94),"Maîtrise de la corruption solide au-dessus de 0,5 (valeur : 0.94)",0.9407675
CPV,Current account,opportunity,ca_surplus,Current account surplus above 3 % of GDP (value: 3.9),Excédent courant au-dessus de 3 % du PIB (valeur : 3.9),3.94169322459825
CPV,External debt,risk,external_debt_high,External debt above 60% of GNI,Dette externe supérieure à 60 % du RNB,86.8866144784781
CPV,GDP growth,opportunity,growth_strong,Strong GDP growth above 5 % (value: 7.0),Croissance du PIB soutenue au-dessus de 5 % (valeur : 7.0),6.98888280991075
CPV,Gen gov debt,risk,debt_high,Government debt above 90 % of GDP,Dette publique au-dessus de 90 % du PIB,95.921
CPV,Inflation,opportunity,inflation_low,Inflation contained below 3 % (value: 1.0),Inflation contenue sous 3 % (valeur : 1.0),1.04817001091965
CPV,Political stability,opportunity,pol_stability_high,Strong political stability above 0.5 (value: 0.77),"Stabilité politique solide au-dessus de 0,5 (valeur : 0.77)",0.7695825
CPV,Youth unemployment,risk,youth_unemp_high,Youth unemployment above 25 %,Chômage des jeunes supérieur à 25 %,28.1
CRI,Control of corruption,opportunity,corruption_ctrl_high,Good control of corruption above 0.5 (value: 0.68),"Maîtrise de la corruption solide au-dessus de 0,5 (valeur : 0.68)",0.6792372
CRI,Gini,risk,gini_high,Gini index above 45 (high inequality),Indice de Gini supérieur à 45 (inégalités élevées),45.8
CRI,Inflation,opportunity,inflation_low,Inflation contained below 3 % (value: -0.4),Inflation contenue sous 3 % (valeur : -0.4),-0.412853001047069
CRI,Political stability,opportunity,pol_stability_high,Strong political stability above 0.5 (value: 1.18),"Stabilité politique solide au-dessus de 0,5 (valeur : 1.18)",1.1756544
CRI,Regulatory quality,opportunity,regulatory_quality_high,Strong regulatory quality at 0.58: sound policy framework.,Qualité réglementaire solide à 0.58 : cadre politique sain.,0.5818279
CRI,Rule of law,opportunity,rule_of_law_high,Strong rule of law at 0.62: solid legal enforcement.,État de droit solide à 0.62 : application du droit fiable.,0.6167412
CUB,GDP growth,risk,recession,Negative GDP growth,Croissance du PIB négative,-1.06173273220524
CUB,Regulatory quality,risk,regulatory_quality_low,Regulatory quality below -0.5,"Qualité réglementaire inférieure à -0,5",-1.4371482
CUB,Rule of law,risk,rule_of_law_low,Rule of law below -0.5,"État de droit inférieur à -0,5",-0.6235716
CUB,Unemployment,opportunity,unemp_low,Low unemployment below 5 % (value: 1.8),Chômage faible sous 5 % (valeur : 1.8),1.755
CUB,Youth unemployment,opportunity,youth_unemp_low,Youth unemployment below 12 % (value: 4.3),Chômage des jeunes sous 12 % (valeur : 4.3),4.283
CUW,Current account,risk,ca_deficit,Current account deficit beyond -5 % of GDP,Déficit courant au-delà de -5 % du PIB,-19.9513590637625
CUW,GDP growth,opportunity,growth_strong,Strong GDP growth above 5 % (value: 5.0),Croissance du PIB soutenue au-dessus de 5 % (valeur : 5.0),5.02690015475606
CUW,Inflation,opportunity,inflation_low,Inflation contained below 3 % (value: 2.6),Inflation contenue sous 3 % (valeur : 2.6),2.62220783425059
CYM,Control of corruption,opportunity,corruption_ctrl_high,Good control of corruption above 0.5 (value: 0.60),"Maîtrise de la corruption solide au-dessus de 0,5 (valeur : 0.60)",0.6044807999999999
CYM,Current account,risk,ca_deficit,Current account deficit beyond -5 % of GDP,Déficit courant au-delà de -5 % du PIB,-8.83509062625772
CYM,Inflation,opportunity,inflation_low,Inflation contained below 3 % (value: -0.6),Inflation contenue sous 3 % (valeur : -0.6),-0.62525835861814
CYM,Political stability,opportunity,pol_stability_high,Strong political stability above 0.5 (value: 1.46),"Stabilité politique solide au-dessus de 0,5 (valeur : 1.46)",1.4607897
CYM,Regulatory quality,opportunity,regulatory_quality_high,Strong regulatory quality at 1.07: sound policy framework.,Qualité réglementaire solide à 1.07 : cadre politique sain.,1.0749224
CYM,Reserves,risk,reserves_low,Reserves below 3 months of imports,Réserves sous 3 mois d'importations,0.264692804269898
CYM,Rule of law,opportunity,rule_of_law_high,Strong rule of law at 0.83: solid legal enforcement.,État de droit solide à 0.83 : application du droit fiable.,0.8301333999999999
CYP,Control of corruption,opportunity,corruption_ctrl_high,Good control of corruption above 0.5 (value: 0.53),"Maîtrise de la corruption solide au-dessus de 0,5 (valeur : 0.53)",0.5324784
CYP,Current account,risk,ca_deficit,Current account deficit beyond -5 % of GDP,Déficit courant au-delà de -5 % du PIB,-8.15906556815552
CYP,Fiscal balance,opportunity,fiscal_surplus,Fiscal surplus of 3.7% of GDP: comfortable policy space.,Excédent budgétaire de 3.7% du PIB : marge de manœuvre confortable.,3.723
CYP,Gini,opportunity,gini_low,"Low inequality (Gini below 35, value: 31.8)","Inégalités contenues (Gini sous 35, valeur : 31.8)",31.8
CYP,Inflation,opportunity,inflation_low,Inflation contained below 3 % (value: 1.8),Inflation contenue sous 3 % (valeur : 1.8),1.80023018624824
CYP,Regulatory quality,opportunity,regulatory_quality_high,Strong regulatory quality at 0.74: sound policy framework.,Qualité réglementaire solide à 0.74 : cadre politique sain.,0.7395817
CYP,Reserves,risk,reserves_low,Reserves below 3 months of imports,Réserves sous 3 mois d'importations,0.331211499733269
CYP,Rule of law,opportunity,rule_of_law_high,Strong rule of law at 0.69: solid legal enforcement.,État de droit solide à 0.69 : application du droit fiable.,0.6891912
CYP,Unemployment,opportunity,unemp_low,Low unemployment below 5 % (value: 4.9),Chômage faible sous 5 % (valeur : 4.9),4.9
CZE,Control of corruption,opportunity,corruption_ctrl_high,Good control of corruption above 0.5 (value: 0.93),"Maîtrise de la corruption solide au-dessus de 0,5 (valeur : 0.93)",0.9310659
CZE,Gini,opportunity,gini_low,"Low inequality (Gini below 35, value: 25.7)","Inégalités contenues (Gini sous 35, valeur : 25.7)",25.7
CZE,Inflation,opportunity,inflation_low,Inflation contained below 3 % (value: 2.4),Inflation contenue sous 3 % (valeur : 2.4),2.43531202435314
CZE,Political stability,opportunity,pol_stability_high,Strong political stability above 0.5 (value: 0.97),"Stabilité politique solide au-dessus de 0,5 (valeur : 0.97)",0.9719006
CZE,Regulatory quality,opportunity,regulatory_quality_high,Strong regulatory quality at 1.23: sound policy framework.,Qualité réglementaire solide à 1.23 : cadre politique sain.,1.2319075
CZE,Reserves,opportunity,reserves_high,Comfortable reserves above 6 months of imports (value: 7.0),Réserves confortables au-dessus de 6 mois d'importations (valeur : 7.0),6.9620214293683
CZE,Rule of law,opportunity,rule_of_law_high,Strong rule of law at 1.19: solid legal enforcement.,État de droit solide à 1.19 : application du droit fiable.,1.1881307
CZE,Unemployment,opportunity,unemp_low,Low unemployment below 5 % (value: 2.6),Chômage faible sous 5 % (valeur : 2.6),2.6
CZE,Youth unemployment,opportunity,youth_unemp_low,Youth unemployment below 12 % (value: 9.2),Chômage des jeunes sous 12 % (valeur : 9.2),9.2
DEU,Control of corruption,opportunity,corruption_ctrl_high,Good control of corruption above 0.5 (value: 1.77),"Maîtrise de la corruption solide au-dessus de 0,5 (valeur : 1.77)",1.7734211
DEU,Current account,opportunity,ca_surplus,Current account surplus above 3 % of GDP (value: 5.9),Excédent courant au-dessus de 3 % du PIB (valeur : 5.9),5.89380863529108
DEU,GDP growth,risk,recession,Negative GDP growth,Croissance du PIB négative,-0.495851897260366
DEU,Gini,opportunity,gini_low,"Low inequality (Gini below 35, value: 33.7)","Inégalités contenues (Gini sous 35, valeur : 33.7)",33.7
DEU,Inflation,opportunity,inflation_low,Inflation contained below 3 % (value: 2.3),Inflation contenue sous 3 % (valeur : 2.3),2.2564981433876
DEU,Regulatory quality,opportunity,regulatory_quality_high,Strong regulatory quality at 1.50: sound policy framework.,Qualité réglementaire solide à 1.50 : cadre politique sain.,1.4980615
DEU,Reserves,risk,reserves_low,Reserves below 3 months of imports,Réserves sous 3 mois d'importations,2.17619726140455
DEU,Rule of law,opportunity,rule_of_law_high,Strong rule of law at 1.63: solid legal enforcement.,État de droit solide à 1.63 : application du droit fiable.,1.6257844
DEU,Unemployment,opportunity,unemp_low,Low unemployment below 5 % (value: 3.4),Chômage faible sous 5 % (valeur : 3.4),3.4
DEU,Youth unemployment,opportunity,youth_unemp_low,Youth unemployment below 12 % (value: 6.6),Chômage des jeunes sous 12 % (valeur : 6.6),6.604
DJI,Control of corruption,risk,corruption_high,Control of corruption below -0.5,"Maîtrise de la corruption inférieure à -0,5",-0.8908098
DJI,Current account,opportunity,ca_surplus,Current account surplus above 3 % of GDP (value: 14.7),Excédent courant au-dessus de 3 % du PIB (valeur : 14.7),14.6941756648345
DJI,Debt service,opportunity,debt_service_low,Low debt service at 2.5% of exports: manageable external burden.,Service de la dette faible a 2.5% des exports : charge externe maitrisee.,2.52675252956975
DJI,External debt,risk,external_debt_high,External debt above 60% of GNI,Dette externe supérieure à 60 % du RNB,83.8288747209446
DJI,GDP growth,opportunity,growth_strong,Strong GDP growth above 5 % (value: 7.0),Croissance du PIB soutenue au-dessus de 5 % (valeur : 7.0),6.98048467276334
DJI,Gen gov debt,opportunity,debt_low,Government debt below 40 % of GDP (value: 29.6),Dette publique sous 40 % du PIB (valeur : 29.6),29.605
DJI,Inflation,opportunity,inflation_low,Inflation contained below 3 % (value: 2.1),Inflation contenue sous 3 % (valeur : 2.1),2.1120116728497
DJI,Regulatory quality,risk,regulatory_quality_low,Regulatory quality below -0.5,"Qualité réglementaire inférieure à -0,5",-0.8527958999999999
DJI,Reserves,risk,reserves_low,Reserves below 3 months of imports,Réserves sous 3 mois d'importations,0.850017224988693
DJI,Rule of law,risk,rule_of_law_low,Rule of law below -0.5,"État de droit inférieur à -0,5",-1.0103987
DJI,Unemployment,risk,unemp_high,Unemployment above 15 %,Chômage supérieur à 15 %,26.007
DJI,Youth unemployment,risk,youth_unemp_high,Youth unemployment above 25 %,Chômage des jeunes supérieur à 25 %,76.494
DMA,Control of corruption,opportunity,corruption_ctrl_high,Good control of corruption above 0.5 (value: 0.53),"Maîtrise de la corruption solide au-dessus de 0,5 (valeur : 0.53)",0.5329662
DMA,Current account,risk,ca_deficit,Current account deficit beyond -5 % of GDP,Déficit courant au-delà de -5 % du PIB,-37.8042228948698
DMA,Debt service,risk,debt_service_high,Debt service above 25 % of exports,Service de la dette au-dessus de 25 % des exports,29.4152919032151
DMA,External debt,risk,external_debt_high,External debt above 60% of GNI,Dette externe supérieure à 60 % du RNB,82.3567303337689
DMA,Gen gov debt,risk,debt_high,Government debt above 90 % of GDP,Dette publique au-dessus de 90 % du PIB,98.298
DMA,Inflation,opportunity,inflation_low,Inflation contained below 3 % (value: 2.7),Inflation contenue sous 3 % (valeur : 2.7),2.73620751873313
DMA,Political stability,opportunity,pol_stability_high,Strong political stability above 0.5 (value: 1.23),"Stabilité politique solide au-dessus de 0,5 (valeur : 1.23)",1.2341643
DNK,Control of corruption,opportunity,corruption_ctrl_high,Good control of corruption above 0.5 (value: 2.29),"Maîtrise de la corruption solide au-dessus de 0,5 (valeur : 2.29)",2.2874751
DNK,Current account,opportunity,ca_surplus,Current account surplus above 3 % of GDP (value: 12.2),Excédent courant au-dessus de 3 % du PIB (valeur : 12.2),12.1952284849278
DNK,Gen gov debt,opportunity,debt_low,Government debt below 40 % of GDP (value: 27.4),Dette publique sous 40 % du PIB (valeur : 27.4),27.378
DNK,Gini,opportunity,gini_low,"Low inequality (Gini below 35, value: 29.9)","Inégalités contenues (Gini sous 35, valeur : 29.9)",29.9
DNK,Inflation,opportunity,inflation_low,Inflation contained below 3 % (value: 1.4),Inflation contenue sous 3 % (valeur : 1.4),1.37220049768926
DNK,Political stability,opportunity,pol_stability_high,Strong political stability above 0.5 (value: 0.77),"Stabilité politique solide au-dessus de 0,5 (valeur : 0.77)",0.7688761
DNK,Regulatory quality,opportunity,regulatory_quality_high,Strong regulatory quality at 1.93: sound policy framework.,Qualité réglementaire solide à 1.93 : cadre politique sain.,1.9307059
DNK,Rule of law,opportunity,rule_of_law_high,Strong rule of law at 2.00: solid legal enforcement.,État de droit solide à 2.00 : application du droit fiable.,2.0043149
DNK,Youth unemployment,opportunity,youth_unemp_low,Youth unemployment below 12 % (value: 11.8),Chômage des jeunes sous 12 % (valeur : 11.8),11.786
DOM,Political stability,opportunity,pol_stability_high,Strong political stability above 0.5 (value: 0.59),"Stabilité politique solide au-dessus de 0,5 (valeur : 0.59)",0.5893402
DZA,Control of corruption,risk,corruption_high,Control of corruption below -0.5,"Maîtrise de la corruption inférieure à -0,5",-0.5933952
DZA,Debt service,opportunity,debt_service_low,Low debt service at 0.8% of exports: manageable external burden.,Service de la dette faible a 0.8% des exports : charge externe maitrisee.,0.797700031642401
DZA,External debt,opportunity,ext_debt_low,External debt below 30 % of GNI (value: 2.7),Dette externe sous 30 % du RNB (valeur : 2.7),2.66774817396092
DZA,Fiscal balance,risk,fiscal_deficit,Fiscal deficit beyond -5 % of GDP,Déficit budgétaire au-delà de -5 % du PIB,-9.435
DZA,Gini,opportunity,gini_low,"Low inequality (Gini below 35, value: 27.6)","Inégalités contenues (Gini sous 35, valeur : 27.6)",27.6
DZA,Regulatory quality,risk,regulatory_quality_low,Regulatory quality below -0.5,"Qualité réglementaire inférieure à -0,5",-0.7526468
DZA,Reserves,opportunity,reserves_high,Comfortable reserves above 6 months of imports (value: 16.5),Réserves confortables au-dessus de 6 mois d'importations (valeur : 16.5),16.5279389774711
DZA,Rule of law,risk,rule_of_law_low,Rule of law below -0.5,"État de droit inférieur à -0,5",-0.6967772
DZA,Youth unemployment,risk,youth_unemp_high,Youth unemployment above 25 %,Chômage des jeunes supérieur à 25 %,29.884
ECU,Control of corruption,risk,corruption_high,Control of corruption below -0.5,"Maîtrise de la corruption inférieure à -0,5",-0.7756801999999999
ECU,Current account,opportunity,ca_surplus,Current account surplus above 3 % of GDP (value: 5.7),Excédent courant au-dessus de 3 % du PIB (valeur : 5.7),5.68853936869322
ECU,GDP growth,risk,recession,Negative GDP growth,Croissance du PIB négative,-1.94409022506859
ECU,Gini,risk,gini_high,Gini index above 45 (high inequality),Indice de Gini supérieur à 45 (inégalités élevées),45.2
ECU,Inflation,opportunity,inflation_low,Inflation contained below 3 % (value: 1.5),Inflation contenue sous 3 % (valeur : 1.5),1.54732515615369
ECU,Regulatory quality,risk,regulatory_quality_low,Regulatory quality below -0.5,"Qualité réglementaire inférieure à -0,5",-0.6464312
ECU,Reserves,risk,reserves_low,Reserves below 3 months of imports,Réserves sous 3 mois d'importations,2.19585210168763
ECU,Rule of law,risk,rule_of_law_low,Rule of law below -0.5,"État de droit inférieur à -0,5",-0.9650369
ECU,Unemployment,opportunity,unemp_low,Low unemployment below 5 % (value: 3.5),Chômage faible sous 5 % (valeur : 3.5),3.453
ECU,Youth unemployment,opportunity,youth_unemp_low,Youth unemployment below 12 % (value: 8.6),Chômage des jeunes sous 12 % (valeur : 8.6),8.574
EGY,Control of corruption,risk,corruption_high,Control of corruption below -0.5,"Maîtrise de la corruption inférieure à -0,5",-0.8269898
EGY,Current account,risk,ca_deficit,Current account deficit beyond -5 % of GDP,Déficit courant au-delà de -5 % du PIB,-5.68596234093524
EGY,Debt service,risk,debt_service_high,Debt service above 25 % of exports,Service de la dette au-dessus de 25 % des exports,49.2291017973666
EGY,Fiscal balance,opportunity,fiscal_surplus,Fiscal surplus of 2.6% of GDP: comfortable policy space.,Excédent budgétaire de 2.6% du PIB : marge de manœuvre confortable.,2.571
EGY,Gini,opportunity,gini_low,"Low inequality (Gini below 35, value: 28.5)","Inégalités contenues (Gini sous 35, valeur : 28.5)",28.5
EGY,Inflation,risk,inflation_high,Inflation above 10 %,Inflation supérieure à 10 %,28.2705899322083
EGY,Rule of law,risk,rule_of_law_low,Rule of law below -0.5,"État de droit inférieur à -0,5",-0.7515398999999999
ERI,Control of corruption,risk,corruption_high,Control of corruption below -0.5,"Maîtrise de la corruption inférieure à -0,5",-1.6331361
ERI,Current account,risk,ca_deficit,Current account deficit beyond -5 % of GDP,Déficit courant au-delà de -5 % du PIB,-14.8161574838645
ERI,Debt service,opportunity,debt_service_low,Low debt service at 4.3% of exports: manageable external burden.,Service de la dette faible a 4.3% des exports : charge externe maitrisee.,4.28643361718748
ERI,Fiscal balance,opportunity,fiscal_surplus,Fiscal surplus of 4.5% of GDP: comfortable policy space.,Excédent budgétaire de 4.5% du PIB : marge de manœuvre confortable.,4.479
ERI,GDP growth,opportunity,growth_strong,Strong GDP growth above 5 % (value: 8.7),Croissance du PIB soutenue au-dessus de 5 % (valeur : 8.7),8.67980010138049
ERI,Gen gov debt,risk,debt_high,Government debt above 90 % of GDP,Dette publique au-dessus de 90 % du PIB,260.393
ERI,Regulatory quality,risk,regulatory_quality_low,Regulatory quality below -0.5,"Qualité réglementaire inférieure à -0,5",-2.0353648
ERI,Reserves,risk,reserves_low,Reserves below 3 months of imports,Réserves sous 3 mois d'importations,0.849675223950122
ERI,Rule of law,risk,rule_of_law_low,Rule of law below -0.5,"État de droit inférieur à -0,5",-1.8026292
ERI,Youth unemployment,opportunity,youth_unemp_low,Youth unemployment below 12 % (value: 10.1),Chômage des jeunes sous 12 % (valeur : 10.1),10.056
ESP,Control of corruption,opportunity,corruption_ctrl_high,Good control of corruption above 0.5 (value: 0.71),"Maîtrise de la corruption solide au-dessus de 0,5 (valeur : 0.71)",0.7145938
ESP,Current account,opportunity,ca_surplus,Current account surplus above 3 % of GDP (value: 3.2),Excédent courant au-dessus de 3 % du PIB (valeur : 3.2),3.18327391138733
ESP,Gen gov debt,risk,debt_high,Government debt above 90 % of GDP,Dette publique au-dessus de 90 % du PIB,98.173
ESP,Gini,opportunity,gini_low,"Low inequality (Gini below 35, value: 33.4)","Inégalités contenues (Gini sous 35, valeur : 33.4)",33.4
ESP,Inflation,opportunity,inflation_low,Inflation contained below 3 % (value: 2.7),Inflation contenue sous 3 % (valeur : 2.7),2.747147886618
ESP,Regulatory quality,opportunity,regulatory_quality_high,Strong regulatory quality at 0.62: sound policy framework.,Qualité réglementaire solide à 0.62 : cadre politique sain.,0.6208378999999999
ESP,Reserves,risk,reserves_low,Reserves below 3 months of imports,Réserves sous 3 mois d'importations,1.8246595612095
ESP,Rule of law,opportunity,rule_of_law_high,Strong rule of law at 0.93: solid legal enforcement.,État de droit solide à 0.93 : application du droit fiable.,0.9317736
ESP,Youth unemployment,risk,youth_unemp_high,Youth unemployment above 25 %,Chômage des jeunes supérieur à 25 %,26.631
EST,Control of corruption,opportunity,corruption_ctrl_high,Good control of corruption above 0.5 (value: 1.67),"Maîtrise de la corruption solide au-dessus de 0,5 (valeur : 1.67)",1.6693209999999998
EST,GDP growth,risk,recession,Negative GDP growth,Croissance du PIB négative,-0.0900428648493801
EST,Gen gov debt,opportunity,debt_low,Government debt below 40 % of GDP (value: 27.8),Dette publique sous 40 % du PIB (valeur : 27.8),27.827
EST,Gini,opportunity,gini_low,"Low inequality (Gini below 35, value: 30.7)","Inégalités contenues (Gini sous 35, valeur : 30.7)",30.7
EST,Political stability,opportunity,pol_stability_high,Strong political stability above 0.5 (value: 0.70),"Stabilité politique solide au-dessus de 0,5 (valeur : 0.70)",0.6995762999999999
EST,Regulatory quality,opportunity,regulatory_quality_high,Strong regulatory quality at 1.40: sound policy framework.,Qualité réglementaire solide à 1.40 : cadre politique sain.,1.3977035
EST,Reserves,risk,reserves_low,Reserves below 3 months of imports,Réserves sous 3 mois d'importations,0.677616718422653
EST,Rule of law,opportunity,rule_of_law_high,Strong rule of law at 1.49: solid legal enforcement.,État de droit solide à 1.49 : application du droit fiable.,1.4864478
ETH,External debt,opportunity,ext_debt_low,External debt below 30 % of GNI (value: 24.3),Dette externe sous 30 % du RNB (valeur : 24.3),24.2638688064282
ETH,GDP growth,opportunity,growth_strong,Strong GDP growth above 5 % (value: 7.6),Croissance du PIB soutenue au-dessus de 5 % (valeur : 7.6),7.61277447616879
ETH,Gini,opportunity,gini_low,"Low inequality (Gini below 35, value: 31.1)","Inégalités contenues (Gini sous 35, valeur : 31.1)",31.1
ETH,Inflation,risk,inflation_high,Inflation above 10 %,Inflation supérieure à 10 %,21.0377460577711
ETH,Political stability,risk,political_instability,Political stability below -1.0,"Stabilité politique inférieure à -1,0",-1.8849739
ETH,Regulatory quality,risk,regulatory_quality_low,Regulatory quality below -0.5,"Qualité réglementaire inférieure à -0,5",-0.8332379
ETH,Reserves,risk,reserves_low,Reserves below 3 months of imports,Réserves sous 3 mois d'importations,1.7806234891991
ETH,Rule of law,risk,rule_of_law_low,Rule of law below -0.5,"État de droit inférieur à -0,5",-1.0489242
ETH,Unemployment,opportunity,unemp_low,Low unemployment below 5 % (value: 3.4),Chômage faible sous 5 % (valeur : 3.4),3.357
ETH,Youth unemployment,opportunity,youth_unemp_low,Youth unemployment below 12 % (value: 5.4),Chômage des jeunes sous 12 % (valeur : 5.4),5.449
FIN,Control of corruption,opportunity,corruption_ctrl_high,Good control of corruption above 0.5 (value: 2.19),"Maîtrise de la corruption solide au-dessus de 0,5 (valeur : 2.19)",2.1920863
FIN,Gen gov debt,risk,debt_high,Government debt above 90 % of GDP,Dette publique au-dessus de 90 % du PIB,93.107
FIN,Gini,opportunity,gini_low,"Low inequality (Gini below 35, value: 27.4)","Inégalités contenues (Gini sous 35, valeur : 27.4)",27.4
FIN,Inflation,opportunity,inflation_low,Inflation contained below 3 % (value: 1.6),Inflation contenue sous 3 % (valeur : 1.6),1.56568906231616
FIN,Political stability,opportunity,pol_stability_high,Strong political stability above 0.5 (value: 0.83),"Stabilité politique solide au-dessus de 0,5 (valeur : 0.83)",0.8325695
FIN,Regulatory quality,opportunity,regulatory_quality_high,Strong regulatory quality at 1.96: sound policy framework.,Qualité réglementaire solide à 1.96 : cadre politique sain.,1.9635191
FIN,Reserves,risk,reserves_low,Reserves below 3 months of imports,Réserves sous 3 mois d'importations,1.37443104805587
FIN,Rule of law,opportunity,rule_of_law_high,Strong rule of law at 2.02: solid legal enforcement.,État de droit solide à 2.02 : application du droit fiable.,2.0212705
FJI,Control of corruption,opportunity,corruption_ctrl_high,Good control of corruption above 0.5 (value: 0.56),"Maîtrise de la corruption solide au-dessus de 0,5 (valeur : 0.56)",0.5626875
FJI,Current account,risk,ca_deficit,Current account deficit beyond -5 % of GDP,Déficit courant au-delà de -5 % du PIB,-7.78080984551748
FJI,Debt service,opportunity,debt_service_low,Low debt service at 9.5% of exports: manageable external burden.,Service de la dette faible a 9.5% des exports : charge externe maitrisee.,9.53539168749024
FJI,External debt,risk,external_debt_high,External debt above 60% of GNI,Dette externe supérieure à 60 % du RNB,71.3867600808353
FJI,Gini,opportunity,gini_low,"Low inequality (Gini below 35, value: 30.7)","Inégalités contenues (Gini sous 35, valeur : 30.7)",30.7
FJI,Political stability,opportunity,pol_stability_high,Strong political stability above 0.5 (value: 0.70),"Stabilité politique solide au-dessus de 0,5 (valeur : 0.70)",0.6984397999999999
FRA,Control of corruption,opportunity,corruption_ctrl_high,Good control of corruption above 0.5 (value: 1.22),"Maîtrise de la corruption solide au-dessus de 0,5 (valeur : 1.22)",1.2182239
FRA,Gen gov debt,risk,debt_high,Government debt above 90 % of GDP,Dette publique au-dessus de 90 % du PIB,118.404
FRA,Gini,opportunity,gini_low,"Low inequality (Gini below 35, value: 31.8)","Inégalités contenues (Gini sous 35, valeur : 31.8)",31.8
FRA,Inflation,opportunity,inflation_low,Inflation contained below 3 % (value: 2.0),Inflation contenue sous 3 % (valeur : 2.0),1.99904942291463
FRA,Regulatory quality,opportunity,regulatory_quality_high,Strong regulatory quality at 1.15: sound policy framework.,Qualité réglementaire solide à 1.15 : cadre politique sain.,1.1461527
FRA,Reserves,risk,reserves_low,Reserves below 3 months of imports,Réserves sous 3 mois d'importations,2.38967906896664
FRA,Rule of law,opportunity,rule_of_law_high,Strong rule of law at 0.98: solid legal enforcement.,État de droit solide à 0.98 : application du droit fiable.,0.97866
FRO,Current account,opportunity,ca_surplus,Current account surplus above 3 % of GDP (value: 7.8),Excédent courant au-dessus de 3 % du PIB (valeur : 7.8),7.75436992619401
FSM,Control of corruption,opportunity,corruption_ctrl_high,Good control of corruption above 0.5 (value: 0.71),"Maîtrise de la corruption solide au-dessus de 0,5 (valeur : 0.71)",0.7080175999999999
FSM,Current account,opportunity,ca_surplus,Current account surplus above 3 % of GDP (value: 7.1),Excédent courant au-dessus de 3 % du PIB (valeur : 7.1),7.09101265822785
FSM,Gen gov debt,opportunity,debt_low,Government debt below 40 % of GDP (value: 7.5),Dette publique sous 40 % du PIB (valeur : 7.5),7.483
FSM,Political stability,opportunity,pol_stability_high,Strong political stability above 0.5 (value: 1.50),"Stabilité politique solide au-dessus de 0,5 (valeur : 1.50)",1.499468
FSM,Regulatory quality,risk,regulatory_quality_low,Regulatory quality below -0.5,"Qualité réglementaire inférieure à -0,5",-0.7632717
FSM,Rule of law,opportunity,rule_of_law_high,Strong rule of law at 0.98: solid legal enforcement.,État de droit solide à 0.98 : application du droit fiable.,0.9769408
GAB,Control of corruption,risk,corruption_high,Control of corruption below -0.5,"Maîtrise de la corruption inférieure à -0,5",-0.9367769
GAB,Fiscal balance,risk,fiscal_deficit,Fiscal deficit beyond -5 % of GDP,Déficit budgétaire au-delà de -5 % du PIB,-9.97
GAB,Inflation,opportunity,inflation_low,Inflation contained below 3 % (value: 1.2),Inflation contenue sous 3 % (valeur : 1.2),1.17311998381218
GAB,Regulatory quality,risk,regulatory_quality_low,Regulatory quality below -0.5,"Qualité réglementaire inférieure à -0,5",-0.7234577999999999
GAB,Rule of law,risk,rule_of_law_low,Rule of law below -0.5,"État de droit inférieur à -0,5",-1.155705
GAB,Unemployment,risk,unemp_high,Unemployment above 15 %,Chômage supérieur à 15 %,20.091
GAB,Youth unemployment,risk,youth_unemp_high,Youth unemployment above 25 %,Chômage des jeunes supérieur à 25 %,36.283
GBR,Control of corruption,opportunity,corruption_ctrl_high,Good control of corruption above 0.5 (value: 1.51),"Maîtrise de la corruption solide au-dessus de 0,5 (valeur : 1.51)",1.5097547999999998
GBR,Gen gov debt,risk,debt_high,Government debt above 90 % of GDP,Dette publique au-dessus de 90 % du PIB,103.565
GBR,Gini,opportunity,gini_low,"Low inequality (Gini below 35, value: 32.4)","Inégalités contenues (Gini sous 35, valeur : 32.4)",32.4
GBR,Regulatory quality,opportunity,regulatory_quality_high,Strong regulatory quality at 1.51: sound policy framework.,Qualité réglementaire solide à 1.51 : cadre politique sain.,1.5112377
GBR,Reserves,risk,reserves_low,Reserves below 3 months of imports,Réserves sous 3 mois d'importations,1.18272554676037
GBR,Rule of law,opportunity,rule_of_law_high,Strong rule of law at 1.27: solid legal enforcement.,État de droit solide à 1.27 : application du droit fiable.,1.269914
GBR,Unemployment,opportunity,unemp_low,Low unemployment below 5 % (value: 4.4),Chômage faible sous 5 % (valeur : 4.4),4.361
GEO,Current account,risk,ca_deficit,Current account deficit beyond -5 % of GDP,Déficit courant au-delà de -5 % du PIB,-5.29948694239513
GEO,Debt service,risk,debt_service_high,Debt service above 25 % of exports,Service de la dette au-dessus de 25 % des exports,26.5628823310302
GEO,External debt,risk,external_debt_high,External debt above 60% of GNI,Dette externe supérieure à 60 % du RNB,79.6767852223944
GEO,GDP growth,opportunity,growth_strong,Strong GDP growth above 5 % (value: 9.7),Croissance du PIB soutenue au-dessus de 5 % (valeur : 9.7),9.67979379712661
GEO,Gen gov debt,opportunity,debt_low,Government debt below 40 % of GDP (value: 35.1),Dette publique sous 40 % du PIB (valeur : 35.1),35.112
GEO,Gini,opportunity,gini_low,"Low inequality (Gini below 35, value: 33.9)","Inégalités contenues (Gini sous 35, valeur : 33.9)",33.9
GEO,Inflation,opportunity,inflation_low,Inflation contained below 3 % (value: 1.1),Inflation contenue sous 3 % (valeur : 1.1),1.10971758022096
GEO,Regulatory quality,opportunity,regulatory_quality_high,Strong regulatory quality at 0.65: sound policy framework.,Qualité réglementaire solide à 0.65 : cadre politique sain.,0.6500427999999999
GEO,Reserves,risk,reserves_low,Reserves below 3 months of imports,Réserves sous 3 mois d'importations,2.29133957874542
GEO,Youth unemployment,risk,youth_unemp_high,Youth unemployment above 25 %,Chômage des jeunes supérieur à 25 %,29.863
GHA,Debt service,opportunity,debt_service_low,Low debt service at 9.4% of exports: manageable external burden.,Service de la dette faible a 9.4% des exports : charge externe maitrisee.,9.43593175956357
GHA,GDP growth,opportunity,growth_strong,Strong GDP growth above 5 % (value: 5.8),Croissance du PIB soutenue au-dessus de 5 % (valeur : 5.8),5.84746854280382
GHA,Inflation,risk,inflation_high,Inflation above 10 %,Inflation supérieure à 10 %,22.8483281157842
GHA,Reserves,risk,reserves_low,Reserves below 3 months of imports,Réserves sous 3 mois d'importations,1.6387674511702
GHA,Unemployment,opportunity,unemp_low,Low unemployment below 5 % (value: 2.8),Chômage faible sous 5 % (valeur : 2.8),2.82
GHA,Youth unemployment,opportunity,youth_unemp_low,Youth unemployment below 12 % (value: 5.3),Chômage des jeunes sous 12 % (valeur : 5.3),5.347
GIN,Control of corruption,risk,corruption_high,Control of corruption below -0.5,"Maîtrise de la corruption inférieure à -0,5",-1.1744528
GIN,Debt service,opportunity,debt_service_low,Low debt service at 3.7% of exports: manageable external burden.,Service de la dette faible a 3.7% des exports : charge externe maitrisee.,3.729306337627
GIN,External debt,opportunity,ext_debt_low,External debt below 30 % of GNI (value: 23.2),Dette externe sous 30 % du RNB (valeur : 23.2),23.1973863712568
GIN,GDP growth,opportunity,growth_strong,Strong GDP growth above 5 % (value: 5.4),Croissance du PIB soutenue au-dessus de 5 % (valeur : 5.4),5.35004659049265
GIN,Gini,opportunity,gini_low,"Low inequality (Gini below 35, value: 29.6)","Inégalités contenues (Gini sous 35, valeur : 29.6)",29.6
GIN,Political stability,risk,political_instability,Political stability below -1.0,"Stabilité politique inférieure à -1,0",-1.0377627
GIN,Regulatory quality,risk,regulatory_quality_low,Regulatory quality below -0.5,"Qualité réglementaire inférieure à -0,5",-0.8917271
GIN,Reserves,risk,reserves_low,Reserves below 3 months of imports,Réserves sous 3 mois d'importations,1.27721250120659
GIN,Rule of law,risk,rule_of_law_low,Rule of law below -0.5,"État de droit inférieur à -0,5",-1.1479306
GIN,Youth unemployment,opportunity,youth_unemp_low,Youth unemployment below 12 % (value: 7.1),Chômage des jeunes sous 12 % (valeur : 7.1),7.068
GMB,Debt service,opportunity,debt_service_low,Low debt service at 8.1% of exports: manageable external burden.,Service de la dette faible a 8.1% des exports : charge externe maitrisee.,8.14420595794985
GMB,External debt,risk,external_debt_high,External debt above 60% of GNI,Dette externe supérieure à 60 % du RNB,66.3566127091875
GMB,Fiscal balance,opportunity,fiscal_surplus,Fiscal surplus of 2.4% of GDP: comfortable policy space.,Excédent budgétaire de 2.4% du PIB : marge de manœuvre confortable.,2.365
GMB,GDP growth,opportunity,growth_strong,Strong GDP growth above 5 % (value: 5.6),Croissance du PIB soutenue au-dessus de 5 % (valeur : 5.6),5.55126065805138
GMB,Inflation,risk,inflation_high,Inflation above 10 %,Inflation supérieure à 10 %,11.5610532897511
GMB,Regulatory quality,risk,regulatory_quality_low,Regulatory quality below -0.5,"Qualité réglementaire inférieure à -0,5",-0.6640332
GMB,Youth unemployment,opportunity,youth_unemp_low,Youth unemployment below 12 % (value: 10.8),Chômage des jeunes sous 12 % (valeur : 10.8),10.83
GNB,Control of corruption,risk,corruption_high,Control of corruption below -0.5,"Maîtrise de la corruption inférieure à -0,5",-1.3460193
GNB,Current account,risk,ca_deficit,Current account deficit beyond -5 % of GDP,Déficit courant au-delà de -5 % du PIB,-7.35889637109665
GNB,External debt,risk,external_debt_high,External debt above 60% of GNI,Dette externe supérieure à 60 % du RNB,67.1110649067659
GNB,Gini,opportunity,gini_low,"Low inequality (Gini below 35, value: 33.4)","Inégalités contenues (Gini sous 35, valeur : 33.4)",33.4
GNB,Regulatory quality,risk,regulatory_quality_low,Regulatory quality below -0.5,"Qualité réglementaire inférieure à -0,5",-1.1903185
GNB,Rule of law,risk,rule_of_law_low,Rule of law below -0.5,"État de droit inférieur à -0,5",-1.2348281
GNB,Unemployment,opportunity,unemp_low,Low unemployment below 5 % (value: 2.6),Chômage faible sous 5 % (valeur : 2.6),2.647
GNB,Youth unemployment,opportunity,youth_unemp_low,Youth unemployment below 12 % (value: 2.8),Chômage des jeunes sous 12 % (valeur : 2.8),2.826
GNQ,Control of corruption,risk,corruption_high,Control of corruption below -0.5,"Maîtrise de la corruption inférieure à -0,5",-1.4730962
GNQ,Gen gov debt,opportunity,debt_low,Government debt below 40 % of GDP (value: 39.1),Dette publique sous 40 % du PIB (valeur : 39.1),39.142
GNQ,Inflation,opportunity,inflation_low,Inflation contained below 3 % (value: 2.9),Inflation contenue sous 3 % (valeur : 2.9),2.92140227309103
GNQ,Regulatory quality,risk,regulatory_quality_low,Regulatory quality below -0.5,"Qualité réglementaire inférieure à -0,5",-1.3990487
GNQ,Rule of law,risk,rule_of_law_low,Rule of law below -0.5,"État de droit inférieur à -0,5",-1.5403576
GRC,Current account,risk,ca_deficit,Current account deficit beyond -5 % of GDP,Déficit courant au-delà de -5 % du PIB,-7.10950344070576
GRC,Gen gov debt,risk,debt_high,Government debt above 90 % of GDP,Dette publique au-dessus de 90 % du PIB,136.927
GRC,Gini,opportunity,gini_low,"Low inequality (Gini below 35, value: 33.4)","Inégalités contenues (Gini sous 35, valeur : 33.4)",33.4
GRC,Inflation,opportunity,inflation_low,Inflation contained below 3 % (value: 2.7),Inflation contenue sous 3 % (valeur : 2.7),2.74101875679486
GRC,Reserves,risk,reserves_low,Reserves below 3 months of imports,Réserves sous 3 mois d'importations,1.29467737992629
GRD,Current account,risk,ca_deficit,Current account deficit beyond -5 % of GDP,Déficit courant au-delà de -5 % du PIB,-21.8875634999164
GRD,Debt service,opportunity,debt_service_low,Low debt service at 4.9% of exports: manageable external burden.,Service de la dette faible a 4.9% des exports : charge externe maitrisee.,4.85035125902098
GRD,External debt,risk,external_debt_high,External debt above 60% of GNI,Dette externe supérieure à 60 % du RNB,68.5938767489392
GRD,Fiscal balance,risk,fiscal_deficit,Fiscal deficit beyond -5 % of GDP,Déficit budgétaire au-delà de -5 % du PIB,-5.148
GRD,Inflation,opportunity,inflation_low,Inflation contained below 3 % (value: 1.1),Inflation contenue sous 3 % (valeur : 1.1),1.08615365134737
GRD,Political stability,opportunity,pol_stability_high,Strong political stability above 0.5 (value: 1.20),"Stabilité politique solide au-dessus de 0,5 (valeur : 1.20)",1.1992639
GRD,Rule of law,opportunity,rule_of_law_high,Strong rule of law at 0.54: solid legal enforcement.,État de droit solide à 0.54 : application du droit fiable.,0.5408822
GRL,Control of corruption,opportunity,corruption_ctrl_high,Good control of corruption above 0.5 (value: 1.48),"Maîtrise de la corruption solide au-dessus de 0,5 (valeur : 1.48)",1.482751
GRL,Political stability,opportunity,pol_stability_high,Strong political stability above 0.5 (value: 1.24),"Stabilité politique solide au-dessus de 0,5 (valeur : 1.24)",1.2405187
GRL,Regulatory quality,opportunity,regulatory_quality_high,Strong regulatory quality at 1.50: sound policy framework.,Qualité réglementaire solide à 1.50 : cadre politique sain.,1.5034927
GRL,Rule of law,opportunity,rule_of_law_high,Strong rule of law at 1.57: solid legal enforcement.,État de droit solide à 1.57 : application du droit fiable.,1.5744958
GTM,Control of corruption,risk,corruption_high,Control of corruption below -0.5,"Maîtrise de la corruption inférieure à -0,5",-0.9482653
GTM,Debt service,opportunity,debt_service_low,Low debt service at 9.6% of exports: manageable external burden.,Service de la dette faible a 9.6% des exports : charge externe maitrisee.,9.56215520029921
GTM,External debt,opportunity,ext_debt_low,External debt below 30 % of GNI (value: 24.2),Dette externe sous 30 % du RNB (valeur : 24.2),24.2444913245727
GTM,Gen gov debt,opportunity,debt_low,Government debt below 40 % of GDP (value: 27.6),Dette publique sous 40 % du PIB (valeur : 27.6),27.646
GTM,Gini,risk,gini_high,Gini index above 45 (high inequality),Indice de Gini supérieur à 45 (inégalités élevées),45.2
GTM,Inflation,opportunity,inflation_low,Inflation contained below 3 % (value: 2.9),Inflation contenue sous 3 % (valeur : 2.9),2.86992752918294
GTM,Reserves,opportunity,reserves_high,Comfortable reserves above 6 months of imports (value: 7.4),Réserves confortables au-dessus de 6 mois d'importations (valeur : 7.4),7.38533210656899
GTM,Rule of law,risk,rule_of_law_low,Rule of law below -0.5,"État de droit inférieur à -0,5",-0.962274
GTM,Unemployment,opportunity,unemp_low,Low unemployment below 5 % (value: 2.6),Chômage faible sous 5 % (valeur : 2.6),2.613
GTM,Youth unemployment,opportunity,youth_unemp_low,Youth unemployment below 12 % (value: 4.6),Chômage des jeunes sous 12 % (valeur : 4.6),4.624
GUM,Control of corruption,opportunity,corruption_ctrl_high,Good control of corruption above 0.5 (value: 1.18),"Maîtrise de la corruption solide au-dessus de 0,5 (valeur : 1.18)",1.1762344
GUM,GDP growth,opportunity,growth_strong,Strong GDP growth above 5 % (value: 5.1),Croissance du PIB soutenue au-dessus de 5 % (valeur : 5.1),5.09986426216793
GUM,Political stability,opportunity,pol_stability_high,Strong political stability above 0.5 (value: 0.99),"Stabilité politique solide au-dessus de 0,5 (valeur : 0.99)",0.9927487
GUM,Rule of law,opportunity,rule_of_law_high,Strong rule of law at 1.03: solid legal enforcement.,État de droit solide à 1.03 : application du droit fiable.,1.0346735
GUY,Current account,opportunity,ca_surplus,Current account surplus above 3 % of GDP (value: 13.9),Excédent courant au-dessus de 3 % du PIB (valeur : 13.9),13.902228797549
GUY,Debt service,opportunity,debt_service_low,Low debt service at 2.9% of exports: manageable external burden.,Service de la dette faible a 2.9% des exports : charge externe maitrisee.,2.88572767868533
GUY,External debt,opportunity,ext_debt_low,External debt below 30 % of GNI (value: 22.6),Dette externe sous 30 % du RNB (valeur : 22.6),22.6406371146813
GUY,Fiscal balance,risk,fiscal_deficit,Fiscal deficit beyond -5 % of GDP,Déficit budgétaire au-delà de -5 % du PIB,-5.917
GUY,GDP growth,opportunity,growth_strong,Strong GDP growth above 5 % (value: 43.8),Croissance du PIB soutenue au-dessus de 5 % (valeur : 43.8),43.8192726391966
GUY,Gen gov debt,opportunity,debt_low,Government debt below 40 % of GDP (value: 29.2),Dette publique sous 40 % du PIB (valeur : 29.2),29.174
GUY,Inflation,opportunity,inflation_low,Inflation contained below 3 % (value: 2.9),Inflation contenue sous 3 % (valeur : 2.9),2.90379501424778
GUY,Reserves,risk,reserves_low,Reserves below 3 months of imports,Réserves sous 3 mois d'importations,0.849936413375672
HKG,Control of corruption,opportunity,corruption_ctrl_high,Good control of corruption above 0.5 (value: 1.57),"Maîtrise de la corruption solide au-dessus de 0,5 (valeur : 1.57)",1.5721573
HKG,Current account,opportunity,ca_surplus,Current account surplus above 3 % of GDP (value: 13.3),Excédent courant au-dessus de 3 % du PIB (valeur : 13.3),13.3384324463252
HKG,Fiscal balance,risk,fiscal_deficit,Fiscal deficit beyond -5 % of GDP,Déficit budgétaire au-delà de -5 % du PIB,-5.84
HKG,Gen gov debt,opportunity,debt_low,Government debt below 40 % of GDP (value: 14.1),Dette publique sous 40 % du PIB (valeur : 14.1),14.076
HKG,Inflation,opportunity,inflation_low,Inflation contained below 3 % (value: 1.7),Inflation contenue sous 3 % (valeur : 1.7),1.72972119105914
HKG,Political stability,opportunity,pol_stability_high,Strong political stability above 0.5 (value: 0.63),"Stabilité politique solide au-dessus de 0,5 (valeur : 0.63)",0.6310985
HKG,Regulatory quality,opportunity,regulatory_quality_high,Strong regulatory quality at 1.74: sound policy framework.,Qualité réglementaire solide à 1.74 : cadre politique sain.,1.7399242
HKG,Rule of law,opportunity,rule_of_law_high,Strong rule of law at 0.92: solid legal enforcement.,État de droit solide à 0.92 : application du droit fiable.,0.9209804
HKG,Unemployment,opportunity,unemp_low,Low unemployment below 5 % (value: 3.0),Chômage faible sous 5 % (valeur : 3.0),2.988
HKG,Youth unemployment,opportunity,youth_unemp_low,Youth unemployment below 12 % (value: 9.5),Chômage des jeunes sous 12 % (valeur : 9.5),9.507
HND,Control of corruption,risk,corruption_high,Control of corruption below -0.5,"Maîtrise de la corruption inférieure à -0,5",-1.2446903
HND,Gini,risk,gini_high,Gini index above 45 (high inequality),Indice de Gini supérieur à 45 (inégalités élevées),45.7
HND,Regulatory quality,risk,regulatory_quality_low,Regulatory quality below -0.5,"Qualité réglementaire inférieure à -0,5",-0.6280335
HND,Rule of law,risk,rule_of_law_low,Rule of law below -0.5,"État de droit inférieur à -0,5",-1.1768036
HND,Unemployment,opportunity,unemp_low,Low unemployment below 5 % (value: 4.9),Chômage faible sous 5 % (valeur : 4.9),4.91
HND,Youth unemployment,opportunity,youth_unemp_low,Youth unemployment below 12 % (value: 8.3),Chômage des jeunes sous 12 % (valeur : 8.3),8.301
HRV,Gini,opportunity,gini_low,"Low inequality (Gini below 35, value: 30.1)","Inégalités contenues (Gini sous 35, valeur : 30.1)",30.1
HRV,Inflation,opportunity,inflation_low,Inflation contained below 3 % (value: 3.0),Inflation contenue sous 3 % (valeur : 3.0),2.97200477643626
HRV,Political stability,opportunity,pol_stability_high,Strong political stability above 0.5 (value: 0.58),"Stabilité politique solide au-dessus de 0,5 (valeur : 0.58)",0.5814089
HRV,Reserves,risk,reserves_low,Reserves below 3 months of imports,Réserves sous 3 mois d'importations,0.693330579617451
HTI,Control of corruption,risk,corruption_high,Control of corruption below -0.5,"Maîtrise de la corruption inférieure à -0,5",-1.5403494
HTI,Debt service,risk,debt_service_high,Debt service above 25 % of exports,Service de la dette au-dessus de 25 % des exports,63.162658981726
HTI,External debt,opportunity,ext_debt_low,External debt below 30 % of GNI (value: 3.7),Dette externe sous 30 % du RNB (valeur : 3.7),3.74484478267583
HTI,GDP growth,risk,recession,Negative GDP growth,Croissance du PIB négative,-4.18495104762965
HTI,Gen gov debt,opportunity,debt_low,Government debt below 40 % of GDP (value: 10.7),Dette publique sous 40 % du PIB (valeur : 10.7),10.667
HTI,Inflation,risk,inflation_high,Inflation above 10 %,Inflation supérieure à 10 %,26.9490564091987
HTI,Political stability,risk,political_instability,Political stability below -1.0,"Stabilité politique inférieure à -1,0",-1.2013046
HTI,Regulatory quality,risk,regulatory_quality_low,Regulatory quality below -0.5,"Qualité réglementaire inférieure à -0,5",-1.4634157
HTI,Reserves,opportunity,reserves_high,Comfortable reserves above 6 months of imports (value: 6.8),Réserves confortables au-dessus de 6 mois d'importations (valeur : 6.8),6.76937385035421
HTI,Rule of law,risk,rule_of_law_low,Rule of law below -0.5,"État de droit inférieur à -0,5",-1.6033955
HTI,Youth unemployment,risk,youth_unemp_high,Youth unemployment above 25 %,Chômage des jeunes supérieur à 25 %,36.758
HUN,Gini,opportunity,gini_low,"Low inequality (Gini below 35, value: 30.6)","Inégalités contenues (Gini sous 35, valeur : 30.6)",30.6
HUN,Reserves,risk,reserves_low,Reserves below 3 months of imports,Réserves sous 3 mois d'importations,2.8245674279119
HUN,Unemployment,opportunity,unemp_low,Low unemployment below 5 % (value: 4.5),Chômage faible sous 5 % (valeur : 4.5),4.5
IDN,Control of corruption,risk,corruption_high,Control of corruption below -0.5,"Maîtrise de la corruption inférieure à -0,5",-0.5446152
IDN,GDP growth,opportunity,growth_strong,Strong GDP growth above 5 % (value: 5.0),Croissance du PIB soutenue au-dessus de 5 % (valeur : 5.0),5.03257477088519
IDN,Gini,opportunity,gini_low,"Low inequality (Gini below 35, value: 34.9)","Inégalités contenues (Gini sous 35, valeur : 34.9)",34.9
IDN,Inflation,opportunity,inflation_low,Inflation contained below 3 % (value: 2.2),Inflation contenue sous 3 % (valeur : 2.2),2.18151273615189
IDN,Unemployment,opportunity,unemp_low,Low unemployment below 5 % (value: 3.3),Chômage faible sous 5 % (valeur : 3.3),3.301
IMN,GDP growth,risk,recession,Negative GDP growth,Croissance du PIB négative,-2.03524496955581
IND,External debt,opportunity,ext_debt_low,External debt below 30 % of GNI (value: 18.6),Dette externe sous 30 % du RNB (valeur : 18.6),18.5795533694083
IND,Fiscal balance,risk,fiscal_deficit,Fiscal deficit beyond -5 % of GDP,Déficit budgétaire au-delà de -5 % du PIB,-7.414
IND,GDP growth,opportunity,growth_strong,Strong GDP growth above 5 % (value: 7.1),Croissance du PIB soutenue au-dessus de 5 % (valeur : 7.1),7.09927893176518
IND,Gini,opportunity,gini_low,"Low inequality (Gini below 35, value: 25.5)","Inégalités contenues (Gini sous 35, valeur : 25.5)",25.5
IND,Reserves,opportunity,reserves_high,Comfortable reserves above 6 months of imports (value: 7.5),Réserves confortables au-dessus de 6 mois d'importations (valeur : 7.5),7.52136088188696
IND,Unemployment,opportunity,unemp_low,Low unemployment below 5 % (value: 4.2),Chômage faible sous 5 % (valeur : 4.2),4.173
IRL,Control of corruption,opportunity,corruption_ctrl_high,Good control of corruption above 0.5 (value: 1.57),"Maîtrise de la corruption solide au-dessus de 0,5 (valeur : 1.57)",1.572589
IRL,Current account,opportunity,ca_surplus,Current account surplus above 3 % of GDP (value: 17.4),Excédent courant au-dessus de 3 % du PIB (valeur : 17.4),17.3995604849009
IRL,Gen gov debt,opportunity,debt_low,Government debt below 40 % of GDP (value: 31.6),Dette publique sous 40 % du PIB (valeur : 31.6),31.625
IRL,Gini,opportunity,gini_low,"Low inequality (Gini below 35, value: 29.0)","Inégalités contenues (Gini sous 35, valeur : 29.0)",29.0
IRL,Inflation,opportunity,inflation_low,Inflation contained below 3 % (value: 2.1),Inflation contenue sous 3 % (valeur : 2.1),2.11344999577317
IRL,Political stability,opportunity,pol_stability_high,Strong political stability above 0.5 (value: 0.71),"Stabilité politique solide au-dessus de 0,5 (valeur : 0.71)",0.7099698999999999
IRL,Regulatory quality,opportunity,regulatory_quality_high,Strong regulatory quality at 1.79: sound policy framework.,Qualité réglementaire solide à 1.79 : cadre politique sain.,1.7944361
IRL,Reserves,risk,reserves_low,Reserves below 3 months of imports,Réserves sous 3 mois d'importations,0.1406788790813
IRL,Rule of law,opportunity,rule_of_law_high,Strong rule of law at 1.59: solid legal enforcement.,État de droit solide à 1.59 : application du droit fiable.,1.5913218999999998
IRL,Unemployment,opportunity,unemp_low,Low unemployment below 5 % (value: 4.3),Chômage faible sous 5 % (valeur : 4.3),4.3
IRL,Youth unemployment,opportunity,youth_unemp_low,Youth unemployment below 12 % (value: 10.4),Chômage des jeunes sous 12 % (valeur : 10.4),10.439
IRN,Control of corruption,risk,corruption_high,Control of corruption below -0.5,"Maîtrise de la corruption inférieure à -0,5",-1.1472382
IRN,Current account,opportunity,ca_surplus,Current account surplus above 3 % of GDP (value: 11.4),Excédent courant au-dessus de 3 % du PIB (valeur : 11.4),11.3886353724179
IRN,Debt service,opportunity,debt_service_low,Low debt service at 0.3% of exports: manageable external burden.,Service de la dette faible a 0.3% des exports : charge externe maitrisee.,0.284993582584259
IRN,External debt,opportunity,ext_debt_low,External debt below 30 % of GNI (value: 2.2),Dette externe sous 30 % du RNB (valeur : 2.2),2.21280566524888
IRN,Fiscal balance,risk,fiscal_deficit,Fiscal deficit beyond -5 % of GDP,Déficit budgétaire au-delà de -5 % du PIB,-5.185
IRN,Gen gov debt,opportunity,debt_low,Government debt below 40 % of GDP (value: 37.3),Dette publique sous 40 % du PIB (valeur : 37.3),37.254
IRN,Inflation,risk,inflation_high,Inflation above 10 %,Inflation supérieure à 10 %,32.455871402917
IRN,Political stability,risk,political_instability,Political stability below -1.0,"Stabilité politique inférieure à -1,0",-1.5811883999999998
IRN,Regulatory quality,risk,regulatory_quality_low,Regulatory quality below -0.5,"Qualité réglementaire inférieure à -0,5",-1.5113535
IRN,Rule of law,risk,rule_of_law_low,Rule of law below -0.5,"État de droit inférieur à -0,5",-1.2348012
IRQ,Control of corruption,risk,corruption_high,Control of corruption below -0.5,"Maîtrise de la corruption inférieure à -0,5",-1.2050155
IRQ,Debt service,opportunity,debt_service_low,Low debt service at 3.0% of exports: manageable external burden.,Service de la dette faible a 3.0% des exports : charge externe maitrisee.,2.95676245098624
IRQ,External debt,opportunity,ext_debt_low,External debt below 30 % of GNI (value: 6.2),Dette externe sous 30 % du RNB (valeur : 6.2),6.22639916968424
IRQ,Fiscal balance,risk,fiscal_deficit,Fiscal deficit beyond -5 % of GDP,Déficit budgétaire au-delà de -5 % du PIB,-7.191
IRQ,GDP growth,risk,recession,Negative GDP growth,Croissance du PIB négative,-1.54525198319173
IRQ,Gini,opportunity,gini_low,"Low inequality (Gini below 35, value: 29.8)","Inégalités contenues (Gini sous 35, valeur : 29.8)",29.8
IRQ,Inflation,opportunity,inflation_low,Inflation contained below 3 % (value: 2.6),Inflation contenue sous 3 % (valeur : 2.6),2.6116961151764
IRQ,Political stability,risk,political_instability,Political stability below -1.0,"Stabilité politique inférieure à -1,0",-2.0642762
IRQ,Regulatory quality,risk,regulatory_quality_low,Regulatory quality below -0.5,"Qualité réglementaire inférieure à -0,5",-1.030546
IRQ,Reserves,opportunity,reserves_high,Comfortable reserves above 6 months of imports (value: 11.2),Réserves confortables au-dessus de 6 mois d'importations (valeur : 11.2),11.2072163127604
IRQ,Rule of law,risk,rule_of_law_low,Rule of law below -0.5,"État de droit inférieur à -0,5",-1.3581614
IRQ,Unemployment,risk,unemp_high,Unemployment above 15 %,Chômage supérieur à 15 %,15.293
IRQ,Youth unemployment,risk,youth_unemp_high,Youth unemployment above 25 %,Chômage des jeunes supérieur à 25 %,31.726
ISL,Control of corruption,opportunity,corruption_ctrl_high,Good control of corruption above 0.5 (value: 1.83),"Maîtrise de la corruption solide au-dessus de 0,5 (valeur : 1.83)",1.828818
ISL,Fiscal balance,opportunity,fiscal_surplus,Fiscal surplus of 1.3% of GDP: comfortable policy space.,Excédent budgétaire de 1.3% du PIB : marge de manœuvre confortable.,1.281
ISL,GDP growth,risk,recession,Negative GDP growth,Croissance du PIB négative,-1.2828764442695
ISL,Gini,opportunity,gini_low,"Low inequality (Gini below 35, value: 26.8)","Inégalités contenues (Gini sous 35, valeur : 26.8)",26.8
ISL,Political stability,opportunity,pol_stability_high,Strong political stability above 0.5 (value: 1.21),"Stabilité politique solide au-dessus de 0,5 (valeur : 1.21)",1.2056034
ISL,Regulatory quality,opportunity,regulatory_quality_high,Strong regulatory quality at 1.33: sound policy framework.,Qualité réglementaire solide à 1.33 : cadre politique sain.,1.3302839
ISL,Rule of law,opportunity,rule_of_law_high,Strong rule of law at 1.63: solid legal enforcement.,État de droit solide à 1.63 : application du droit fiable.,1.6278886
ISL,Unemployment,opportunity,unemp_low,Low unemployment below 5 % (value: 3.6),Chômage faible sous 5 % (valeur : 3.6),3.6
ISL,Youth unemployment,opportunity,youth_unemp_low,Youth unemployment below 12 % (value: 8.8),Chômage des jeunes sous 12 % (valeur : 8.8),8.78
ISR,Control of corruption,opportunity,corruption_ctrl_high,Good control of corruption above 0.5 (value: 0.85),"Maîtrise de la corruption solide au-dessus de 0,5 (valeur : 0.85)",0.8533189999999999
ISR,Fiscal balance,risk,fiscal_deficit,Fiscal deficit beyond -5 % of GDP,Déficit budgétaire au-delà de -5 % du PIB,-5.859
ISR,Political stability,risk,political_instability,Political stability below -1.0,"Stabilité politique inférieure à -1,0",-1.0375015
ISR,Regulatory quality,opportunity,regulatory_quality_high,Strong regulatory quality at 1.11: sound policy framework.,Qualité réglementaire solide à 1.11 : cadre politique sain.,1.1138772
ISR,Reserves,opportunity,reserves_high,Comfortable reserves above 6 months of imports (value: 15.8),Réserves confortables au-dessus de 6 mois d'importations (valeur : 15.8),15.8333842967618
ISR,Rule of law,opportunity,rule_of_law_high,Strong rule of law at 0.60: solid legal enforcement.,État de droit solide à 0.60 : application du droit fiable.,0.5997177
ISR,Unemployment,opportunity,unemp_low,Low unemployment below 5 % (value: 3.6),Chômage faible sous 5 % (valeur : 3.6),3.595
ISR,Youth unemployment,opportunity,youth_unemp_low,Youth unemployment below 12 % (value: 6.2),Chômage des jeunes sous 12 % (valeur : 6.2),6.163
ITA,Control of corruption,opportunity,corruption_ctrl_high,Good control of corruption above 0.5 (value: 0.55),"Maîtrise de la corruption solide au-dessus de 0,5 (valeur : 0.55)",0.5531621
ITA,Gen gov debt,risk,debt_high,Government debt above 90 % of GDP,Dette publique au-dessus de 90 % du PIB,138.384
ITA,Gini,opportunity,gini_low,"Low inequality (Gini below 35, value: 34.3)","Inégalités contenues (Gini sous 35, valeur : 34.3)",34.3
ITA,Inflation,opportunity,inflation_low,Inflation contained below 3 % (value: 1.0),Inflation contenue sous 3 % (valeur : 1.0),0.982373023061417
ITA,Regulatory quality,opportunity,regulatory_quality_high,Strong regulatory quality at 0.64: sound policy framework.,Qualité réglementaire solide à 0.64 : cadre politique sain.,0.6401491
ITA,Rule of law,opportunity,rule_of_law_high,Strong rule of law at 0.62: solid legal enforcement.,État de droit solide à 0.62 : application du droit fiable.,0.6192042999999999
JAM,Current account,opportunity,ca_surplus,Current account surplus above 3 % of GDP (value: 3.1),Excédent courant au-dessus de 3 % du PIB (valeur : 3.1),3.08347028977771
JAM,Debt service,risk,debt_service_high,Debt service above 25 % of exports,Service de la dette au-dessus de 25 % des exports,31.8505046193829
JAM,External debt,risk,external_debt_high,External debt above 60% of GNI,Dette externe supérieure à 60 % du RNB,76.0700580586773
JAM,GDP growth,risk,recession,Negative GDP growth,Croissance du PIB négative,-0.535039063867487
JAM,Reserves,opportunity,reserves_high,Comfortable reserves above 6 months of imports (value: 6.5),Réserves confortables au-dessus de 6 mois d'importations (valeur : 6.5),6.47177111104504
JAM,Unemployment,opportunity,unemp_low,Low unemployment below 5 % (value: 3.2),Chômage faible sous 5 % (valeur : 3.2),3.151
JAM,Youth unemployment,opportunity,youth_unemp_low,Youth unemployment below 12 % (value: 10.4),Chômage des jeunes sous 12 % (valeur : 10.4),10.383
JOR,Current account,risk,ca_deficit,Current account deficit beyond -5 % of GDP,Déficit courant au-delà de -5 % du PIB,-5.33366328480029
JOR,External debt,risk,external_debt_high,External debt above 60% of GNI,Dette externe supérieure à 60 % du RNB,90.1349716229773
JOR,Gini,opportunity,gini_low,"Low inequality (Gini below 35, value: 33.7)","Inégalités contenues (Gini sous 35, valeur : 33.7)",33.7
JOR,Inflation,opportunity,inflation_low,Inflation contained below 3 % (value: 1.6),Inflation contenue sous 3 % (valeur : 1.6),1.55659611283953
JOR,Reserves,opportunity,reserves_high,Comfortable reserves above 6 months of imports (value: 7.8),Réserves confortables au-dessus de 6 mois d'importations (valeur : 7.8),7.79308209953668
JOR,Unemployment,risk,unemp_high,Unemployment above 15 %,Chômage supérieur à 15 %,16.693
JOR,Youth unemployment,risk,youth_unemp_high,Youth unemployment above 25 %,Chômage des jeunes supérieur à 25 %,39.053
JPN,Control of corruption,opportunity,corruption_ctrl_high,Good control of corruption above 0.5 (value: 1.36),"Maîtrise de la corruption solide au-dessus de 0,5 (valeur : 1.36)",1.3570132
JPN,Current account,opportunity,ca_surplus,Current account surplus above 3 % of GDP (value: 4.6),Excédent courant au-dessus de 3 % du PIB (valeur : 4.6),4.62202410018024
JPN,GDP growth,risk,recession,Negative GDP growth,Croissance du PIB négative,-0.240084236041696
JPN,Gen gov debt,risk,debt_high,Government debt above 90 % of GDP,Dette publique au-dessus de 90 % du PIB,204.351
JPN,Gini,opportunity,gini_low,"Low inequality (Gini below 35, value: 32.3)","Inégalités contenues (Gini sous 35, valeur : 32.3)",32.3
JPN,Inflation,opportunity,inflation_low,Inflation contained below 3 % (value: 2.7),Inflation contenue sous 3 % (valeur : 2.7),2.73853681635241
JPN,Political stability,opportunity,pol_stability_high,Strong political stability above 0.5 (value: 1.13),"Stabilité politique solide au-dessus de 0,5 (valeur : 1.13)",1.1343228
JPN,Regulatory quality,opportunity,regulatory_quality_high,Strong regulatory quality at 1.33: sound policy framework.,Qualité réglementaire solide à 1.33 : cadre politique sain.,1.3296352
JPN,Reserves,opportunity,reserves_high,Comfortable reserves above 6 months of imports (value: 13.0),Réserves confortables au-dessus de 6 mois d'importations (valeur : 13.0),12.9546613262798
JPN,Rule of law,opportunity,rule_of_law_high,Strong rule of law at 1.51: solid legal enforcement.,État de droit solide à 1.51 : application du droit fiable.,1.5115752999999998
JPN,Unemployment,opportunity,unemp_low,Low unemployment below 5 % (value: 2.5),Chômage faible sous 5 % (valeur : 2.5),2.5
JPN,Youth unemployment,opportunity,youth_unemp_low,Youth unemployment below 12 % (value: 3.9),Chômage des jeunes sous 12 % (valeur : 3.9),3.93
KAZ,Debt service,risk,debt_service_high,Debt service above 25 % of exports,Service de la dette au-dessus de 25 % des exports,48.4343756201676
KAZ,External debt,risk,external_debt_high,External debt above 60% of GNI,Dette externe supérieure à 60 % du RNB,62.6029318152699
KAZ,Gen gov debt,opportunity,debt_low,Government debt below 40 % of GDP (value: 24.9),Dette publique sous 40 % du PIB (valeur : 24.9),24.931
KAZ,Gini,opportunity,gini_low,"Low inequality (Gini below 35, value: 29.2)","Inégalités contenues (Gini sous 35, valeur : 29.2)",29.2
KAZ,Unemployment,opportunity,unemp_low,Low unemployment below 5 % (value: 4.8),Chômage faible sous 5 % (valeur : 4.8),4.833
KAZ,Youth unemployment,opportunity,youth_unemp_low,Youth unemployment below 12 % (value: 3.8),Chômage des jeunes sous 12 % (valeur : 3.8),3.816
KEN,Control of corruption,risk,corruption_high,Control of corruption below -0.5,"Maîtrise de la corruption inférieure à -0,5",-0.8018297
KEN,Debt service,risk,debt_service_high,Debt service above 25 % of exports,Service de la dette au-dessus de 25 % des exports,27.2238636965006
KEN,Fiscal balance,risk,fiscal_deficit,Fiscal deficit beyond -5 % of GDP,Déficit budgétaire au-delà de -5 % du PIB,-6.425
KEN,Political stability,risk,political_instability,Political stability below -1.0,"Stabilité politique inférieure à -1,0",-1.3556816
KGZ,Control of corruption,risk,corruption_high,Control of corruption below -0.5,"Maîtrise de la corruption inférieure à -0,5",-1.1364649
KGZ,Current account,risk,ca_deficit,Current account deficit beyond -5 % of GDP,Déficit courant au-delà de -5 % du PIB,-22.6410105179248
KGZ,External debt,risk,external_debt_high,External debt above 60% of GNI,Dette externe supérieure à 60 % du RNB,69.2449937236268
KGZ,GDP growth,opportunity,growth_strong,Strong GDP growth above 5 % (value: 11.5),Croissance du PIB soutenue au-dessus de 5 % (valeur : 11.5),11.5397119406559
KGZ,Gen gov debt,opportunity,debt_low,Government debt below 40 % of GDP (value: 37.4),Dette publique sous 40 % du PIB (valeur : 37.4),37.384
KGZ,Gini,opportunity,gini_low,"Low inequality (Gini below 35, value: 27.5)","Inégalités contenues (Gini sous 35, valeur : 27.5)",27.5
KGZ,Regulatory quality,risk,regulatory_quality_low,Regulatory quality below -0.5,"Qualité réglementaire inférieure à -0,5",-0.5167463999999999
KGZ,Rule of law,risk,rule_of_law_low,Rule of law below -0.5,"État de droit inférieur à -0,5",-0.9360937
KGZ,Unemployment,opportunity,unemp_low,Low unemployment below 5 % (value: 3.5),Chômage faible sous 5 % (valeur : 3.5),3.491
KGZ,Youth unemployment,opportunity,youth_unemp_low,Youth unemployment below 12 % (value: 8.4),Chômage des jeunes sous 12 % (valeur : 8.4),8.42
KHM,Control of corruption,risk,corruption_high,Control of corruption below -0.5,"Maîtrise de la corruption inférieure à -0,5",-1.2328592
KHM,GDP growth,opportunity,growth_strong,Strong GDP growth above 5 % (value: 6.0),Croissance du PIB soutenue au-dessus de 5 % (valeur : 6.0),6.0158145735202
KHM,Gen gov debt,opportunity,debt_low,Government debt below 40 % of GDP (value: 27.1),Dette publique sous 40 % du PIB (valeur : 27.1),27.094
KHM,Inflation,opportunity,inflation_low,Inflation contained below 3 % (value: 0.8),Inflation contenue sous 3 % (valeur : 0.8),0.808042016536654
KHM,Regulatory quality,risk,regulatory_quality_low,Regulatory quality below -0.5,"Qualité réglementaire inférieure à -0,5",-0.6313721
KHM,Reserves,opportunity,reserves_high,Comfortable reserves above 6 months of imports (value: 7.7),Réserves confortables au-dessus de 6 mois d'importations (valeur : 7.7),7.65136409383053
KHM,Rule of law,risk,rule_of_law_low,Rule of law below -0.5,"État de droit inférieur à -0,5",-1.0562612
KHM,Unemployment,opportunity,unemp_low,Low unemployment below 5 % (value: 0.3),Chômage faible sous 5 % (valeur : 0.3),0.254
KHM,Youth unemployment,opportunity,youth_unemp_low,Youth unemployment below 12 % (value: 0.7),Chômage des jeunes sous 12 % (valeur : 0.7),0.704
KIR,Current account,risk,ca_deficit,Current account deficit beyond -5 % of GDP,Déficit courant au-delà de -5 % du PIB,-17.3510233551176
KIR,Fiscal balance,risk,fiscal_deficit,Fiscal deficit beyond -5 % of GDP,Déficit budgétaire au-delà de -5 % du PIB,-16.645
KIR,Gen gov debt,opportunity,debt_low,Government debt below 40 % of GDP (value: 7.7),Dette publique sous 40 % du PIB (valeur : 7.7),7.745
KIR,Gini,opportunity,gini_low,"Low inequality (Gini below 35, value: 24.7)","Inégalités contenues (Gini sous 35, valeur : 24.7)",24.7
KIR,Inflation,opportunity,inflation_low,Inflation contained below 3 % (value: 2.5),Inflation contenue sous 3 % (valeur : 2.5),2.45545072159028
KIR,Political stability,opportunity,pol_stability_high,Strong political stability above 0.5 (value: 1.24),"Stabilité politique solide au-dessus de 0,5 (valeur : 1.24)",1.2381638
KIR,Regulatory quality,risk,regulatory_quality_low,Regulatory quality below -0.5,"Qualité réglementaire inférieure à -0,5",-0.5014363
KIR,Rule of law,opportunity,rule_of_law_high,Strong rule of law at 0.79: solid legal enforcement.,État de droit solide à 0.79 : application du droit fiable.,0.78601
KNA,Current account,risk,ca_deficit,Current account deficit beyond -5 % of GDP,Déficit courant au-delà de -5 % du PIB,-12.189028494118
KNA,Fiscal balance,risk,fiscal_deficit,Fiscal deficit beyond -5 % of GDP,Déficit budgétaire au-delà de -5 % du PIB,-7.486
KNA,Political stability,opportunity,pol_stability_high,Strong political stability above 0.5 (value: 0.91),"Stabilité politique solide au-dessus de 0,5 (valeur : 0.91)",0.9121334
KNA,Rule of law,opportunity,rule_of_law_high,Strong rule of law at 0.59: solid legal enforcement.,État de droit solide à 0.59 : application du droit fiable.,0.5904494
KOR,Control of corruption,opportunity,corruption_ctrl_high,Good control of corruption above 0.5 (value: 0.85),"Maîtrise de la corruption solide au-dessus de 0,5 (valeur : 0.85)",0.8495585999999999
KOR,Current account,opportunity,ca_surplus,Current account surplus above 3 % of GDP (value: 5.3),Excédent courant au-dessus de 3 % du PIB (valeur : 5.3),5.33081628105267
KOR,Gini,opportunity,gini_low,"Low inequality (Gini below 35, value: 32.9)","Inégalités contenues (Gini sous 35, valeur : 32.9)",32.9
KOR,Inflation,opportunity,inflation_low,Inflation contained below 3 % (value: 2.3),Inflation contenue sous 3 % (valeur : 2.3),2.32174328643542
KOR,Political stability,opportunity,pol_stability_high,Strong political stability above 0.5 (value: 0.64),"Stabilité politique solide au-dessus de 0,5 (valeur : 0.64)",0.6393495
KOR,Regulatory quality,opportunity,regulatory_quality_high,Strong regulatory quality at 1.01: sound policy framework.,Qualité réglementaire solide à 1.01 : cadre politique sain.,1.013674
KOR,Reserves,opportunity,reserves_high,Comfortable reserves above 6 months of imports (value: 6.2),Réserves confortables au-dessus de 6 mois d'importations (valeur : 6.2),6.19834331246318
KOR,Rule of law,opportunity,rule_of_law_high,Strong rule of law at 1.12: solid legal enforcement.,État de droit solide à 1.12 : application du droit fiable.,1.1174546
KOR,Unemployment,opportunity,unemp_low,Low unemployment below 5 % (value: 2.8),Chômage faible sous 5 % (valeur : 2.8),2.784
KOR,Youth unemployment,opportunity,youth_unemp_low,Youth unemployment below 12 % (value: 6.4),Chômage des jeunes sous 12 % (valeur : 6.4),6.434
KWT,Current account,opportunity,ca_surplus,Current account surplus above 3 % of GDP (value: 29.0),Excédent courant au-dessus de 3 % du PIB (valeur : 29.0),29.025293802042
KWT,Fiscal balance,opportunity,fiscal_surplus,Fiscal surplus of 27.6% of GDP: comfortable policy space.,Excédent budgétaire de 27.6% du PIB : marge de manœuvre confortable.,27.58
KWT,GDP growth,risk,recession,Negative GDP growth,Croissance du PIB négative,-1.47401818168846
KWT,Gen gov debt,opportunity,debt_low,Government debt below 40 % of GDP (value: 22.3),Dette publique sous 40 % du PIB (valeur : 22.3),22.296
KWT,Inflation,opportunity,inflation_low,Inflation contained below 3 % (value: 2.9),Inflation contenue sous 3 % (valeur : 2.9),2.89855072463762
KWT,Reserves,opportunity,reserves_high,Comfortable reserves above 6 months of imports (value: 9.0),Réserves confortables au-dessus de 6 mois d'importations (valeur : 9.0),8.95073906369193
KWT,Unemployment,opportunity,unemp_low,Low unemployment below 5 % (value: 2.2),Chômage faible sous 5 % (valeur : 2.2),2.151
LAO,Control of corruption,risk,corruption_high,Control of corruption below -0.5,"Maîtrise de la corruption inférieure à -0,5",-0.9798961
LAO,Current account,opportunity,ca_surplus,Current account surplus above 3 % of GDP (value: 3.2),Excédent courant au-dessus de 3 % du PIB (valeur : 3.2),3.21986797869176
LAO,External debt,risk,external_debt_high,External debt above 60% of GNI,Dette externe supérieure à 60 % du RNB,115.404417712173
LAO,Gini,opportunity,gini_low,"Low inequality (Gini below 35, value: 34.7)","Inégalités contenues (Gini sous 35, valeur : 34.7)",34.7
LAO,Inflation,risk,inflation_high,Inflation above 10 %,Inflation supérieure à 10 %,23.1305695942588
LAO,Political stability,opportunity,pol_stability_high,Strong political stability above 0.5 (value: 0.56),"Stabilité politique solide au-dessus de 0,5 (valeur : 0.56)",0.5576599
LAO,Regulatory quality,risk,regulatory_quality_low,Regulatory quality below -0.5,"Qualité réglementaire inférieure à -0,5",-0.6360281999999999
LAO,Reserves,risk,reserves_low,Reserves below 3 months of imports,Réserves sous 3 mois d'importations,2.39405886523859
LAO,Rule of law,risk,rule_of_law_low,Rule of law below -0.5,"État de droit inférieur à -0,5",-0.7424166999999999
LAO,Unemployment,opportunity,unemp_low,Low unemployment below 5 % (value: 1.2),Chômage faible sous 5 % (valeur : 1.2),1.174
LAO,Youth unemployment,opportunity,youth_unemp_low,Youth unemployment below 12 % (value: 2.2),Chômage des jeunes sous 12 % (valeur : 2.2),2.178
LBN,Control of corruption,risk,corruption_high,Control of corruption below -0.5,"Maîtrise de la corruption inférieure à -0,5",-1.3041344
LBN,Current account,risk,ca_deficit,Current account deficit beyond -5 % of GDP,Déficit courant au-delà de -5 % du PIB,-28.103669636709
LBN,External debt,risk,external_debt_high,External debt above 60% of GNI,Dette externe supérieure à 60 % du RNB,331.649550570327
LBN,Fiscal balance,opportunity,fiscal_surplus,Fiscal surplus of 3.9% of GDP: comfortable policy space.,Excédent budgétaire de 3.9% du PIB : marge de manœuvre confortable.,3.908
LBN,GDP growth,risk,recession,Negative GDP growth,Croissance du PIB négative,-7.07989192861814
LBN,Gen gov debt,risk,debt_high,Government debt above 90 % of GDP,Dette publique au-dessus de 90 % du PIB,139.398
LBN,Inflation,risk,inflation_high,Inflation above 10 %,Inflation supérieure à 10 %,45.2430422716718
LBN,Political stability,risk,political_instability,Political stability below -1.0,"Stabilité politique inférieure à -1,0",-1.3896806
LBN,Regulatory quality,risk,regulatory_quality_low,Regulatory quality below -0.5,"Qualité réglementaire inférieure à -0,5",-0.9588794
LBN,Reserves,opportunity,reserves_high,Comfortable reserves above 6 months of imports (value: 13.6),Réserves confortables au-dessus de 6 mois d'importations (valeur : 13.6),13.6032284132075
LBN,Rule of law,risk,rule_of_law_low,Rule of law below -0.5,"État de droit inférieur à -0,5",-1.0853525
LBR,Control of corruption,risk,corruption_high,Control of corruption below -0.5,"Maîtrise de la corruption inférieure à -0,5",-1.0473848
LBR,Debt service,opportunity,debt_service_low,Low debt service at 9.1% of exports: manageable external burden.,Service de la dette faible a 9.1% des exports : charge externe maitrisee.,9.14927792628863
LBR,Regulatory quality,risk,regulatory_quality_low,Regulatory quality below -0.5,"Qualité réglementaire inférieure à -0,5",-0.8418216
LBR,Reserves,risk,reserves_low,Reserves below 3 months of imports,Réserves sous 3 mois d'importations,2.01571374383086
LBR,Rule of law,risk,rule_of_law_low,Rule of law below -0.5,"État de droit inférieur à -0,5",-0.868004
LBR,Unemployment,opportunity,unemp_low,Low unemployment below 5 % (value: 2.9),Chômage faible sous 5 % (valeur : 2.9),2.914
LBR,Youth unemployment,opportunity,youth_unemp_low,Youth unemployment below 12 % (value: 2.2),Chômage des jeunes sous 12 % (valeur : 2.2),2.218
LBY,Control of corruption,risk,corruption_high,Control of corruption below -0.5,"Maîtrise de la corruption inférieure à -0,5",-1.5315957
LBY,Current account,opportunity,ca_surplus,Current account surplus above 3 % of GDP (value: 4.2),Excédent courant au-dessus de 3 % du PIB (valeur : 4.2),4.23506448409627
LBY,Fiscal balance,risk,fiscal_deficit,Fiscal deficit beyond -5 % of GDP,Déficit budgétaire au-delà de -5 % du PIB,-20.908
LBY,Inflation,opportunity,inflation_low,Inflation contained below 3 % (value: 2.1),Inflation contenue sous 3 % (valeur : 2.1),2.12615766885021
LBY,Political stability,risk,political_instability,Political stability below -1.0,"Stabilité politique inférieure à -1,0",-1.8964767
LBY,Regulatory quality,risk,regulatory_quality_low,Regulatory quality below -0.5,"Qualité réglementaire inférieure à -0,5",-1.7391073
LBY,Reserves,opportunity,reserves_high,Comfortable reserves above 6 months of imports (value: 31.6),Réserves confortables au-dessus de 6 mois d'importations (valeur : 31.6),31.5696640862316
LBY,Rule of law,risk,rule_of_law_low,Rule of law below -0.5,"État de droit inférieur à -0,5",-1.6980126
LBY,Unemployment,risk,unemp_high,Unemployment above 15 %,Chômage supérieur à 15 %,19.085
LBY,Youth unemployment,risk,youth_unemp_high,Youth unemployment above 25 %,Chômage des jeunes supérieur à 25 %,50.586
LCA,Debt service,opportunity,debt_service_low,Low debt service at 4.7% of exports: manageable external burden.,Service de la dette faible a 4.7% des exports : charge externe maitrisee.,4.74628702405992
LCA,Inflation,opportunity,inflation_low,Inflation contained below 3 % (value: -0.7),Inflation contenue sous 3 % (valeur : -0.7),-0.674240853418779
LCA,Political stability,opportunity,pol_stability_high,Strong political stability above 0.5 (value: 1.04),"Stabilité politique solide au-dessus de 0,5 (valeur : 1.04)",1.0382485
LCA,Reserves,risk,reserves_low,Reserves below 3 months of imports,Réserves sous 3 mois d'importations,2.67775627364292
LCA,Rule of law,opportunity,rule_of_law_high,Strong rule of law at 0.50: solid legal enforcement.,État de droit solide à 0.50 : application du droit fiable.,0.5032686
LIE,Control of corruption,opportunity,corruption_ctrl_high,Good control of corruption above 0.5 (value: 1.76),"Maîtrise de la corruption solide au-dessus de 0,5 (valeur : 1.76)",1.7550399
LIE,Fiscal balance,opportunity,fiscal_surplus,Fiscal surplus of 3.0% of GDP: comfortable policy space.,Excédent budgétaire de 3.0% du PIB : marge de manœuvre confortable.,3.007
LIE,GDP growth,risk,recession,Negative GDP growth,Croissance du PIB négative,-1.15748291975636
LIE,Gen gov debt,opportunity,debt_low,Government debt below 40 % of GDP (value: 0.5),Dette publique sous 40 % du PIB (valeur : 0.5),0.524
LIE,Political stability,opportunity,pol_stability_high,Strong political stability above 0.5 (value: 1.58),"Stabilité politique solide au-dessus de 0,5 (valeur : 1.58)",1.5823538
LIE,Regulatory quality,opportunity,regulatory_quality_high,Strong regulatory quality at 1.54: sound policy framework.,Qualité réglementaire solide à 1.54 : cadre politique sain.,1.5359737999999998
LIE,Rule of law,opportunity,rule_of_law_high,Strong rule of law at 1.73: solid legal enforcement.,État de droit solide à 1.73 : application du droit fiable.,1.7275435
LKA,Fiscal balance,risk,fiscal_deficit,Fiscal deficit beyond -5 % of GDP,Déficit budgétaire au-delà de -5 % du PIB,-5.426
LKA,Gen gov debt,risk,debt_high,Government debt above 90 % of GDP,Dette publique au-dessus de 90 % du PIB,100.84
LKA,Inflation,opportunity,inflation_low,Inflation contained below 3 % (value: -0.4),Inflation contenue sous 3 % (valeur : -0.4),-0.42936004906973
LKA,Reserves,risk,reserves_low,Reserves below 3 months of imports,Réserves sous 3 mois d'importations,2.86493580597895
LKA,Unemployment,opportunity,unemp_low,Low unemployment below 5 % (value: 4.2),Chômage faible sous 5 % (valeur : 4.2),4.239
LSO,Current account,opportunity,ca_surplus,Current account surplus above 3 % of GDP (value: 3.7),Excédent courant au-dessus de 3 % du PIB (valeur : 3.7),3.73488863491482
LSO,Debt service,opportunity,debt_service_low,Low debt service at 6.9% of exports: manageable external burden.,Service de la dette faible a 6.9% des exports : charge externe maitrisee.,6.88637904028134
LSO,External debt,risk,external_debt_high,External debt above 60% of GNI,Dette externe supérieure à 60 % du RNB,65.3503315479921
LSO,Fiscal balance,opportunity,fiscal_surplus,Fiscal surplus of 6.1% of GDP: comfortable policy space.,Excédent budgétaire de 6.1% du PIB : marge de manœuvre confortable.,6.087
LSO,GDP growth,opportunity,growth_strong,Strong GDP growth above 5 % (value: 5.2),Croissance du PIB soutenue au-dessus de 5 % (valeur : 5.2),5.22503380336101
LSO,Unemployment,risk,unemp_high,Unemployment above 15 %,Chômage supérieur à 15 %,16.34
LTU,Control of corruption,opportunity,corruption_ctrl_high,Good control of corruption above 0.5 (value: 0.99),"Maîtrise de la corruption solide au-dessus de 0,5 (valeur : 0.99)",0.9927892
LTU,Current account,opportunity,ca_surplus,Current account surplus above 3 % of GDP (value: 3.2),Excédent courant au-dessus de 3 % du PIB (valeur : 3.2),3.24144056300641
LTU,Inflation,opportunity,inflation_low,Inflation contained below 3 % (value: 0.7),Inflation contenue sous 3 % (valeur : 0.7),0.715735835228723
LTU,Political stability,opportunity,pol_stability_high,Strong political stability above 0.5 (value: 0.94),"Stabilité politique solide au-dessus de 0,5 (valeur : 0.94)",0.9394441
LTU,Regulatory quality,opportunity,regulatory_quality_high,Strong regulatory quality at 1.29: sound policy framework.,Qualité réglementaire solide à 1.29 : cadre politique sain.,1.291591
LTU,Reserves,risk,reserves_low,Reserves below 3 months of imports,Réserves sous 3 mois d'importations,1.38519704933976
LTU,Rule of law,opportunity,rule_of_law_high,Strong rule of law at 1.37: solid legal enforcement.,État de droit solide à 1.37 : application du droit fiable.,1.3742358
LUX,Control of corruption,opportunity,corruption_ctrl_high,Good control of corruption above 0.5 (value: 2.02),"Maîtrise de la corruption solide au-dessus de 0,5 (valeur : 2.02)",2.0157595
LUX,Current account,opportunity,ca_surplus,Current account surplus above 3 % of GDP (value: 7.2),Excédent courant au-dessus de 3 % du PIB (valeur : 7.2),7.19327054062351
LUX,Gen gov debt,opportunity,debt_low,Government debt below 40 % of GDP (value: 28.0),Dette publique sous 40 % du PIB (valeur : 28.0),28.04
LUX,Gini,opportunity,gini_low,"Low inequality (Gini below 35, value: 33.6)","Inégalités contenues (Gini sous 35, valeur : 33.6)",33.6
LUX,Inflation,opportunity,inflation_low,Inflation contained below 3 % (value: 2.1),Inflation contenue sous 3 % (valeur : 2.1),2.05113269954859
LUX,Political stability,opportunity,pol_stability_high,Strong political stability above 0.5 (value: 1.07),"Stabilité politique solide au-dessus de 0,5 (valeur : 1.07)",1.0730532
LUX,Regulatory quality,opportunity,regulatory_quality_high,Strong regulatory quality at 1.84: sound policy framework.,Qualité réglementaire solide à 1.84 : cadre politique sain.,1.8386524
LUX,Reserves,risk,reserves_low,Reserves below 3 months of imports,Réserves sous 3 mois d'importations,0.0602281074355101
LUX,Rule of law,opportunity,rule_of_law_high,Strong rule of law at 1.76: solid legal enforcement.,État de droit solide à 1.76 : application du droit fiable.,1.7617682
LVA,Control of corruption,opportunity,corruption_ctrl_high,Good control of corruption above 0.5 (value: 0.83),"Maîtrise de la corruption solide au-dessus de 0,5 (valeur : 0.83)",0.8251335999999999
LVA,GDP growth,risk,recession,Negative GDP growth,Croissance du PIB négative,-0.0370556648288982
LVA,Gini,opportunity,gini_low,"Low inequality (Gini below 35, value: 34.0)","Inégalités contenues (Gini sous 35, valeur : 34.0)",34.0
LVA,Inflation,opportunity,inflation_low,Inflation contained below 3 % (value: 1.3),Inflation contenue sous 3 % (valeur : 1.3),1.26579885828729
LVA,Political stability,opportunity,pol_stability_high,Strong political stability above 0.5 (value: 0.62),"Stabilité politique solide au-dessus de 0,5 (valeur : 0.62)",0.6201401999999999
LVA,Regulatory quality,opportunity,regulatory_quality_high,Strong regulatory quality at 1.10: sound policy framework.,Qualité réglementaire solide à 1.10 : cadre politique sain.,1.0998172
LVA,Reserves,risk,reserves_low,Reserves below 3 months of imports,Réserves sous 3 mois d'importations,1.84788060721375
LVA,Rule of law,opportunity,rule_of_law_high,Strong rule of law at 1.09: solid legal enforcement.,État de droit solide à 1.09 : application du droit fiable.,1.0913834999999998
MAC,Control of corruption,opportunity,corruption_ctrl_high,Good control of corruption above 0.5 (value: 0.57),"Maîtrise de la corruption solide au-dessus de 0,5 (valeur : 0.57)",0.5733844
MAC,Current account,opportunity,ca_surplus,Current account surplus above 3 % of GDP (value: 33.7),Excédent courant au-dessus de 3 % du PIB (valeur : 33.7),33.733852567417
MAC,Fiscal balance,opportunity,fiscal_surplus,Fiscal surplus of 4.2% of GDP: comfortable policy space.,Excédent budgétaire de 4.2% du PIB : marge de manœuvre confortable.,4.212
MAC,GDP growth,opportunity,growth_strong,Strong GDP growth above 5 % (value: 7.8),Croissance du PIB soutenue au-dessus de 5 % (valeur : 7.8),7.84960207010525
MAC,Inflation,opportunity,inflation_low,Inflation contained below 3 % (value: 0.7),Inflation contenue sous 3 % (valeur : 0.7),0.672498598854365
MAC,Political stability,opportunity,pol_stability_high,Strong political stability above 0.5 (value: 1.05),"Stabilité politique solide au-dessus de 0,5 (valeur : 1.05)",1.053872
MAC,Regulatory quality,opportunity,regulatory_quality_high,Strong regulatory quality at 1.37: sound policy framework.,Qualité réglementaire solide à 1.37 : cadre politique sain.,1.3713907
MAC,Reserves,opportunity,reserves_high,Comfortable reserves above 6 months of imports (value: 9.0),Réserves confortables au-dessus de 6 mois d'importations (valeur : 9.0),9.00280543481805
MAC,Rule of law,opportunity,rule_of_law_high,Strong rule of law at 0.85: solid legal enforcement.,État de droit solide à 0.85 : application du droit fiable.,0.8520978
MAC,Unemployment,opportunity,unemp_low,Low unemployment below 5 % (value: 2.3),Chômage faible sous 5 % (valeur : 2.3),2.262
MAC,Youth unemployment,opportunity,youth_unemp_low,Youth unemployment below 12 % (value: 6.7),Chômage des jeunes sous 12 % (valeur : 6.7),6.692
MAR,Control of corruption,risk,corruption_high,Control of corruption below -0.5,"Maîtrise de la corruption inférieure à -0,5",-0.5186913
MAR,Inflation,opportunity,inflation_low,Inflation contained below 3 % (value: 0.7),Inflation contenue sous 3 % (valeur : 0.7),0.701902154839545
MCO,Control of corruption,opportunity,corruption_ctrl_high,Good control of corruption above 0.5 (value: 1.80),"Maîtrise de la corruption solide au-dessus de 0,5 (valeur : 1.80)",1.8002811
MCO,GDP growth,opportunity,growth_strong,Strong GDP growth above 5 % (value: 8.5),Croissance du PIB soutenue au-dessus de 5 % (valeur : 8.5),8.51053758860212
MCO,Political stability,opportunity,pol_stability_high,Strong political stability above 0.5 (value: 1.24),"Stabilité politique solide au-dessus de 0,5 (valeur : 1.24)",1.2387076
MCO,Regulatory quality,opportunity,regulatory_quality_high,Strong regulatory quality at 1.10: sound policy framework.,Qualité réglementaire solide à 1.10 : cadre politique sain.,1.1021324
MCO,Rule of law,opportunity,rule_of_law_high,Strong rule of law at 1.35: solid legal enforcement.,État de droit solide à 1.35 : application du droit fiable.,1.3453634
MDA,Current account,risk,ca_deficit,Current account deficit beyond -5 % of GDP,Déficit courant au-delà de -5 % du PIB,-16.5470767102724
MDA,Gen gov debt,opportunity,debt_low,Government debt below 40 % of GDP (value: 39.3),Dette publique sous 40 % du PIB (valeur : 39.3),39.345
MDA,Gini,opportunity,gini_low,"Low inequality (Gini below 35, value: 26.8)","Inégalités contenues (Gini sous 35, valeur : 26.8)",26.8
MDA,Unemployment,opportunity,unemp_low,Low unemployment below 5 % (value: 1.4),Chômage faible sous 5 % (valeur : 1.4),1.427
MDA,Youth unemployment,opportunity,youth_unemp_low,Youth unemployment below 12 % (value: 4.5),Chômage des jeunes sous 12 % (valeur : 4.5),4.496
MDG,Control of corruption,risk,corruption_high,Control of corruption below -0.5,"Maîtrise de la corruption inférieure à -0,5",-1.0099165
MDG,Debt service,opportunity,debt_service_low,Low debt service at 7.2% of exports: manageable external burden.,Service de la dette faible a 7.2% des exports : charge externe maitrisee.,7.17223697747634
MDG,Regulatory quality,risk,regulatory_quality_low,Regulatory quality below -0.5,"Qualité réglementaire inférieure à -0,5",-0.7485885999999999
MDG,Rule of law,risk,rule_of_law_low,Rule of law below -0.5,"État de droit inférieur à -0,5",-0.8827065
MDG,Unemployment,opportunity,unemp_low,Low unemployment below 5 % (value: 3.1),Chômage faible sous 5 % (valeur : 3.1),3.051
MDG,Youth unemployment,opportunity,youth_unemp_low,Youth unemployment below 12 % (value: 5.5),Chômage des jeunes sous 12 % (valeur : 5.5),5.46
MDV,Current account,risk,ca_deficit,Current account deficit beyond -5 % of GDP,Déficit courant au-delà de -5 % du PIB,-18.6788603634035
MDV,Debt service,opportunity,debt_service_low,Low debt service at 9.2% of exports: manageable external burden.,Service de la dette faible a 9.2% des exports : charge externe maitrisee.,9.18470294592451
MDV,External debt,risk,external_debt_high,External debt above 60% of GNI,Dette externe supérieure à 60 % du RNB,75.5586486708217
MDV,Fiscal balance,risk,fiscal_deficit,Fiscal deficit beyond -5 % of GDP,Déficit budgétaire au-delà de -5 % du PIB,-11.216
MDV,Gen gov debt,risk,debt_high,Government debt above 90 % of GDP,Dette publique au-dessus de 90 % du PIB,129.368
MDV,Gini,opportunity,gini_low,"Low inequality (Gini below 35, value: 29.3)","Inégalités contenues (Gini sous 35, valeur : 29.3)",29.3
MDV,Inflation,opportunity,inflation_low,Inflation contained below 3 % (value: 1.4),Inflation contenue sous 3 % (valeur : 1.4),1.41093527910134
MDV,Reserves,risk,reserves_low,Reserves below 3 months of imports,Réserves sous 3 mois d'importations,1.30326255855386
MDV,Unemployment,opportunity,unemp_low,Low unemployment below 5 % (value: 4.3),Chômage faible sous 5 % (valeur : 4.3),4.278
MEX,Control of corruption,risk,corruption_high,Control of corruption below -0.5,"Maîtrise de la corruption inférieure à -0,5",-0.9408772
MEX,Debt service,opportunity,debt_service_low,Low debt service at 9.5% of exports: manageable external burden.,Service de la dette faible a 9.5% des exports : charge externe maitrisee.,9.51997025016336
MEX,Rule of law,risk,rule_of_law_low,Rule of law below -0.5,"État de droit inférieur à -0,5",-1.1538644999999998
MEX,Unemployment,opportunity,unemp_low,Low unemployment below 5 % (value: 2.7),Chômage faible sous 5 % (valeur : 2.7),2.678
MEX,Youth unemployment,opportunity,youth_unemp_low,Youth unemployment below 12 % (value: 5.8),Chômage des jeunes sous 12 % (valeur : 5.8),5.76
MHL,Current account,opportunity,ca_surplus,Current account surplus above 3 % of GDP (value: 21.9),Excédent courant au-dessus de 3 % du PIB (valeur : 21.9),21.8711060344774
MHL,Fiscal balance,risk,fiscal_deficit,Fiscal deficit beyond -5 % of GDP,Déficit budgétaire au-delà de -5 % du PIB,-5.995
MHL,Gen gov debt,opportunity,debt_low,Government debt below 40 % of GDP (value: 16.7),Dette publique sous 40 % du PIB (valeur : 16.7),16.747
MHL,Political stability,opportunity,pol_stability_high,Strong political stability above 0.5 (value: 1.28),"Stabilité politique solide au-dessus de 0,5 (valeur : 1.28)",1.2772187
MHL,Regulatory quality,risk,regulatory_quality_low,Regulatory quality below -0.5,"Qualité réglementaire inférieure à -0,5",-0.6875722
MHL,Rule of law,opportunity,rule_of_law_high,Strong rule of law at 0.84: solid legal enforcement.,État de droit solide à 0.84 : application du droit fiable.,0.8357245999999999
MKD,External debt,risk,external_debt_high,External debt above 60% of GNI,Dette externe supérieure à 60 % du RNB,81.1537085602971
MKD,Gini,opportunity,gini_low,"Low inequality (Gini below 35, value: 33.5)","Inégalités contenues (Gini sous 35, valeur : 33.5)",33.5
MKD,Youth unemployment,risk,youth_unemp_high,Youth unemployment above 25 %,Chômage des jeunes supérieur à 25 %,28.656
MLI,Control of corruption,risk,corruption_high,Control of corruption below -0.5,"Maîtrise de la corruption inférieure à -0,5",-0.9808589
MLI,Debt service,opportunity,debt_service_low,Low debt service at 6.2% of exports: manageable external burden.,Service de la dette faible a 6.2% des exports : charge externe maitrisee.,6.16273727116764
MLI,External debt,opportunity,ext_debt_low,External debt below 30 % of GNI (value: 24.9),Dette externe sous 30 % du RNB (valeur : 24.9),24.9435630803084
MLI,GDP growth,opportunity,growth_strong,Strong GDP growth above 5 % (value: 5.0),Croissance du PIB soutenue au-dessus de 5 % (valeur : 5.0),5.01653579205785
MLI,Political stability,risk,political_instability,Political stability below -1.0,"Stabilité politique inférieure à -1,0",-2.490962
MLI,Regulatory quality,risk,regulatory_quality_low,Regulatory quality below -0.5,"Qualité réglementaire inférieure à -0,5",-0.7622873
MLI,Rule of law,risk,rule_of_law_low,Rule of law below -0.5,"État de droit inférieur à -0,5",-1.0943496
MLI,Unemployment,opportunity,unemp_low,Low unemployment below 5 % (value: 2.9),Chômage faible sous 5 % (valeur : 2.9),2.924
MLI,Youth unemployment,opportunity,youth_unemp_low,Youth unemployment below 12 % (value: 3.8),Chômage des jeunes sous 12 % (valeur : 3.8),3.841
MLT,Current account,opportunity,ca_surplus,Current account surplus above 3 % of GDP (value: 7.1),Excédent courant au-dessus de 3 % du PIB (valeur : 7.1),7.09956405757708
MLT,GDP growth,opportunity,growth_strong,Strong GDP growth above 5 % (value: 6.2),Croissance du PIB soutenue au-dessus de 5 % (valeur : 6.2),6.21275996991034
MLT,Gini,opportunity,gini_low,"Low inequality (Gini below 35, value: 31.8)","Inégalités contenues (Gini sous 35, valeur : 31.8)",31.8
MLT,Inflation,opportunity,inflation_low,Inflation contained below 3 % (value: 1.7),Inflation contenue sous 3 % (valeur : 1.7),1.65079469283109
MLT,Political stability,opportunity,pol_stability_high,Strong political stability above 0.5 (value: 0.80),"Stabilité politique solide au-dessus de 0,5 (valeur : 0.80)",0.8049168999999999
MLT,Reserves,risk,reserves_low,Reserves below 3 months of imports,Réserves sous 3 mois d'importations,0.246124766994321
MLT,Rule of law,opportunity,rule_of_law_high,Strong rule of law at 0.73: solid legal enforcement.,État de droit solide à 0.73 : application du droit fiable.,0.7271799999999999
MLT,Unemployment,opportunity,unemp_low,Low unemployment below 5 % (value: 3.1),Chômage faible sous 5 % (valeur : 3.1),3.1
MLT,Youth unemployment,opportunity,youth_unemp_low,Youth unemployment below 12 % (value: 9.1),Chômage des jeunes sous 12 % (valeur : 9.1),9.119
MMR,Control of corruption,risk,corruption_high,Control of corruption below -0.5,"Maîtrise de la corruption inférieure à -0,5",-1.2527062
MMR,Debt service,opportunity,debt_service_low,Low debt service at 7.4% of exports: manageable external burden.,Service de la dette faible a 7.4% des exports : charge externe maitrisee.,7.38528231051686
MMR,External debt,opportunity,ext_debt_low,External debt below 30 % of GNI (value: 15.3),Dette externe sous 30 % du RNB (valeur : 15.3),15.2759866470065
MMR,GDP growth,risk,recession,Negative GDP growth,Croissance du PIB négative,-0.97204641363362
MMR,Gini,opportunity,gini_low,"Low inequality (Gini below 35, value: 30.7)","Inégalités contenues (Gini sous 35, valeur : 30.7)",30.7
MMR,Political stability,risk,political_instability,Political stability below -1.0,"Stabilité politique inférieure à -1,0",-2.0903985
MMR,Regulatory quality,risk,regulatory_quality_low,Regulatory quality below -0.5,"Qualité réglementaire inférieure à -0,5",-1.4197208
MMR,Rule of law,risk,rule_of_law_low,Rule of law below -0.5,"État de droit inférieur à -0,5",-1.811602
MMR,Unemployment,opportunity,unemp_low,Low unemployment below 5 % (value: 2.9),Chômage faible sous 5 % (valeur : 2.9),2.887
MMR,Youth unemployment,opportunity,youth_unemp_low,Youth unemployment below 12 % (value: 10.0),Chômage des jeunes sous 12 % (valeur : 10.0),9.967
MNE,Current account,risk,ca_deficit,Current account deficit beyond -5 % of GDP,Déficit courant au-delà de -5 % du PIB,-16.9729571014369
MNE,Debt service,risk,debt_service_high,Debt service above 25 % of exports,Service de la dette au-dessus de 25 % des exports,29.801351346243
MNE,External debt,risk,external_debt_high,External debt above 60% of GNI,Dette externe supérieure à 60 % du RNB,108.635519944661
MNE,Gini,opportunity,gini_low,"Low inequality (Gini below 35, value: 34.3)","Inégalités contenues (Gini sous 35, valeur : 34.3)",34.3
MNG,Current account,risk,ca_deficit,Current account deficit beyond -5 % of GDP,Déficit courant au-delà de -5 % du PIB,-10.4453984769033
MNG,Debt service,risk,debt_service_high,Debt service above 25 % of exports,Service de la dette au-dessus de 25 % des exports,32.0417230045509
MNG,External debt,risk,external_debt_high,External debt above 60% of GNI,Dette externe supérieure à 60 % du RNB,181.85657688514
MNG,GDP growth,opportunity,growth_strong,Strong GDP growth above 5 % (value: 5.1),Croissance du PIB soutenue au-dessus de 5 % (valeur : 5.1),5.12204539122661
MNG,Gini,opportunity,gini_low,"Low inequality (Gini below 35, value: 31.4)","Inégalités contenues (Gini sous 35, valeur : 31.4)",31.4
MNG,Youth unemployment,opportunity,youth_unemp_low,Youth unemployment below 12 % (value: 11.5),Chômage des jeunes sous 12 % (valeur : 11.5),11.542
MNP,GDP growth,opportunity,growth_strong,Strong GDP growth above 5 % (value: 16.6),Croissance du PIB soutenue au-dessus de 5 % (valeur : 16.6),16.6427546628408
MOZ,Control of corruption,risk,corruption_high,Control of corruption below -0.5,"Maîtrise de la corruption inférieure à -0,5",-1.0618104
MOZ,Current account,risk,ca_deficit,Current account deficit beyond -5 % of GDP,Déficit courant au-delà de -5 % du PIB,-10.9577328385216
MOZ,Debt service,risk,debt_service_high,Debt service above 25 % of exports,Service de la dette au-dessus de 25 % des exports,46.5096494923949
MOZ,External debt,risk,external_debt_high,External debt above 60% of GNI,Dette externe supérieure à 60 % du RNB,350.573066715697
MOZ,Fiscal balance,risk,fiscal_deficit,Fiscal deficit beyond -5 % of GDP,Déficit budgétaire au-delà de -5 % du PIB,-6.479
MOZ,Gen gov debt,risk,debt_high,Government debt above 90 % of GDP,Dette publique au-dessus de 90 % du PIB,106.067
MOZ,Gini,risk,gini_high,Gini index above 45 (high inequality),Indice de Gini supérieur à 45 (inégalités élevées),49.6
MOZ,Political stability,risk,political_instability,Political stability below -1.0,"Stabilité politique inférieure à -1,0",-1.7581974
MOZ,Regulatory quality,risk,regulatory_quality_low,Regulatory quality below -0.5,"Qualité réglementaire inférieure à -0,5",-0.7635095
MOZ,Rule of law,risk,rule_of_law_low,Rule of law below -0.5,"État de droit inférieur à -0,5",-1.1949508
MOZ,Youth unemployment,opportunity,youth_unemp_low,Youth unemployment below 12 % (value: 11.5),Chômage des jeunes sous 12 % (valeur : 11.5),11.498
MRT,Control of corruption,risk,corruption_high,Control of corruption below -0.5,"Maîtrise de la corruption inférieure à -0,5",-0.933745
MRT,Current account,risk,ca_deficit,Current account deficit beyond -5 % of GDP,Déficit courant au-delà de -5 % du PIB,-9.55383541959404
MRT,Debt service,opportunity,debt_service_low,Low debt service at 9.7% of exports: manageable external burden.,Service de la dette faible a 9.7% des exports : charge externe maitrisee.,9.67472381178827
MRT,GDP growth,opportunity,growth_strong,Strong GDP growth above 5 % (value: 6.3),Croissance du PIB soutenue au-dessus de 5 % (valeur : 6.3),6.3076021190402
MRT,Gen gov debt,opportunity,debt_low,Government debt below 40 % of GDP (value: 37.1),Dette publique sous 40 % du PIB (valeur : 37.1),37.077
MRT,Gini,opportunity,gini_low,"Low inequality (Gini below 35, value: 32.0)","Inégalités contenues (Gini sous 35, valeur : 32.0)",32.0
MRT,Inflation,opportunity,inflation_low,Inflation contained below 3 % (value: 2.5),Inflation contenue sous 3 % (valeur : 2.5),2.49164347481972
MRT,Regulatory quality,risk,regulatory_quality_low,Regulatory quality below -0.5,"Qualité réglementaire inférieure à -0,5",-0.7781511999999999
MRT,Rule of law,risk,rule_of_law_low,Rule of law below -0.5,"État de droit inférieur à -0,5",-0.8635098999999999
MUS,Current account,risk,ca_deficit,Current account deficit beyond -5 % of GDP,Déficit courant au-delà de -5 % du PIB,-7.029117202833
MUS,Debt service,opportunity,debt_service_low,Low debt service at 8.5% of exports: manageable external burden.,Service de la dette faible a 8.5% des exports : charge externe maitrisee.,8.48229754247703
MUS,External debt,risk,external_debt_high,External debt above 60% of GNI,Dette externe supérieure à 60 % du RNB,123.165055468656
MUS,Political stability,opportunity,pol_stability_high,Strong political stability above 0.5 (value: 0.79),"Stabilité politique solide au-dessus de 0,5 (valeur : 0.79)",0.7903521
MUS,Regulatory quality,opportunity,regulatory_quality_high,Strong regulatory quality at 0.94: sound policy framework.,Qualité réglementaire solide à 0.94 : cadre politique sain.,0.9400045
MUS,Rule of law,opportunity,rule_of_law_high,Strong rule of law at 0.64: solid legal enforcement.,État de droit solide à 0.64 : application du droit fiable.,0.638614
MWI,Control of corruption,risk,corruption_high,Control of corruption below -0.5,"Maîtrise de la corruption inférieure à -0,5",-0.6486607
MWI,Current account,risk,ca_deficit,Current account deficit beyond -5 % of GDP,Déficit courant au-delà de -5 % du PIB,-18.7878927787052
MWI,Fiscal balance,risk,fiscal_deficit,Fiscal deficit beyond -5 % of GDP,Déficit budgétaire au-delà de -5 % du PIB,-10.506
MWI,Inflation,risk,inflation_high,Inflation above 10 %,Inflation supérieure à 10 %,32.1796504225025
MWI,Regulatory quality,risk,regulatory_quality_low,Regulatory quality below -0.5,"Qualité réglementaire inférieure à -0,5",-0.5849557
MWI,Reserves,risk,reserves_low,Reserves below 3 months of imports,Réserves sous 3 mois d'importations,1.91482223577028
MWI,Youth unemployment,opportunity,youth_unemp_low,Youth unemployment below 12 % (value: 6.9),Chômage des jeunes sous 12 % (valeur : 6.9),6.889
MYS,GDP growth,opportunity,growth_strong,Strong GDP growth above 5 % (value: 5.2),Croissance du PIB soutenue au-dessus de 5 % (valeur : 5.2),5.17127082911057
MYS,Inflation,opportunity,inflation_low,Inflation contained below 3 % (value: 1.4),Inflation contenue sous 3 % (valeur : 1.4),1.38060872293692
MYS,Regulatory quality,opportunity,regulatory_quality_high,Strong regulatory quality at 0.68: sound policy framework.,Qualité réglementaire solide à 0.68 : cadre politique sain.,0.6804759
MYS,Unemployment,opportunity,unemp_low,Low unemployment below 5 % (value: 3.8),Chômage faible sous 5 % (valeur : 3.8),3.846
NAM,Current account,risk,ca_deficit,Current account deficit beyond -5 % of GDP,Déficit courant au-delà de -5 % du PIB,-13.4129533004201
NAM,Fiscal balance,risk,fiscal_deficit,Fiscal deficit beyond -5 % of GDP,Déficit budgétaire au-delà de -5 % du PIB,-6.075
NAM,Gini,risk,gini_high,Gini index above 45 (high inequality),Indice de Gini supérieur à 45 (inégalités élevées),59.1
NAM,Political stability,opportunity,pol_stability_high,Strong political stability above 0.5 (value: 0.55),"Stabilité politique solide au-dessus de 0,5 (valeur : 0.55)",0.5467327
NAM,Unemployment,risk,unemp_high,Unemployment above 15 %,Chômage supérieur à 15 %,19.157
NAM,Youth unemployment,risk,youth_unemp_high,Youth unemployment above 25 %,Chômage des jeunes supérieur à 25 %,37.24
NCL,Current account,risk,ca_deficit,Current account deficit beyond -5 % of GDP,Déficit courant au-delà de -5 % du PIB,-7.49878946256032
NCL,GDP growth,risk,recession,Negative GDP growth,Croissance du PIB négative,-13.4999999989747
NCL,Inflation,opportunity,inflation_low,Inflation contained below 3 % (value: 0.6),Inflation contenue sous 3 % (valeur : 0.6),0.578317435520754
NCL,Political stability,opportunity,pol_stability_high,Strong political stability above 0.5 (value: 1.10),"Stabilité politique solide au-dessus de 0,5 (valeur : 1.10)",1.0976197
NCL,Rule of law,opportunity,rule_of_law_high,Strong rule of law at 1.09: solid legal enforcement.,État de droit solide à 1.09 : application du droit fiable.,1.0851316
NCL,Youth unemployment,risk,youth_unemp_high,Youth unemployment above 25 %,Chômage des jeunes supérieur à 25 %,31.829
NER,Control of corruption,risk,corruption_high,Control of corruption below -0.5,"Maîtrise de la corruption inférieure à -0,5",-0.6169138
NER,Current account,risk,ca_deficit,Current account deficit beyond -5 % of GDP,Déficit courant au-delà de -5 % du PIB,-6.08945443545425
NER,External debt,opportunity,ext_debt_low,External debt below 30 % of GNI (value: 27.5),Dette externe sous 30 % du RNB (valeur : 27.5),27.5138701036448
NER,GDP growth,opportunity,growth_strong,Strong GDP growth above 5 % (value: 8.3),Croissance du PIB soutenue au-dessus de 5 % (valeur : 8.3),8.32327058280728
NER,Gini,opportunity,gini_low,"Low inequality (Gini below 35, value: 32.9)","Inégalités contenues (Gini sous 35, valeur : 32.9)",32.9
NER,Political stability,risk,political_instability,Political stability below -1.0,"Stabilité politique inférieure à -1,0",-1.7634214
NER,Regulatory quality,risk,regulatory_quality_low,Regulatory quality below -0.5,"Qualité réglementaire inférieure à -0,5",-0.7624578
NER,Rule of law,risk,rule_of_law_low,Rule of law below -0.5,"État de droit inférieur à -0,5",-0.9457241
NER,Unemployment,opportunity,unemp_low,Low unemployment below 5 % (value: 0.4),Chômage faible sous 5 % (valeur : 0.4),0.376
NER,Youth unemployment,opportunity,youth_unemp_low,Youth unemployment below 12 % (value: 0.4),Chômage des jeunes sous 12 % (valeur : 0.4),0.391
NGA,Control of corruption,risk,corruption_high,Control of corruption below -0.5,"Maîtrise de la corruption inférieure à -0,5",-1.1145909
NGA,Current account,opportunity,ca_surplus,Current account surplus above 3 % of GDP (value: 7.5),Excédent courant au-dessus de 3 % du PIB (valeur : 7.5),7.5441345734549
NGA,External debt,risk,external_debt_high,External debt above 60% of GNI,Dette externe supérieure à 60 % du RNB,60.0447244122839
NGA,Gen gov debt,opportunity,debt_low,Government debt below 40 % of GDP (value: 32.3),Dette publique sous 40 % du PIB (valeur : 32.3),32.332
NGA,Gini,opportunity,gini_low,"Low inequality (Gini below 35, value: 33.9)","Inégalités contenues (Gini sous 35, valeur : 33.9)",33.9
NGA,Inflation,risk,inflation_high,Inflation above 10 %,Inflation supérieure à 10 %,23.0101235833333
NGA,Political stability,risk,political_instability,Political stability below -1.0,"Stabilité politique inférieure à -1,0",-2.0025617
NGA,Regulatory quality,risk,regulatory_quality_low,Regulatory quality below -0.5,"Qualité réglementaire inférieure à -0,5",-0.6332954
NGA,Reserves,opportunity,reserves_high,Comfortable reserves above 6 months of imports (value: 7.2),Réserves confortables au-dessus de 6 mois d'importations (valeur : 7.2),7.20884197072518
NGA,Rule of law,risk,rule_of_law_low,Rule of law below -0.5,"État de droit inférieur à -0,5",-1.0069453
NGA,Unemployment,opportunity,unemp_low,Low unemployment below 5 % (value: 3.0),Chômage faible sous 5 % (valeur : 3.0),3.045
NGA,Youth unemployment,opportunity,youth_unemp_low,Youth unemployment below 12 % (value: 5.1),Chômage des jeunes sous 12 % (valeur : 5.1),5.088
NIC,Control of corruption,risk,corruption_high,Control of corruption below -0.5,"Maîtrise de la corruption inférieure à -0,5",-1.4326926
NIC,Current account,opportunity,ca_surplus,Current account surplus above 3 % of GDP (value: 4.2),Excédent courant au-dessus de 3 % du PIB (valeur : 4.2),4.1511238055786
NIC,External debt,risk,external_debt_high,External debt above 60% of GNI,Dette externe supérieure à 60 % du RNB,82.8145487130702
NIC,Fiscal balance,opportunity,fiscal_surplus,Fiscal surplus of 1.4% of GDP: comfortable policy space.,Excédent budgétaire de 1.4% du PIB : marge de manœuvre confortable.,1.384
NIC,Gen gov debt,opportunity,debt_low,Government debt below 40 % of GDP (value: 33.2),Dette publique sous 40 % du PIB (valeur : 33.2),33.195
NIC,Gini,risk,gini_high,Gini index above 45 (high inequality),Indice de Gini supérieur à 45 (inégalités élevées),46.2
NIC,Regulatory quality,risk,regulatory_quality_low,Regulatory quality below -0.5,"Qualité réglementaire inférieure à -0,5",-0.9910347
NIC,Rule of law,risk,rule_of_law_low,Rule of law below -0.5,"État de droit inférieur à -0,5",-1.6197013
NIC,Unemployment,opportunity,unemp_low,Low unemployment below 5 % (value: 5.0),Chômage faible sous 5 % (valeur : 5.0),4.98
NIC,Youth unemployment,opportunity,youth_unemp_low,Youth unemployment below 12 % (value: 9.6),Chômage des jeunes sous 12 % (valeur : 9.6),9.581
NLD,Control of corruption,opportunity,corruption_ctrl_high,Good control of corruption above 0.5 (value: 1.91),"Maîtrise de la corruption solide au-dessus de 0,5 (valeur : 1.91)",1.9100133
NLD,Current account,opportunity,ca_surplus,Current account surplus above 3 % of GDP (value: 9.1),Excédent courant au-dessus de 3 % du PIB (valeur : 9.1),9.13742493692445
NLD,Gini,opportunity,gini_low,"Low inequality (Gini below 35, value: 25.7)","Inégalités contenues (Gini sous 35, valeur : 25.7)",25.7
NLD,Regulatory quality,opportunity,regulatory_quality_high,Strong regulatory quality at 1.72: sound policy framework.,Qualité réglementaire solide à 1.72 : cadre politique sain.,1.7218270999999998
NLD,Reserves,risk,reserves_low,Reserves below 3 months of imports,Réserves sous 3 mois d'importations,0.729998349874489
NLD,Rule of law,opportunity,rule_of_law_high,Strong rule of law at 1.71: solid legal enforcement.,État de droit solide à 1.71 : application du droit fiable.,1.7069218
NLD,Unemployment,opportunity,unemp_low,Low unemployment below 5 % (value: 3.7),Chômage faible sous 5 % (valeur : 3.7),3.7
NLD,Youth unemployment,opportunity,youth_unemp_low,Youth unemployment below 12 % (value: 8.8),Chômage des jeunes sous 12 % (valeur : 8.8),8.778
NOR,Control of corruption,opportunity,corruption_ctrl_high,Good control of corruption above 0.5 (value: 1.96),"Maîtrise de la corruption solide au-dessus de 0,5 (valeur : 1.96)",1.9610085
NOR,Current account,opportunity,ca_surplus,Current account surplus above 3 % of GDP (value: 15.0),Excédent courant au-dessus de 3 % du PIB (valeur : 15.0),15.0417961615846
NOR,Fiscal balance,opportunity,fiscal_surplus,Fiscal surplus of 6.8% of GDP: comfortable policy space.,Excédent budgétaire de 6.8% du PIB : marge de manœuvre confortable.,6.842
NOR,Gini,opportunity,gini_low,"Low inequality (Gini below 35, value: 26.5)","Inégalités contenues (Gini sous 35, valeur : 26.5)",26.5
NOR,Political stability,opportunity,pol_stability_high,Strong political stability above 0.5 (value: 0.90),"Stabilité politique solide au-dessus de 0,5 (valeur : 0.90)",0.9032646
NOR,Regulatory quality,opportunity,regulatory_quality_high,Strong regulatory quality at 1.67: sound policy framework.,Qualité réglementaire solide à 1.67 : cadre politique sain.,1.6704537
NOR,Rule of law,opportunity,rule_of_law_high,Strong rule of law at 1.95: solid legal enforcement.,État de droit solide à 1.95 : application du droit fiable.,1.9494549
NOR,Unemployment,opportunity,unemp_low,Low unemployment below 5 % (value: 4.0),Chômage faible sous 5 % (valeur : 4.0),4.0
NPL,Control of corruption,risk,corruption_high,Control of corruption below -0.5,"Maîtrise de la corruption inférieure à -0,5",-0.632602
NPL,Current account,opportunity,ca_surplus,Current account surplus above 3 % of GDP (value: 3.9),Excédent courant au-dessus de 3 % du PIB (valeur : 3.9),3.87803253239857
NPL,External debt,opportunity,ext_debt_low,External debt below 30 % of GNI (value: 23.3),Dette externe sous 30 % du RNB (valeur : 23.3),23.2748414884129
NPL,Gini,opportunity,gini_low,"Low inequality (Gini below 35, value: 30.0)","Inégalités contenues (Gini sous 35, valeur : 30.0)",30.0
NPL,Regulatory quality,risk,regulatory_quality_low,Regulatory quality below -0.5,"Qualité réglementaire inférieure à -0,5",-0.5523334999999999
NPL,Reserves,opportunity,reserves_high,Comfortable reserves above 6 months of imports (value: 13.0),Réserves confortables au-dessus de 6 mois d'importations (valeur : 13.0),12.9718425174618
NRU,Control of corruption,opportunity,corruption_ctrl_high,Good control of corruption above 0.5 (value: 0.50),"Maîtrise de la corruption solide au-dessus de 0,5 (valeur : 0.50)",0.5049336999999999
NRU,Current account,opportunity,ca_surplus,Current account surplus above 3 % of GDP (value: 5.8),Excédent courant au-dessus de 3 % du PIB (valeur : 5.8),5.79750700742541
NRU,Fiscal balance,opportunity,fiscal_surplus,Fiscal surplus of 13.1% of GDP: comfortable policy space.,Excédent budgétaire de 13.1% du PIB : marge de manœuvre confortable.,13.119
NRU,Gen gov debt,opportunity,debt_low,Government debt below 40 % of GDP (value: 12.7),Dette publique sous 40 % du PIB (valeur : 12.7),12.667
NRU,Gini,opportunity,gini_low,"Low inequality (Gini below 35, value: 32.4)","Inégalités contenues (Gini sous 35, valeur : 32.4)",32.4
NRU,Inflation,opportunity,inflation_low,Inflation contained below 3 % (value: -0.1),Inflation contenue sous 3 % (valeur : -0.1),-0.124750499001971
NRU,Political stability,opportunity,pol_stability_high,Strong political stability above 0.5 (value: 1.10),"Stabilité politique solide au-dessus de 0,5 (valeur : 1.10)",1.1047052
NRU,Regulatory quality,risk,regulatory_quality_low,Regulatory quality below -0.5,"Qualité réglementaire inférieure à -0,5",-0.5245236999999999
NZL,Control of corruption,opportunity,corruption_ctrl_high,Good control of corruption above 0.5 (value: 1.93),"Maîtrise de la corruption solide au-dessus de 0,5 (valeur : 1.93)",1.9285412
NZL,GDP growth,risk,recession,Negative GDP growth,Croissance du PIB négative,-0.868722371893952
NZL,Inflation,opportunity,inflation_low,Inflation contained below 3 % (value: 2.9),Inflation contenue sous 3 % (valeur : 2.9),2.92279782301957
NZL,Political stability,opportunity,pol_stability_high,Strong political stability above 0.5 (value: 1.15),"Stabilité politique solide au-dessus de 0,5 (valeur : 1.15)",1.1506563
NZL,Regulatory quality,opportunity,regulatory_quality_high,Strong regulatory quality at 1.84: sound policy framework.,Qualité réglementaire solide à 1.84 : cadre politique sain.,1.8444942
NZL,Rule of law,opportunity,rule_of_law_high,Strong rule of law at 1.67: solid legal enforcement.,État de droit solide à 1.67 : application du droit fiable.,1.6674536
NZL,Unemployment,opportunity,unemp_low,Low unemployment below 5 % (value: 4.7),Chômage faible sous 5 % (valeur : 4.7),4.724
OMN,Control of corruption,opportunity,corruption_ctrl_high,Good control of corruption above 0.5 (value: 0.51),"Maîtrise de la corruption solide au-dessus de 0,5 (valeur : 0.51)",0.5072492
OMN,Fiscal balance,opportunity,fiscal_surplus,Fiscal surplus of 5.2% of GDP: comfortable policy space.,Excédent budgétaire de 5.2% du PIB : marge de manœuvre confortable.,5.244
OMN,Gen gov debt,opportunity,debt_low,Government debt below 40 % of GDP (value: 32.7),Dette publique sous 40 % du PIB (valeur : 32.7),32.686
OMN,Inflation,opportunity,inflation_low,Inflation contained below 3 % (value: 0.6),Inflation contenue sous 3 % (valeur : 0.6),0.593589236248469
OMN,Political stability,opportunity,pol_stability_high,Strong political stability above 0.5 (value: 0.63),"Stabilité politique solide au-dessus de 0,5 (valeur : 0.63)",0.6272361
OMN,Regulatory quality,opportunity,regulatory_quality_high,Strong regulatory quality at 0.69: sound policy framework.,Qualité réglementaire solide à 0.69 : cadre politique sain.,0.6875152
OMN,Unemployment,opportunity,unemp_low,Low unemployment below 5 % (value: 3.2),Chômage faible sous 5 % (valeur : 3.2),3.203
PAK,Control of corruption,risk,corruption_high,Control of corruption below -0.5,"Maîtrise de la corruption inférieure à -0,5",-1.0656237
PAK,Debt service,risk,debt_service_high,Debt service above 25 % of exports,Service de la dette au-dessus de 25 % des exports,39.5425844195386
PAK,Fiscal balance,opportunity,fiscal_surplus,Fiscal surplus of 2.5% of GDP: comfortable policy space.,Excédent budgétaire de 2.5% du PIB : marge de manœuvre confortable.,2.523
PAK,Gini,opportunity,gini_low,"Low inequality (Gini below 35, value: 33.5)","Inégalités contenues (Gini sous 35, valeur : 33.5)",33.5
PAK,Inflation,risk,inflation_high,Inflation above 10 %,Inflation supérieure à 10 %,12.6325318530452
PAK,Political stability,risk,political_instability,Political stability below -1.0,"Stabilité politique inférieure à -1,0",-2.0634311
PAK,Regulatory quality,risk,regulatory_quality_low,Regulatory quality below -0.5,"Qualité réglementaire inférieure à -0,5",-0.7928043
PAK,Reserves,risk,reserves_low,Reserves below 3 months of imports,Réserves sous 3 mois d'importations,2.84569889190225
PAK,Rule of law,risk,rule_of_law_low,Rule of law below -0.5,"État de droit inférieur à -0,5",-1.017096
PAK,Youth unemployment,opportunity,youth_unemp_low,Youth unemployment below 12 % (value: 9.5),Chômage des jeunes sous 12 % (valeur : 9.5),9.521
PAN,Control of corruption,risk,corruption_high,Control of corruption below -0.5,"Maîtrise de la corruption inférieure à -0,5",-0.5541186
PAN,Gini,risk,gini_high,Gini index above 45 (high inequality),Indice de Gini supérieur à 45 (inégalités élevées),49.7
PAN,Inflation,opportunity,inflation_low,Inflation contained below 3 % (value: 0.7),Inflation contenue sous 3 % (valeur : 0.7),0.69322555100446
PAN,Reserves,risk,reserves_low,Reserves below 3 months of imports,Réserves sous 3 mois d'importations,2.00459296116923
PER,Control of corruption,risk,corruption_high,Control of corruption below -0.5,"Maîtrise de la corruption inférieure à -0,5",-0.7203896
PER,Gen gov debt,opportunity,debt_low,Government debt below 40 % of GDP (value: 30.0),Dette publique sous 40 % du PIB (valeur : 30.0),29.982
PER,Inflation,opportunity,inflation_low,Inflation contained below 3 % (value: 1.5),Inflation contenue sous 3 % (valeur : 1.5),1.53125450314273
PER,Reserves,opportunity,reserves_high,Comfortable reserves above 6 months of imports (value: 10.5),Réserves confortables au-dessus de 6 mois d'importations (valeur : 10.5),10.5197345775178
PER,Rule of law,risk,rule_of_law_low,Rule of law below -0.5,"État de droit inférieur à -0,5",-0.5057749
PER,Youth unemployment,opportunity,youth_unemp_low,Youth unemployment below 12 % (value: 9.7),Chômage des jeunes sous 12 % (valeur : 9.7),9.704
PHL,Control of corruption,risk,corruption_high,Control of corruption below -0.5,"Maîtrise de la corruption inférieure à -0,5",-0.5766165
PHL,External debt,opportunity,ext_debt_low,External debt below 30 % of GNI (value: 26.3),Dette externe sous 30 % du RNB (valeur : 26.3),26.2604550502335
PHL,Inflation,opportunity,inflation_low,Inflation contained below 3 % (value: 1.7),Inflation contenue sous 3 % (valeur : 1.7),1.6587364525509
PHL,Reserves,opportunity,reserves_high,Comfortable reserves above 6 months of imports (value: 7.3),Réserves confortables au-dessus de 6 mois d'importations (valeur : 7.3),7.34350984657376
PHL,Rule of law,risk,rule_of_law_low,Rule of law below -0.5,"État de droit inférieur à -0,5",-0.5739681
PHL,Unemployment,opportunity,unemp_low,Low unemployment below 5 % (value: 2.2),Chômage faible sous 5 % (valeur : 2.2),2.202
PHL,Youth unemployment,opportunity,youth_unemp_low,Youth unemployment below 12 % (value: 7.0),Chômage des jeunes sous 12 % (valeur : 7.0),6.964
PLW,Control of corruption,opportunity,corruption_ctrl_high,Good control of corruption above 0.5 (value: 0.50),"Maîtrise de la corruption solide au-dessus de 0,5 (valeur : 0.50)",0.5049336999999999
PLW,Current account,risk,ca_deficit,Current account deficit beyond -5 % of GDP,Déficit courant au-delà de -5 % du PIB,-48.6132173034921
PLW,GDP growth,opportunity,growth_strong,Strong GDP growth above 5 % (value: 12.0),Croissance du PIB soutenue au-dessus de 5 % (valeur : 12.0),12.0059720184866
PLW,Inflation,opportunity,inflation_low,Inflation contained below 3 % (value: 2.2),Inflation contenue sous 3 % (valeur : 2.2),2.23172772921704
PLW,Political stability,opportunity,pol_stability_high,Strong political stability above 0.5 (value: 1.24),"Stabilité politique solide au-dessus de 0,5 (valeur : 1.24)",1.2387076
PLW,Rule of law,opportunity,rule_of_law_high,Strong rule of law at 1.17: solid legal enforcement.,État de droit solide à 1.17 : application du droit fiable.,1.1710347
PNG,Control of corruption,risk,corruption_high,Control of corruption below -0.5,"Maîtrise de la corruption inférieure à -0,5",-0.7973513
PNG,Current account,opportunity,ca_surplus,Current account surplus above 3 % of GDP (value: 15.5),Excédent courant au-dessus de 3 % du PIB (valeur : 15.5),15.4763748159171
PNG,Debt service,risk,debt_service_high,Debt service above 25 % of exports,Service de la dette au-dessus de 25 % des exports,43.3382712553473
PNG,Inflation,opportunity,inflation_low,Inflation contained below 3 % (value: 0.6),Inflation contenue sous 3 % (valeur : 0.6),0.602403921107917
PNG,Regulatory quality,risk,regulatory_quality_low,Regulatory quality below -0.5,"Qualité réglementaire inférieure à -0,5",-0.6004013
PNG,Rule of law,risk,rule_of_law_low,Rule of law below -0.5,"État de droit inférieur à -0,5",-0.5713328999999999
PNG,Unemployment,opportunity,unemp_low,Low unemployment below 5 % (value: 2.6),Chômage faible sous 5 % (valeur : 2.6),2.625
PNG,Youth unemployment,opportunity,youth_unemp_low,Youth unemployment below 12 % (value: 3.8),Chômage des jeunes sous 12 % (valeur : 3.8),3.782
POL,Control of corruption,opportunity,corruption_ctrl_high,Good control of corruption above 0.5 (value: 0.79),"Maîtrise de la corruption solide au-dessus de 0,5 (valeur : 0.79)",0.7940729999999999
POL,Gini,opportunity,gini_low,"Low inequality (Gini below 35, value: 28.5)","Inégalités contenues (Gini sous 35, valeur : 28.5)",28.5
POL,Regulatory quality,opportunity,regulatory_quality_high,Strong regulatory quality at 0.69: sound policy framework.,Qualité réglementaire solide à 0.69 : cadre politique sain.,0.6858352999999999
POL,Rule of law,opportunity,rule_of_law_high,Strong rule of law at 0.58: solid legal enforcement.,État de droit solide à 0.58 : application du droit fiable.,0.5769112
POL,Unemployment,opportunity,unemp_low,Low unemployment below 5 % (value: 2.8),Chômage faible sous 5 % (valeur : 2.8),2.807
POL,Youth unemployment,opportunity,youth_unemp_low,Youth unemployment below 12 % (value: 10.7),Chômage des jeunes sous 12 % (valeur : 10.7),10.662
PRI,Gen gov debt,opportunity,debt_low,Government debt below 40 % of GDP (value: 18.8),Dette publique sous 40 % du PIB (valeur : 18.8),18.761
PRI,Regulatory quality,opportunity,regulatory_quality_high,Strong regulatory quality at 0.65: sound policy framework.,Qualité réglementaire solide à 0.65 : cadre politique sain.,0.6528081
PRI,Rule of law,opportunity,rule_of_law_high,Strong rule of law at 0.55: solid legal enforcement.,État de droit solide à 0.55 : application du droit fiable.,0.546037
PRK,Control of corruption,risk,corruption_high,Control of corruption below -0.5,"Maîtrise de la corruption inférieure à -0,5",-1.5573827999999998
PRK,Regulatory quality,risk,regulatory_quality_low,Regulatory quality below -0.5,"Qualité réglementaire inférieure à -0,5",-1.87416
PRK,Rule of law,risk,rule_of_law_low,Rule of law below -0.5,"État de droit inférieur à -0,5",-1.5256661
PRK,Unemployment,opportunity,unemp_low,Low unemployment below 5 % (value: 3.5),Chômage faible sous 5 % (valeur : 3.5),3.539
PRK,Youth unemployment,opportunity,youth_unemp_low,Youth unemployment below 12 % (value: 7.8),Chômage des jeunes sous 12 % (valeur : 7.8),7.764
PRT,Control of corruption,opportunity,corruption_ctrl_high,Good control of corruption above 0.5 (value: 0.82),"Maîtrise de la corruption solide au-dessus de 0,5 (valeur : 0.82)",0.8241683
PRT,Gini,opportunity,gini_low,"Low inequality (Gini below 35, value: 33.9)","Inégalités contenues (Gini sous 35, valeur : 33.9)",33.9
PRT,Inflation,opportunity,inflation_low,Inflation contained below 3 % (value: 2.4),Inflation contenue sous 3 % (valeur : 2.4),2.41613187791876
PRT,Political stability,opportunity,pol_stability_high,Strong political stability above 0.5 (value: 0.54),"Stabilité politique solide au-dessus de 0,5 (valeur : 0.54)",0.5369269999999999
PRT,Regulatory quality,opportunity,regulatory_quality_high,Strong regulatory quality at 0.74: sound policy framework.,Qualité réglementaire solide à 0.74 : cadre politique sain.,0.7401574999999999
PRT,Rule of law,opportunity,rule_of_law_high,Strong rule of law at 1.07: solid legal enforcement.,État de droit solide à 1.07 : application du droit fiable.,1.0721547
PRY,Control of corruption,risk,corruption_high,Control of corruption below -0.5,"Maîtrise de la corruption inférieure à -0,5",-1.0248859
PRY,External debt,risk,external_debt_high,External debt above 60% of GNI,Dette externe supérieure à 60 % du RNB,69.740945590813
PRY,Gen gov debt,opportunity,debt_low,Government debt below 40 % of GDP (value: 37.8),Dette publique sous 40 % du PIB (valeur : 37.8),37.767
PRY,Rule of law,risk,rule_of_law_low,Rule of law below -0.5,"État de droit inférieur à -0,5",-0.5835849
PSE,Control of corruption,risk,corruption_high,Control of corruption below -0.5,"Maîtrise de la corruption inférieure à -0,5",-0.5708422
PSE,Current account,risk,ca_deficit,Current account deficit beyond -5 % of GDP,Déficit courant au-delà de -5 % du PIB,-18.0999264452664
PSE,GDP growth,risk,recession,Negative GDP growth,Croissance du PIB négative,-22.8573273913324
PSE,Inflation,risk,inflation_high,Inflation above 10 %,Inflation supérieure à 10 %,53.6691458303782
PSE,Political stability,risk,political_instability,Political stability below -1.0,"Stabilité politique inférieure à -1,0",-1.8763518
PSE,Reserves,risk,reserves_low,Reserves below 3 months of imports,Réserves sous 3 mois d'importations,1.90727837913163
PSE,Rule of law,risk,rule_of_law_low,Rule of law below -0.5,"État de droit inférieur à -0,5",-0.9893971
PSE,Unemployment,risk,unemp_high,Unemployment above 15 %,Chômage supérieur à 15 %,24.42
PSE,Youth unemployment,risk,youth_unemp_high,Youth unemployment above 25 %,Chômage des jeunes supérieur à 25 %,36.092
PYF,Current account,opportunity,ca_surplus,Current account surplus above 3 % of GDP (value: 7.5),Excédent courant au-dessus de 3 % du PIB (valeur : 7.5),7.49427461409959
PYF,Political stability,opportunity,pol_stability_high,Strong political stability above 0.5 (value: 1.03),"Stabilité politique solide au-dessus de 0,5 (valeur : 1.03)",1.0303397
PYF,Rule of law,opportunity,rule_of_law_high,Strong rule of law at 1.02: solid legal enforcement.,État de droit solide à 1.02 : application du droit fiable.,1.0171948
PYF,Youth unemployment,risk,youth_unemp_high,Youth unemployment above 25 %,Chômage des jeunes supérieur à 25 %,36.459
QAT,Control of corruption,opportunity,corruption_ctrl_high,Good control of corruption above 0.5 (value: 0.75),"Maîtrise de la corruption solide au-dessus de 0,5 (valeur : 0.75)",0.7548292999999999
QAT,Current account,opportunity,ca_surplus,Current account surplus above 3 % of GDP (value: 17.5),Excédent courant au-dessus de 3 % du PIB (valeur : 17.5),17.5152925396793
QAT,Inflation,opportunity,inflation_low,Inflation contained below 3 % (value: 1.3),Inflation contenue sous 3 % (valeur : 1.3),1.26734310292375
QAT,Political stability,opportunity,pol_stability_high,Strong political stability above 0.5 (value: 0.95),"Stabilité politique solide au-dessus de 0,5 (valeur : 0.95)",0.9511752
QAT,Regulatory quality,opportunity,regulatory_quality_high,Strong regulatory quality at 0.97: sound policy framework.,Qualité réglementaire solide à 0.97 : cadre politique sain.,0.9663365
QAT,Reserves,opportunity,reserves_high,Comfortable reserves above 6 months of imports (value: 6.7),Réserves confortables au-dessus de 6 mois d'importations (valeur : 6.7),6.69567627121726
QAT,Rule of law,opportunity,rule_of_law_high,Strong rule of law at 0.59: solid legal enforcement.,État de droit solide à 0.59 : application du droit fiable.,0.5895929999999999
QAT,Unemployment,opportunity,unemp_low,Low unemployment below 5 % (value: 0.1),Chômage faible sous 5 % (valeur : 0.1),0.13
QAT,Youth unemployment,opportunity,youth_unemp_low,Youth unemployment below 12 % (value: 0.6),Chômage des jeunes sous 12 % (valeur : 0.6),0.573
ROU,Current account,risk,ca_deficit,Current account deficit beyond -5 % of GDP,Déficit courant au-delà de -5 % du PIB,-8.16757110224326
ROU,Fiscal balance,risk,fiscal_deficit,Fiscal deficit beyond -5 % of GDP,Déficit budgétaire au-delà de -5 % du PIB,-6.247
ROU,Gini,opportunity,gini_low,"Low inequality (Gini below 35, value: 29.8)","Inégalités contenues (Gini sous 35, valeur : 29.8)",29.8
RUS,Control of corruption,risk,corruption_high,Control of corruption below -0.5,"Maîtrise de la corruption inférieure à -0,5",-0.8911386
RUS,External debt,opportunity,ext_debt_low,External debt below 30 % of GNI (value: 16.8),Dette externe sous 30 % du RNB (valeur : 16.8),16.757438584072
RUS,Gen gov debt,opportunity,debt_low,Government debt below 40 % of GDP (value: 19.1),Dette publique sous 40 % du PIB (valeur : 19.1),19.095
RUS,Gini,opportunity,gini_low,"Low inequality (Gini below 35, value: 33.0)","Inégalités contenues (Gini sous 35, valeur : 33.0)",33.0
RUS,Regulatory quality,risk,regulatory_quality_low,Regulatory quality below -0.5,"Qualité réglementaire inférieure à -0,5",-1.0682839
RUS,Reserves,opportunity,reserves_high,Comfortable reserves above 6 months of imports (value: 16.8),Réserves confortables au-dessus de 6 mois d'importations (valeur : 16.8),16.7768277290964
RUS,Rule of law,risk,rule_of_law_low,Rule of law below -0.5,"État de droit inférieur à -0,5",-1.1565185999999998
RUS,Unemployment,opportunity,unemp_low,Low unemployment below 5 % (value: 2.4),Chômage faible sous 5 % (valeur : 2.4),2.43
RUS,Youth unemployment,opportunity,youth_unemp_low,Youth unemployment below 12 % (value: 8.3),Chômage des jeunes sous 12 % (valeur : 8.3),8.256
RWA,Control of corruption,opportunity,corruption_ctrl_high,Good control of corruption above 0.5 (value: 0.63),"Maîtrise de la corruption solide au-dessus de 0,5 (valeur : 0.63)",0.6254936
RWA,Current account,risk,ca_deficit,Current account deficit beyond -5 % of GDP,Déficit courant au-delà de -5 % du PIB,-11.9618864449723
RWA,Debt service,opportunity,debt_service_low,Low debt service at 8.0% of exports: manageable external burden.,Service de la dette faible a 8.0% des exports : charge externe maitrisee.,7.97435072087266
RWA,External debt,risk,external_debt_high,External debt above 60% of GNI,Dette externe supérieure à 60 % du RNB,93.8824280218587
RWA,GDP growth,opportunity,growth_strong,Strong GDP growth above 5 % (value: 7.2),Croissance du PIB soutenue au-dessus de 5 % (valeur : 7.2),7.22717103344534
RWA,Inflation,opportunity,inflation_low,Inflation contained below 3 % (value: 1.8),Inflation contenue sous 3 % (valeur : 1.8),1.77029240198635
SAU,Control of corruption,opportunity,corruption_ctrl_high,Good control of corruption above 0.5 (value: 0.75),"Maîtrise de la corruption solide au-dessus de 0,5 (valeur : 0.75)",0.7528275
SAU,Gen gov debt,opportunity,debt_low,Government debt below 40 % of GDP (value: 32.1),Dette publique sous 40 % du PIB (valeur : 32.1),32.066
SAU,Inflation,opportunity,inflation_low,Inflation contained below 3 % (value: 2.1),Inflation contenue sous 3 % (valeur : 2.1),2.08420853585036
SAU,Regulatory quality,opportunity,regulatory_quality_high,Strong regulatory quality at 0.71: sound policy framework.,Qualité réglementaire solide à 0.71 : cadre politique sain.,0.7102575
SAU,Reserves,opportunity,reserves_high,Comfortable reserves above 6 months of imports (value: 15.1),Réserves confortables au-dessus de 6 mois d'importations (valeur : 15.1),15.0571337423468
SAU,Unemployment,opportunity,unemp_low,Low unemployment below 5 % (value: 3.5),Chômage faible sous 5 % (valeur : 3.5),3.518
SAU,Youth unemployment,opportunity,youth_unemp_low,Youth unemployment below 12 % (value: 11.5),Chômage des jeunes sous 12 % (valeur : 11.5),11.502
SDN,Control of corruption,risk,corruption_high,Control of corruption below -0.5,"Maîtrise de la corruption inférieure à -0,5",-1.557432
SDN,Current account,risk,ca_deficit,Current account deficit beyond -5 % of GDP,Déficit courant au-delà de -5 % du PIB,-8.59889945377348
SDN,Debt service,opportunity,debt_service_low,Low debt service at 3.0% of exports: manageable external burden.,Service de la dette faible a 3.0% des exports : charge externe maitrisee.,2.95622866961282
SDN,GDP growth,risk,recession,Negative GDP growth,Croissance du PIB négative,-13.9643378424022
SDN,Gen gov debt,risk,debt_high,Government debt above 90 % of GDP,Dette publique au-dessus de 90 % du PIB,169.078
SDN,Gini,opportunity,gini_low,"Low inequality (Gini below 35, value: 34.2)","Inégalités contenues (Gini sous 35, valeur : 34.2)",34.2
SDN,Inflation,risk,inflation_high,Inflation above 10 %,Inflation supérieure à 10 %,138.80846024176
SDN,Political stability,risk,political_instability,Political stability below -1.0,"Stabilité politique inférieure à -1,0",-2.0243381
SDN,Regulatory quality,risk,regulatory_quality_low,Regulatory quality below -0.5,"Qualité réglementaire inférieure à -0,5",-1.6627093
SDN,Reserves,risk,reserves_low,Reserves below 3 months of imports,Réserves sous 3 mois d'importations,0.186146721322576
SDN,Rule of law,risk,rule_of_law_low,Rule of law below -0.5,"État de droit inférieur à -0,5",-1.7733122
SEN,Current account,risk,ca_deficit,Current account deficit beyond -5 % of GDP,Déficit courant au-delà de -5 % du PIB,-19.7803402658787
SEN,Debt service,risk,debt_service_high,Debt service above 25 % of exports,Service de la dette au-dessus de 25 % des exports,41.8050042927812
SEN,External debt,risk,external_debt_high,External debt above 60% of GNI,Dette externe supérieure à 60 % du RNB,150.690164087921
SEN,Fiscal balance,risk,fiscal_deficit,Fiscal deficit beyond -5 % of GDP,Déficit budgétaire au-delà de -5 % du PIB,-6.7
SEN,GDP growth,opportunity,growth_strong,Strong GDP growth above 5 % (value: 6.5),Croissance du PIB soutenue au-dessus de 5 % (valeur : 6.5),6.46220577412338
SEN,Gen gov debt,risk,debt_high,Government debt above 90 % of GDP,Dette publique au-dessus de 90 % du PIB,132.287
SEN,Inflation,opportunity,inflation_low,Inflation contained below 3 % (value: 0.8),Inflation contenue sous 3 % (valeur : 0.8),0.804503298792438
SEN,Unemployment,opportunity,unemp_low,Low unemployment below 5 % (value: 2.8),Chômage faible sous 5 % (valeur : 2.8),2.788
SEN,Youth unemployment,opportunity,youth_unemp_low,Youth unemployment below 12 % (value: 3.9),Chômage des jeunes sous 12 % (valeur : 3.9),3.868
SGP,Control of corruption,opportunity,corruption_ctrl_high,Good control of corruption above 0.5 (value: 1.97),"Maîtrise de la corruption solide au-dessus de 0,5 (valeur : 1.97)",1.9681221
SGP,Current account,opportunity,ca_surplus,Current account surplus above 3 % of GDP (value: 17.2),Excédent courant au-dessus de 3 % du PIB (valeur : 17.2),17.2010838902762
SGP,Fiscal balance,opportunity,fiscal_surplus,Fiscal surplus of 3.3% of GDP: comfortable policy space.,Excédent budgétaire de 3.3% du PIB : marge de manœuvre confortable.,3.313
SGP,GDP growth,opportunity,growth_strong,Strong GDP growth above 5 % (value: 5.3),Croissance du PIB soutenue au-dessus de 5 % (valeur : 5.3),5.3435120192366
SGP,Gen gov debt,risk,debt_high,Government debt above 90 % of GDP,Dette publique au-dessus de 90 % du PIB,171.936
SGP,Inflation,opportunity,inflation_low,Inflation contained below 3 % (value: 2.4),Inflation contenue sous 3 % (valeur : 2.4),2.38951123595017
SGP,Political stability,opportunity,pol_stability_high,Strong political stability above 0.5 (value: 1.23),"Stabilité politique solide au-dessus de 0,5 (valeur : 1.23)",1.2318778
SGP,Regulatory quality,opportunity,regulatory_quality_high,Strong regulatory quality at 2.13: sound policy framework.,Qualité réglementaire solide à 2.13 : cadre politique sain.,2.1321197
SGP,Rule of law,opportunity,rule_of_law_high,Strong rule of law at 1.43: solid legal enforcement.,État de droit solide à 1.43 : application du droit fiable.,1.4311756
SGP,Unemployment,opportunity,unemp_low,Low unemployment below 5 % (value: 2.7),Chômage faible sous 5 % (valeur : 2.7),2.737
SGP,Youth unemployment,opportunity,youth_unemp_low,Youth unemployment below 12 % (value: 6.3),Chômage des jeunes sous 12 % (valeur : 6.3),6.329
SLB,Debt service,opportunity,debt_service_low,Low debt service at 3.6% of exports: manageable external burden.,Service de la dette faible a 3.6% des exports : charge externe maitrisee.,3.64953428942652
SLB,Gen gov debt,opportunity,debt_low,Government debt below 40 % of GDP (value: 29.9),Dette publique sous 40 % du PIB (valeur : 29.9),29.888
SLB,Political stability,opportunity,pol_stability_high,Strong political stability above 0.5 (value: 0.75),"Stabilité politique solide au-dessus de 0,5 (valeur : 0.75)",0.7499116
SLB,Regulatory quality,risk,regulatory_quality_low,Regulatory quality below -0.5,"Qualité réglementaire inférieure à -0,5",-0.888466
SLB,Reserves,opportunity,reserves_high,Comfortable reserves above 6 months of imports (value: 8.9),Réserves confortables au-dessus de 6 mois d'importations (valeur : 8.9),8.90361515684531
SLB,Unemployment,opportunity,unemp_low,Low unemployment below 5 % (value: 1.4),Chômage faible sous 5 % (valeur : 1.4),1.444
SLB,Youth unemployment,opportunity,youth_unemp_low,Youth unemployment below 12 % (value: 2.9),Chômage des jeunes sous 12 % (valeur : 2.9),2.936
SLE,Control of corruption,risk,corruption_high,Control of corruption below -0.5,"Maîtrise de la corruption inférieure à -0,5",-0.7022841999999999
SLE,Current account,risk,ca_deficit,Current account deficit beyond -5 % of GDP,Déficit courant au-delà de -5 % du PIB,-14.1190349801252
SLE,Debt service,opportunity,debt_service_low,Low debt service at 9.5% of exports: manageable external burden.,Service de la dette faible a 9.5% des exports : charge externe maitrisee.,9.48961863622453
SLE,Inflation,risk,inflation_high,Inflation above 10 %,Inflation supérieure à 10 %,28.6337500014115
SLE,Regulatory quality,risk,regulatory_quality_low,Regulatory quality below -0.5,"Qualité réglementaire inférieure à -0,5",-1.0589263
SLE,Reserves,risk,reserves_low,Reserves below 3 months of imports,Réserves sous 3 mois d'importations,1.75019478536003
SLE,Rule of law,risk,rule_of_law_low,Rule of law below -0.5,"État de droit inférieur à -0,5",-0.8385756
SLE,Unemployment,opportunity,unemp_low,Low unemployment below 5 % (value: 3.1),Chômage faible sous 5 % (valeur : 3.1),3.103
SLE,Youth unemployment,opportunity,youth_unemp_low,Youth unemployment below 12 % (value: 3.5),Chômage des jeunes sous 12 % (valeur : 3.5),3.492
SLV,Control of corruption,risk,corruption_high,Control of corruption below -0.5,"Maîtrise de la corruption inférieure à -0,5",-0.5765882
SLV,Debt service,risk,debt_service_high,Debt service above 25 % of exports,Service de la dette au-dessus de 25 % des exports,96.1985835283834
SLV,External debt,risk,external_debt_high,External debt above 60% of GNI,Dette externe supérieure à 60 % du RNB,75.3936981274716
SLV,Fiscal balance,opportunity,fiscal_surplus,Fiscal surplus of 2.9% of GDP: comfortable policy space.,Excédent budgétaire de 2.9% du PIB : marge de manœuvre confortable.,2.866
SLV,Inflation,opportunity,inflation_low,Inflation contained below 3 % (value: 0.9),Inflation contenue sous 3 % (valeur : 0.9),0.853782292567288
SLV,Reserves,risk,reserves_low,Reserves below 3 months of imports,Réserves sous 3 mois d'importations,2.09691941243475
SLV,Rule of law,risk,rule_of_law_low,Rule of law below -0.5,"État de droit inférieur à -0,5",-0.7133592
SLV,Unemployment,opportunity,unemp_low,Low unemployment below 5 % (value: 3.3),Chômage faible sous 5 % (valeur : 3.3),3.261
SLV,Youth unemployment,opportunity,youth_unemp_low,Youth unemployment below 12 % (value: 7.5),Chômage des jeunes sous 12 % (valeur : 7.5),7.507
SMR,Control of corruption,opportunity,corruption_ctrl_high,Good control of corruption above 0.5 (value: 1.18),"Maîtrise de la corruption solide au-dessus de 0,5 (valeur : 1.18)",1.1762344
SMR,Current account,opportunity,ca_surplus,Current account surplus above 3 % of GDP (value: 22.0),Excédent courant au-dessus de 3 % du PIB (valeur : 22.0),21.9928746171677
SMR,Fiscal balance,opportunity,fiscal_surplus,Fiscal surplus of 1.4% of GDP: comfortable policy space.,Excédent budgétaire de 1.4% du PIB : marge de manœuvre confortable.,1.404
SMR,Inflation,opportunity,inflation_low,Inflation contained below 3 % (value: 1.2),Inflation contenue sous 3 % (valeur : 1.2),1.24216507945569
SMR,Political stability,opportunity,pol_stability_high,Strong political stability above 0.5 (value: 1.37),"Stabilité politique solide au-dessus de 0,5 (valeur : 1.37)",1.3727102
SMR,Regulatory quality,opportunity,regulatory_quality_high,Strong regulatory quality at 0.87: sound policy framework.,Qualité réglementaire solide à 0.87 : cadre politique sain.,0.8653379999999999
SMR,Reserves,risk,reserves_low,Reserves below 3 months of imports,Réserves sous 3 mois d'importations,2.89106960627006
SMR,Rule of law,opportunity,rule_of_law_high,Strong rule of law at 1.16: solid legal enforcement.,État de droit solide à 1.16 : application du droit fiable.,1.1578037
SOM,Control of corruption,risk,corruption_high,Control of corruption below -0.5,"Maîtrise de la corruption inférieure à -0,5",-1.7861136
SOM,Debt service,opportunity,debt_service_low,Low debt service at 0.7% of exports: manageable external burden.,Service de la dette faible a 0.7% des exports : charge externe maitrisee.,0.656954967744848
SOM,External debt,opportunity,ext_debt_low,External debt below 30 % of GNI (value: 14.9),Dette externe sous 30 % du RNB (valeur : 14.9),14.918886594174
SOM,Political stability,risk,political_instability,Political stability below -1.0,"Stabilité politique inférieure à -1,0",-2.2630781
SOM,Regulatory quality,risk,regulatory_quality_low,Regulatory quality below -0.5,"Qualité réglementaire inférieure à -0,5",-1.7276053999999998
SOM,Rule of law,risk,rule_of_law_low,Rule of law below -0.5,"État de droit inférieur à -0,5",-2.2054496
SOM,Unemployment,risk,unemp_high,Unemployment above 15 %,Chômage supérieur à 15 %,18.949
SOM,Youth unemployment,risk,youth_unemp_high,Youth unemployment above 25 %,Chômage des jeunes supérieur à 25 %,34.137
SRB,Control of corruption,risk,corruption_high,Control of corruption below -0.5,"Maîtrise de la corruption inférieure à -0,5",-0.5608287
SRB,External debt,risk,external_debt_high,External debt above 60% of GNI,Dette externe supérieure à 60 % du RNB,62.2479849600107
SRB,Gini,opportunity,gini_low,"Low inequality (Gini below 35, value: 32.8)","Inégalités contenues (Gini sous 35, valeur : 32.8)",32.8
SRB,Reserves,opportunity,reserves_high,Comfortable reserves above 6 months of imports (value: 6.2),Réserves confortables au-dessus de 6 mois d'importations (valeur : 6.2),6.16544065521643
SSD,Control of corruption,risk,corruption_high,Control of corruption below -0.5,"Maîtrise de la corruption inférieure à -0,5",-2.0647211
SSD,Current account,opportunity,ca_surplus,Current account surplus above 3 % of GDP (value: 7.9),Excédent courant au-dessus de 3 % du PIB (valeur : 7.9),7.93071136684621
SSD,Fiscal balance,opportunity,fiscal_surplus,Fiscal surplus of 1.4% of GDP: comfortable policy space.,Excédent budgétaire de 1.4% du PIB : marge de manœuvre confortable.,1.368
SSD,GDP growth,risk,recession,Negative GDP growth,Croissance du PIB négative,-10.7933646271143
SSD,Inflation,risk,inflation_high,Inflation above 10 %,Inflation supérieure à 10 %,91.4408220769046
SSD,Political stability,risk,political_instability,Political stability below -1.0,"Stabilité politique inférieure à -1,0",-1.4896464
SSD,Regulatory quality,risk,regulatory_quality_low,Regulatory quality below -0.5,"Qualité réglementaire inférieure à -0,5",-1.9295182
SSD,Reserves,risk,reserves_low,Reserves below 3 months of imports,Réserves sous 3 mois d'importations,0.174842702708606
SSD,Rule of law,risk,rule_of_law_low,Rule of law below -0.5,"État de droit inférieur à -0,5",-1.9725304
STP,Current account,opportunity,ca_surplus,Current account surplus above 3 % of GDP (value: 5.0),Excédent courant au-dessus de 3 % du PIB (valeur : 5.0),5.03043269730864
STP,Debt service,opportunity,debt_service_low,Low debt service at 3.5% of exports: manageable external burden.,Service de la dette faible a 3.5% des exports : charge externe maitrisee.,3.46661642028318
STP,Fiscal balance,opportunity,fiscal_surplus,Fiscal surplus of 1.9% of GDP: comfortable policy space.,Excédent budgétaire de 1.9% du PIB : marge de manœuvre confortable.,1.893
STP,Inflation,risk,inflation_high,Inflation above 10 %,Inflation supérieure à 10 %,14.3519273571008
STP,Regulatory quality,risk,regulatory_quality_low,Regulatory quality below -0.5,"Qualité réglementaire inférieure à -0,5",-0.8908801
STP,Youth unemployment,opportunity,youth_unemp_low,Youth unemployment below 12 % (value: 8.6),Chômage des jeunes sous 12 % (valeur : 8.6),8.56
SUR,Current account,risk,ca_deficit,Current account deficit beyond -5 % of GDP,Déficit courant au-delà de -5 % du PIB,-12.9141824158348
SUR,Debt service,risk,debt_service_high,Debt service above 25 % of exports,Service de la dette au-dessus de 25 % des exports,25.0550344798659
SUR,External debt,risk,external_debt_high,External debt above 60% of GNI,Dette externe supérieure à 60 % du RNB,129.106954223841
SUR,Inflation,risk,inflation_high,Inflation above 10 %,Inflation supérieure à 10 %,16.2296159130279
SUR,Regulatory quality,risk,regulatory_quality_low,Regulatory quality below -0.5,"Qualité réglementaire inférieure à -0,5",-0.9187439
SVK,Gini,opportunity,gini_low,"Low inequality (Gini below 35, value: 23.8)","Inégalités contenues (Gini sous 35, valeur : 23.8)",23.8
SVK,Inflation,opportunity,inflation_low,Inflation contained below 3 % (value: 2.8),Inflation contenue sous 3 % (valeur : 2.8),2.75760909424279
SVK,Political stability,opportunity,pol_stability_high,Strong political stability above 0.5 (value: 0.63),"Stabilité politique solide au-dessus de 0,5 (valeur : 0.63)",0.6343713
SVK,Reserves,risk,reserves_low,Reserves below 3 months of imports,Réserves sous 3 mois d'importations,1.32312096154927
SVK,Rule of law,opportunity,rule_of_law_high,Strong rule of law at 0.56: solid legal enforcement.,État de droit solide à 0.56 : application du droit fiable.,0.5609434999999999
SVN,Control of corruption,opportunity,corruption_ctrl_high,Good control of corruption above 0.5 (value: 0.67),"Maîtrise de la corruption solide au-dessus de 0,5 (valeur : 0.67)",0.6743494999999999
SVN,Current account,opportunity,ca_surplus,Current account surplus above 3 % of GDP (value: 4.6),Excédent courant au-dessus de 3 % du PIB (valeur : 4.6),4.55086826535469
SVN,Gini,opportunity,gini_low,"Low inequality (Gini below 35, value: 24.7)","Inégalités contenues (Gini sous 35, valeur : 24.7)",24.7
SVN,Inflation,opportunity,inflation_low,Inflation contained below 3 % (value: 2.0),Inflation contenue sous 3 % (valeur : 2.0),1.96562656432505
SVN,Political stability,opportunity,pol_stability_high,Strong political stability above 0.5 (value: 0.72),"Stabilité politique solide au-dessus de 0,5 (valeur : 0.72)",0.7209146
SVN,Regulatory quality,opportunity,regulatory_quality_high,Strong regulatory quality at 0.80: sound policy framework.,Qualité réglementaire solide à 0.80 : cadre politique sain.,0.798163
SVN,Reserves,risk,reserves_low,Reserves below 3 months of imports,Réserves sous 3 mois d'importations,0.575018705968048
SVN,Rule of law,opportunity,rule_of_law_high,Strong rule of law at 0.98: solid legal enforcement.,État de droit solide à 0.98 : application du droit fiable.,0.9786636
SVN,Unemployment,opportunity,unemp_low,Low unemployment below 5 % (value: 3.7),Chômage faible sous 5 % (valeur : 3.7),3.7
SVN,Youth unemployment,opportunity,youth_unemp_low,Youth unemployment below 12 % (value: 11.0),Chômage des jeunes sous 12 % (valeur : 11.0),11.029
SWE,Control of corruption,opportunity,corruption_ctrl_high,Good control of corruption above 0.5 (value: 1.97),"Maîtrise de la corruption solide au-dessus de 0,5 (valeur : 1.97)",1.9676051
SWE,Current account,opportunity,ca_surplus,Current account surplus above 3 % of GDP (value: 6.9),Excédent courant au-dessus de 3 % du PIB (valeur : 6.9),6.85769099152574
SWE,Gen gov debt,opportunity,debt_low,Government debt below 40 % of GDP (value: 36.7),Dette publique sous 40 % du PIB (valeur : 36.7),36.731
SWE,Gini,opportunity,gini_low,"Low inequality (Gini below 35, value: 29.3)","Inégalités contenues (Gini sous 35, valeur : 29.3)",29.3
SWE,Inflation,opportunity,inflation_low,Inflation contained below 3 % (value: 2.8),Inflation contenue sous 3 % (valeur : 2.8),2.83581658224034
SWE,Political stability,opportunity,pol_stability_high,Strong political stability above 0.5 (value: 0.60),"Stabilité politique solide au-dessus de 0,5 (valeur : 0.60)",0.6035115
SWE,Regulatory quality,opportunity,regulatory_quality_high,Strong regulatory quality at 1.67: sound policy framework.,Qualité réglementaire solide à 1.67 : cadre politique sain.,1.6717940999999998
SWE,Reserves,risk,reserves_low,Reserves below 3 months of imports,Réserves sous 3 mois d'importations,1.96248348090941
SWE,Rule of law,opportunity,rule_of_law_high,Strong rule of law at 1.73: solid legal enforcement.,État de droit solide à 1.73 : application du droit fiable.,1.7267013
SWZ,Control of corruption,risk,corruption_high,Control of corruption below -0.5,"Maîtrise de la corruption inférieure à -0,5",-0.7851598999999999
SWZ,Debt service,opportunity,debt_service_low,Low debt service at 7.7% of exports: manageable external burden.,Service de la dette faible a 7.7% des exports : charge externe maitrisee.,7.67187532890614
SWZ,External debt,opportunity,ext_debt_low,External debt below 30 % of GNI (value: 27.8),Dette externe sous 30 % du RNB (valeur : 27.8),27.7538826674716
SWZ,Fiscal balance,risk,fiscal_deficit,Fiscal deficit beyond -5 % of GDP,Déficit budgétaire au-delà de -5 % du PIB,-6.876
SWZ,Gini,risk,gini_high,Gini index above 45 (high inequality),Indice de Gini supérieur à 45 (inégalités élevées),54.6
SWZ,Inflation,opportunity,inflation_low,Inflation contained below 3 % (value: 2.6),Inflation contenue sous 3 % (valeur : 2.6),2.59801620311077
SWZ,Regulatory quality,risk,regulatory_quality_low,Regulatory quality below -0.5,"Qualité réglementaire inférieure à -0,5",-0.6380015
SWZ,Reserves,risk,reserves_low,Reserves below 3 months of imports,Réserves sous 3 mois d'importations,1.90984811575409
SWZ,Rule of law,risk,rule_of_law_low,Rule of law below -0.5,"État de droit inférieur à -0,5",-0.8598771
SWZ,Unemployment,risk,unemp_high,Unemployment above 15 %,Chômage supérieur à 15 %,34.643
SWZ,Youth unemployment,risk,youth_unemp_high,Youth unemployment above 25 %,Chômage des jeunes supérieur à 25 %,54.37
SXM,Current account,risk,ca_deficit,Current account deficit beyond -5 % of GDP,Déficit courant au-delà de -5 % du PIB,-6.91912615417334
SXM,Inflation,opportunity,inflation_low,Inflation contained below 3 % (value: 2.2),Inflation contenue sous 3 % (valeur : 2.2),2.19201010962985
SYC,Control of corruption,opportunity,corruption_ctrl_high,Good control of corruption above 0.5 (value: 1.23),"Maîtrise de la corruption solide au-dessus de 0,5 (valeur : 1.23)",1.2307957
SYC,Current account,risk,ca_deficit,Current account deficit beyond -5 % of GDP,Déficit courant au-delà de -5 % du PIB,-7.45776668599764
SYC,Gini,opportunity,gini_low,"Low inequality (Gini below 35, value: 32.1)","Inégalités contenues (Gini sous 35, valeur : 32.1)",32.1
SYC,Inflation,opportunity,inflation_low,Inflation contained below 3 % (value: 0.3),Inflation contenue sous 3 % (valeur : 0.3),0.311726050919668
SYC,Political stability,opportunity,pol_stability_high,Strong political stability above 0.5 (value: 0.92),"Stabilité politique solide au-dessus de 0,5 (valeur : 0.92)",0.9164443
SYC,Rule of law,opportunity,rule_of_law_high,Strong rule of law at 0.60: solid legal enforcement.,État de droit solide à 0.60 : application du droit fiable.,0.5968987
SYR,Control of corruption,risk,corruption_high,Control of corruption below -0.5,"Maîtrise de la corruption inférieure à -0,5",-1.7016270999999998
SYR,Debt service,opportunity,debt_service_low,Low debt service at 3.1% of exports: manageable external burden.,Service de la dette faible a 3.1% des exports : charge externe maitrisee.,3.14853680210342
SYR,External debt,opportunity,ext_debt_low,External debt below 30 % of GNI (value: 25.3),Dette externe sous 30 % du RNB (valeur : 25.3),25.331886032781
SYR,Fiscal balance,risk,fiscal_deficit,Fiscal deficit beyond -5 % of GDP,Déficit budgétaire au-delà de -5 % du PIB,-7.79
SYR,GDP growth,risk,recession,Negative GDP growth,Croissance du PIB négative,-0.20247264200475
SYR,Gen gov debt,opportunity,debt_low,Government debt below 40 % of GDP (value: 30.0),Dette publique sous 40 % du PIB (valeur : 30.0),30.024
SYR,Gini,opportunity,gini_low,"Low inequality (Gini below 35, value: 26.4)","Inégalités contenues (Gini sous 35, valeur : 26.4)",26.4
SYR,Inflation,risk,inflation_high,Inflation above 10 %,Inflation supérieure à 10 %,13.4175653228571
SYR,Political stability,risk,political_instability,Political stability below -1.0,"Stabilité politique inférieure à -1,0",-2.3680716
SYR,Regulatory quality,risk,regulatory_quality_low,Regulatory quality below -0.5,"Qualité réglementaire inférieure à -0,5",-1.9974752
SYR,Reserves,opportunity,reserves_high,Comfortable reserves above 6 months of imports (value: 11.7),Réserves confortables au-dessus de 6 mois d'importations (valeur : 11.7),11.659017145464
SYR,Rule of law,risk,rule_of_law_low,Rule of law below -0.5,"État de droit inférieur à -0,5",-1.813556
SYR,Youth unemployment,risk,youth_unemp_high,Youth unemployment above 25 %,Chômage des jeunes supérieur à 25 %,32.768
TCA,Current account,opportunity,ca_surplus,Current account surplus above 3 % of GDP (value: 13.1),Excédent courant au-dessus de 3 % du PIB (valeur : 13.1),13.1404891042622
TCA,GDP growth,opportunity,growth_strong,Strong GDP growth above 5 % (value: 5.6),Croissance du PIB soutenue au-dessus de 5 % (valeur : 5.6),5.63682517443362
TCD,Control of corruption,risk,corruption_high,Control of corruption below -0.5,"Maîtrise de la corruption inférieure à -0,5",-1.3909131
TCD,Debt service,opportunity,debt_service_low,Low debt service at 8.5% of exports: manageable external burden.,Service de la dette faible a 8.5% des exports : charge externe maitrisee.,8.45544809695257
TCD,External debt,opportunity,ext_debt_low,External debt below 30 % of GNI (value: 16.4),Dette externe sous 30 % du RNB (valeur : 16.4),16.4018679739397
TCD,Gen gov debt,opportunity,debt_low,Government debt below 40 % of GDP (value: 29.9),Dette publique sous 40 % du PIB (valeur : 29.9),29.947
TCD,Political stability,risk,political_instability,Political stability below -1.0,"Stabilité politique inférieure à -1,0",-1.7789322
TCD,Regulatory quality,risk,regulatory_quality_low,Regulatory quality below -0.5,"Qualité réglementaire inférieure à -0,5",-1.0878516
TCD,Rule of law,risk,rule_of_law_low,Rule of law below -0.5,"État de droit inférieur à -0,5",-1.4446512
TCD,Unemployment,opportunity,unemp_low,Low unemployment below 5 % (value: 1.1),Chômage faible sous 5 % (valeur : 1.1),1.053
TCD,Youth unemployment,opportunity,youth_unemp_low,Youth unemployment below 12 % (value: 1.5),Chômage des jeunes sous 12 % (valeur : 1.5),1.452
TGO,Control of corruption,risk,corruption_high,Control of corruption below -0.5,"Maîtrise de la corruption inférieure à -0,5",-0.6633762
TGO,Fiscal balance,risk,fiscal_deficit,Fiscal deficit beyond -5 % of GDP,Déficit budgétaire au-delà de -5 % du PIB,-6.699
TGO,GDP growth,opportunity,growth_strong,Strong GDP growth above 5 % (value: 6.5),Croissance du PIB soutenue au-dessus de 5 % (valeur : 6.5),6.52651376797853
TGO,Inflation,opportunity,inflation_low,Inflation contained below 3 % (value: 2.9),Inflation contenue sous 3 % (valeur : 2.9),2.86262074089801
TGO,Rule of law,risk,rule_of_law_low,Rule of law below -0.5,"État de droit inférieur à -0,5",-0.632861
TGO,Unemployment,opportunity,unemp_low,Low unemployment below 5 % (value: 1.9),Chômage faible sous 5 % (valeur : 1.9),1.948
TGO,Youth unemployment,opportunity,youth_unemp_low,Youth unemployment below 12 % (value: 3.4),Chômage des jeunes sous 12 % (valeur : 3.4),3.4
THA,Control of corruption,risk,corruption_high,Control of corruption below -0.5,"Maîtrise de la corruption inférieure à -0,5",-0.5273456
THA,Debt service,opportunity,debt_service_low,Low debt service at 4.7% of exports: manageable external burden.,Service de la dette faible a 4.7% des exports : charge externe maitrisee.,4.68434832872581
THA,Gini,opportunity,gini_low,"Low inequality (Gini below 35, value: 33.3)","Inégalités contenues (Gini sous 35, valeur : 33.3)",33.3
THA,Inflation,opportunity,inflation_low,Inflation contained below 3 % (value: -0.1),Inflation contenue sous 3 % (valeur : -0.1),-0.133634356480207
THA,Reserves,opportunity,reserves_high,Comfortable reserves above 6 months of imports (value: 7.5),Réserves confortables au-dessus de 6 mois d'importations (valeur : 7.5),7.45570372627258
THA,Unemployment,opportunity,unemp_low,Low unemployment below 5 % (value: 0.8),Chômage faible sous 5 % (valeur : 0.8),0.781
THA,Youth unemployment,opportunity,youth_unemp_low,Youth unemployment below 12 % (value: 4.7),Chômage des jeunes sous 12 % (valeur : 4.7),4.66
TJK,Control of corruption,risk,corruption_high,Control of corruption below -0.5,"Maîtrise de la corruption inférieure à -0,5",-1.2177564
TJK,Current account,opportunity,ca_surplus,Current account surplus above 3 % of GDP (value: 6.4),Excédent courant au-dessus de 3 % du PIB (valeur : 6.4),6.42365269759176
TJK,Debt service,opportunity,debt_service_low,Low debt service at 8.8% of exports: manageable external burden.,Service de la dette faible a 8.8% des exports : charge externe maitrisee.,8.76434765128616
TJK,GDP growth,opportunity,growth_strong,Strong GDP growth above 5 % (value: 8.4),Croissance du PIB soutenue au-dessus de 5 % (valeur : 8.4),8.39999980983981
TJK,Gen gov debt,opportunity,debt_low,Government debt below 40 % of GDP (value: 21.9),Dette publique sous 40 % du PIB (valeur : 21.9),21.876
TJK,Regulatory quality,risk,regulatory_quality_low,Regulatory quality below -0.5,"Qualité réglementaire inférieure à -0,5",-0.7588053
TJK,Rule of law,risk,rule_of_law_low,Rule of law below -0.5,"État de droit inférieur à -0,5",-1.1837339999999998
TKM,Control of corruption,risk,corruption_high,Control of corruption below -0.5,"Maîtrise de la corruption inférieure à -0,5",-1.297223
TKM,External debt,opportunity,ext_debt_low,External debt below 30 % of GNI (value: 5.2),Dette externe sous 30 % du RNB (valeur : 5.2),5.21661265138383
TKM,GDP growth,opportunity,growth_strong,Strong GDP growth above 5 % (value: 6.3),Croissance du PIB soutenue au-dessus de 5 % (valeur : 6.3),6.28235647996578
TKM,Gen gov debt,opportunity,debt_low,Government debt below 40 % of GDP (value: 3.7),Dette publique sous 40 % du PIB (valeur : 3.7),3.688
TKM,Regulatory quality,risk,regulatory_quality_low,Regulatory quality below -0.5,"Qualité réglementaire inférieure à -0,5",-1.6885626
TKM,Rule of law,risk,rule_of_law_low,Rule of law below -0.5,"État de droit inférieur à -0,5",-1.4131747
TKM,Unemployment,opportunity,unemp_low,Low unemployment below 5 % (value: 4.0),Chômage faible sous 5 % (valeur : 4.0),4.02
TKM,Youth unemployment,opportunity,youth_unemp_low,Youth unemployment below 12 % (value: 9.3),Chômage des jeunes sous 12 % (valeur : 9.3),9.335
TLS,Current account,risk,ca_deficit,Current account deficit beyond -5 % of GDP,Déficit courant au-delà de -5 % du PIB,-32.4155608501652
TLS,Debt service,opportunity,debt_service_low,Low debt service at 3.1% of exports: manageable external burden.,Service de la dette faible a 3.1% des exports : charge externe maitrisee.,3.0506475146491
TLS,External debt,opportunity,ext_debt_low,External debt below 30 % of GNI (value: 15.4),Dette externe sous 30 % du RNB (valeur : 15.4),15.365375502464
TLS,Fiscal balance,risk,fiscal_deficit,Fiscal deficit beyond -5 % of GDP,Déficit budgétaire au-delà de -5 % du PIB,-51.591
TLS,GDP growth,risk,recession,Negative GDP growth,Croissance du PIB négative,-9.10069289810397
TLS,Gen gov debt,opportunity,debt_low,Government debt below 40 % of GDP (value: 14.9),Dette publique sous 40 % du PIB (valeur : 14.9),14.94
TLS,Gini,opportunity,gini_low,"Low inequality (Gini below 35, value: 28.7)","Inégalités contenues (Gini sous 35, valeur : 28.7)",28.7
TLS,Inflation,opportunity,inflation_low,Inflation contained below 3 % (value: 2.1),Inflation contenue sous 3 % (valeur : 2.1),2.06284153005468
TLS,Political stability,opportunity,pol_stability_high,Strong political stability above 0.5 (value: 0.53),"Stabilité politique solide au-dessus de 0,5 (valeur : 0.53)",0.5260108
TLS,Regulatory quality,risk,regulatory_quality_low,Regulatory quality below -0.5,"Qualité réglementaire inférieure à -0,5",-0.7342447
TLS,Rule of law,risk,rule_of_law_low,Rule of law below -0.5,"État de droit inférieur à -0,5",-0.6256762
TLS,Unemployment,opportunity,unemp_low,Low unemployment below 5 % (value: 1.5),Chômage faible sous 5 % (valeur : 1.5),1.523
TLS,Youth unemployment,opportunity,youth_unemp_low,Youth unemployment below 12 % (value: 3.2),Chômage des jeunes sous 12 % (valeur : 3.2),3.22
TON,Current account,risk,ca_deficit,Current account deficit beyond -5 % of GDP,Déficit courant au-delà de -5 % du PIB,-6.7207014341911
TON,Fiscal balance,risk,fiscal_deficit,Fiscal deficit beyond -5 % of GDP,Déficit budgétaire au-delà de -5 % du PIB,-7.995
TON,Gen gov debt,opportunity,debt_low,Government debt below 40 % of GDP (value: 34.4),Dette publique sous 40 % du PIB (valeur : 34.4),34.417
TON,Gini,opportunity,gini_low,"Low inequality (Gini below 35, value: 27.1)","Inégalités contenues (Gini sous 35, valeur : 27.1)",27.1
TON,Political stability,opportunity,pol_stability_high,Strong political stability above 0.5 (value: 1.25),"Stabilité politique solide au-dessus de 0,5 (valeur : 1.25)",1.254781
TON,Reserves,opportunity,reserves_high,Comfortable reserves above 6 months of imports (value: 10.8),Réserves confortables au-dessus de 6 mois d'importations (valeur : 10.8),10.7961837711338
TON,Rule of law,opportunity,rule_of_law_high,Strong rule of law at 0.69: solid legal enforcement.,État de droit solide à 0.69 : application du droit fiable.,0.6942664
TON,Unemployment,opportunity,unemp_low,Low unemployment below 5 % (value: 2.0),Chômage faible sous 5 % (valeur : 2.0),1.965
TON,Youth unemployment,opportunity,youth_unemp_low,Youth unemployment below 12 % (value: 6.0),Chômage des jeunes sous 12 % (valeur : 6.0),5.986
TTO,Inflation,opportunity,inflation_low,Inflation contained below 3 % (value: 0.5),Inflation contenue sous 3 % (valeur : 0.5),0.526884625776839
TTO,Unemployment,opportunity,unemp_low,Low unemployment below 5 % (value: 3.3),Chômage faible sous 5 % (valeur : 3.3),3.318
TTO,Youth unemployment,opportunity,youth_unemp_low,Youth unemployment below 12 % (value: 8.0),Chômage des jeunes sous 12 % (valeur : 8.0),7.993
TUN,Debt service,risk,debt_service_high,Debt service above 25 % of exports,Service de la dette au-dessus de 25 % des exports,26.1724095779931
TUN,External debt,risk,external_debt_high,External debt above 60% of GNI,Dette externe supérieure à 60 % du RNB,77.6996062630389
TUN,Fiscal balance,risk,fiscal_deficit,Fiscal deficit beyond -5 % of GDP,Déficit budgétaire au-delà de -5 % du PIB,-7.404
TUN,Gini,opportunity,gini_low,"Low inequality (Gini below 35, value: 33.7)","Inégalités contenues (Gini sous 35, valeur : 33.7)",33.7
TUN,Unemployment,risk,unemp_high,Unemployment above 15 %,Chômage supérieur à 15 %,15.341
TUN,Youth unemployment,risk,youth_unemp_high,Youth unemployment above 25 %,Chômage des jeunes supérieur à 25 %,38.85
TUR,Control of corruption,risk,corruption_high,Control of corruption below -0.5,"Maîtrise de la corruption inférieure à -0,5",-0.5632153
TUR,Gen gov debt,opportunity,debt_low,Government debt below 40 % of GDP (value: 25.5),Dette publique sous 40 % du PIB (valeur : 25.5),25.537
TUR,Inflation,risk,inflation_high,Inflation above 10 %,Inflation supérieure à 10 %,58.5064507300342
TUR,Rule of law,risk,rule_of_law_low,Rule of law below -0.5,"État de droit inférieur à -0,5",-0.8434149
TUV,Control of corruption,opportunity,corruption_ctrl_high,Good control of corruption above 0.5 (value: 0.58),"Maîtrise de la corruption solide au-dessus de 0,5 (valeur : 0.58)",0.5787137
TUV,Current account,opportunity,ca_surplus,Current account surplus above 3 % of GDP (value: 40.0),Excédent courant au-dessus de 3 % du PIB (valeur : 40.0),40.0273112804596
TUV,Gen gov debt,opportunity,debt_low,Government debt below 40 % of GDP (value: 3.2),Dette publique sous 40 % du PIB (valeur : 3.2),3.236
TUV,Inflation,opportunity,inflation_low,Inflation contained below 3 % (value: 0.5),Inflation contenue sous 3 % (valeur : 0.5),0.5005807431527
TUV,Political stability,opportunity,pol_stability_high,Strong political stability above 0.5 (value: 1.47),"Stabilité politique solide au-dessus de 0,5 (valeur : 1.47)",1.4687654
TUV,Rule of law,opportunity,rule_of_law_high,Strong rule of law at 1.22: solid legal enforcement.,État de droit solide à 1.22 : application du droit fiable.,1.2213564
TZA,GDP growth,opportunity,growth_strong,Strong GDP growth above 5 % (value: 5.5),Croissance du PIB soutenue au-dessus de 5 % (valeur : 5.5),5.5263138305945
TZA,Regulatory quality,risk,regulatory_quality_low,Regulatory quality below -0.5,"Qualité réglementaire inférieure à -0,5",-0.5353705
TZA,Rule of law,risk,rule_of_law_low,Rule of law below -0.5,"État de droit inférieur à -0,5",-0.5194228
TZA,Unemployment,opportunity,unemp_low,Low unemployment below 5 % (value: 1.6),Chômage faible sous 5 % (valeur : 1.6),1.557
TZA,Youth unemployment,opportunity,youth_unemp_low,Youth unemployment below 12 % (value: 2.3),Chômage des jeunes sous 12 % (valeur : 2.3),2.334
UGA,Control of corruption,risk,corruption_high,Control of corruption below -0.5,"Maîtrise de la corruption inférieure à -0,5",-1.1161673
UGA,Current account,risk,ca_deficit,Current account deficit beyond -5 % of GDP,Déficit courant au-delà de -5 % du PIB,-7.7752151397725
UGA,GDP growth,opportunity,growth_strong,Strong GDP growth above 5 % (value: 6.1),Croissance du PIB soutenue au-dessus de 5 % (valeur : 6.1),6.05558075875589
UGA,Political stability,risk,political_instability,Political stability below -1.0,"Stabilité politique inférieure à -1,0",-1.0222248
UGA,Regulatory quality,risk,regulatory_quality_low,Regulatory quality below -0.5,"Qualité réglementaire inférieure à -0,5",-0.5242817
UGA,Reserves,risk,reserves_low,Reserves below 3 months of imports,Réserves sous 3 mois d'importations,2.39405352978069
UGA,Rule of law,risk,rule_of_law_low,Rule of law below -0.5,"État de droit inférieur à -0,5",-0.7385242999999999
UGA,Unemployment,opportunity,unemp_low,Low unemployment below 5 % (value: 2.7),Chômage faible sous 5 % (valeur : 2.7),2.74
UGA,Youth unemployment,opportunity,youth_unemp_low,Youth unemployment below 12 % (value: 4.2),Chômage des jeunes sous 12 % (valeur : 4.2),4.211
UKR,Control of corruption,risk,corruption_high,Control of corruption below -0.5,"Maîtrise de la corruption inférieure à -0,5",-0.6723809
UKR,Current account,risk,ca_deficit,Current account deficit beyond -5 % of GDP,Déficit courant au-delà de -5 % du PIB,-7.96032840013333
UKR,External debt,risk,external_debt_high,External debt above 60% of GNI,Dette externe supérieure à 60 % du RNB,101.267169892573
UKR,Fiscal balance,risk,fiscal_deficit,Fiscal deficit beyond -5 % of GDP,Déficit budgétaire au-delà de -5 % du PIB,-18.441
UKR,Gen gov debt,risk,debt_high,Government debt above 90 % of GDP,Dette publique au-dessus de 90 % du PIB,122.563
UKR,Gini,opportunity,gini_low,"Low inequality (Gini below 35, value: 25.6)","Inégalités contenues (Gini sous 35, valeur : 25.6)",25.6
UKR,Rule of law,risk,rule_of_law_low,Rule of law below -0.5,"État de droit inférieur à -0,5",-0.7201989999999999
URY,Control of corruption,opportunity,corruption_ctrl_high,Good control of corruption above 0.5 (value: 1.53),"Maîtrise de la corruption solide au-dessus de 0,5 (valeur : 1.53)",1.5279256
URY,Political stability,opportunity,pol_stability_high,Strong political stability above 0.5 (value: 1.28),"Stabilité politique solide au-dessus de 0,5 (valeur : 1.28)",1.2779376
URY,Regulatory quality,opportunity,regulatory_quality_high,Strong regulatory quality at 0.65: sound policy framework.,Qualité réglementaire solide à 0.65 : cadre politique sain.,0.6468484
URY,Reserves,opportunity,reserves_high,Comfortable reserves above 6 months of imports (value: 7.7),Réserves confortables au-dessus de 6 mois d'importations (valeur : 7.7),7.72408741763541
URY,Rule of law,opportunity,rule_of_law_high,Strong rule of law at 0.95: solid legal enforcement.,État de droit solide à 0.95 : application du droit fiable.,0.9505638
URY,Youth unemployment,risk,youth_unemp_high,Youth unemployment above 25 %,Chômage des jeunes supérieur à 25 %,26.698
USA,Control of corruption,opportunity,corruption_ctrl_high,Good control of corruption above 0.5 (value: 1.09),"Maîtrise de la corruption solide au-dessus de 0,5 (valeur : 1.09)",1.0868913999999998
USA,Fiscal balance,risk,fiscal_deficit,Fiscal deficit beyond -5 % of GDP,Déficit budgétaire au-delà de -5 % du PIB,-7.502
USA,Gen gov debt,risk,debt_high,Government debt above 90 % of GDP,Dette publique au-dessus de 90 % du PIB,125.781
USA,Inflation,opportunity,inflation_low,Inflation contained below 3 % (value: 2.9),Inflation contenue sous 3 % (valeur : 2.9),2.94952520485207
USA,Regulatory quality,opportunity,regulatory_quality_high,Strong regulatory quality at 1.35: sound policy framework.,Qualité réglementaire solide à 1.35 : cadre politique sain.,1.3524886
USA,Reserves,risk,reserves_low,Reserves below 3 months of imports,Réserves sous 3 mois d'importations,1.94032058064747
USA,Rule of law,opportunity,rule_of_law_high,Strong rule of law at 0.96: solid legal enforcement.,État de droit solide à 0.96 : application du droit fiable.,0.9617896
USA,Unemployment,opportunity,unemp_low,Low unemployment below 5 % (value: 4.0),Chômage faible sous 5 % (valeur : 4.0),4.022
USA,Youth unemployment,opportunity,youth_unemp_low,Youth unemployment below 12 % (value: 8.9),Chômage des jeunes sous 12 % (valeur : 8.9),8.92
UZB,Control of corruption,risk,corruption_high,Control of corruption below -0.5,"Maîtrise de la corruption inférieure à -0,5",-0.7543162999999999
UZB,Debt service,risk,debt_service_high,Debt service above 25 % of exports,Service de la dette au-dessus de 25 % des exports,36.0356756918143
UZB,External debt,risk,external_debt_high,External debt above 60% of GNI,Dette externe supérieure à 60 % du RNB,60.5136500172241
UZB,GDP growth,opportunity,growth_strong,Strong GDP growth above 5 % (value: 6.7),Croissance du PIB soutenue au-dessus de 5 % (valeur : 6.7),6.67618796188361
UZB,Gen gov debt,opportunity,debt_low,Government debt below 40 % of GDP (value: 27.5),Dette publique sous 40 % du PIB (valeur : 27.5),27.48
UZB,Gini,opportunity,gini_low,"Low inequality (Gini below 35, value: 34.6)","Inégalités contenues (Gini sous 35, valeur : 34.6)",34.6
UZB,Regulatory quality,risk,regulatory_quality_low,Regulatory quality below -0.5,"Qualité réglementaire inférieure à -0,5",-0.5267442999999999
UZB,Reserves,opportunity,reserves_high,Comfortable reserves above 6 months of imports (value: 10.3),Réserves confortables au-dessus de 6 mois d'importations (valeur : 10.3),10.2786124689433
UZB,Rule of law,risk,rule_of_law_low,Rule of law below -0.5,"État de droit inférieur à -0,5",-0.6562072
UZB,Unemployment,opportunity,unemp_low,Low unemployment below 5 % (value: 4.4),Chômage faible sous 5 % (valeur : 4.4),4.439
UZB,Youth unemployment,opportunity,youth_unemp_low,Youth unemployment below 12 % (value: 10.8),Chômage des jeunes sous 12 % (valeur : 10.8),10.809
VCT,Control of corruption,opportunity,corruption_ctrl_high,Good control of corruption above 0.5 (value: 0.71),"Maîtrise de la corruption solide au-dessus de 0,5 (valeur : 0.71)",0.7050204
VCT,Current account,risk,ca_deficit,Current account deficit beyond -5 % of GDP,Déficit courant au-delà de -5 % du PIB,-16.6849459746644
VCT,External debt,risk,external_debt_high,External debt above 60% of GNI,Dette externe supérieure à 60 % du RNB,70.3081457169149
VCT,Fiscal balance,risk,fiscal_deficit,Fiscal deficit beyond -5 % of GDP,Déficit budgétaire au-delà de -5 % du PIB,-12.101
VCT,Gen gov debt,risk,debt_high,Government debt above 90 % of GDP,Dette publique au-dessus de 90 % du PIB,120.073
VCT,Political stability,opportunity,pol_stability_high,Strong political stability above 0.5 (value: 1.04),"Stabilité politique solide au-dessus de 0,5 (valeur : 1.04)",1.0382485
VCT,Rule of law,opportunity,rule_of_law_high,Strong rule of law at 0.50: solid legal enforcement.,État de droit solide à 0.50 : application du droit fiable.,0.5017878
VCT,Unemployment,risk,unemp_high,Unemployment above 15 %,Chômage supérieur à 15 %,18.093
VCT,Youth unemployment,risk,youth_unemp_high,Youth unemployment above 25 %,Chômage des jeunes supérieur à 25 %,41.851
VEN,Control of corruption,risk,corruption_high,Control of corruption below -0.5,"Maîtrise de la corruption inférieure à -0,5",-1.5871400999999998
VEN,Fiscal balance,risk,fiscal_deficit,Fiscal deficit beyond -5 % of GDP,Déficit budgétaire au-delà de -5 % du PIB,-5.059
VEN,GDP growth,opportunity,growth_strong,Strong GDP growth above 5 % (value: 5.5),Croissance du PIB soutenue au-dessus de 5 % (valeur : 5.5),5.52486187845305
VEN,Gen gov debt,risk,debt_high,Government debt above 90 % of GDP,Dette publique au-dessus de 90 % du PIB,308.747
VEN,Inflation,risk,inflation_high,Inflation above 10 %,Inflation supérieure à 10 %,254.948534781816
VEN,Political stability,risk,political_instability,Political stability below -1.0,"Stabilité politique inférieure à -1,0",-1.7404242
VEN,Regulatory quality,risk,regulatory_quality_low,Regulatory quality below -0.5,"Qualité réglementaire inférieure à -0,5",-1.9030732
VEN,Rule of law,risk,rule_of_law_low,Rule of law below -0.5,"État de droit inférieur à -0,5",-2.2042741
VEN,Youth unemployment,opportunity,youth_unemp_low,Youth unemployment below 12 % (value: 10.2),Chômage des jeunes sous 12 % (valeur : 10.2),10.158
VIR,GDP growth,risk,recession,Negative GDP growth,Croissance du PIB négative,-1.31123206333498
VIR,Political stability,opportunity,pol_stability_high,Strong political stability above 0.5 (value: 0.97),"Stabilité politique solide au-dessus de 0,5 (valeur : 0.97)",0.9711697
VIR,Regulatory quality,opportunity,regulatory_quality_high,Strong regulatory quality at 1.10: sound policy framework.,Qualité réglementaire solide à 1.10 : cadre politique sain.,1.1021324
VIR,Rule of law,opportunity,rule_of_law_high,Strong rule of law at 0.58: solid legal enforcement.,État de droit solide à 0.58 : application du droit fiable.,0.5793123
VNM,Current account,opportunity,ca_surplus,Current account surplus above 3 % of GDP (value: 6.3),Excédent courant au-dessus de 3 % du PIB (valeur : 6.3),6.33496605552948
VNM,Debt service,opportunity,debt_service_low,Low debt service at 7.7% of exports: manageable external burden.,Service de la dette faible a 7.7% des exports : charge externe maitrisee.,7.72326875884348
VNM,External debt,opportunity,ext_debt_low,External debt below 30 % of GNI (value: 28.8),Dette externe sous 30 % du RNB (valeur : 28.8),28.849298110528
VNM,GDP growth,opportunity,growth_strong,Strong GDP growth above 5 % (value: 7.0),Croissance du PIB soutenue au-dessus de 5 % (valeur : 7.0),7.03955197123018
VNM,Gen gov debt,opportunity,debt_low,Government debt below 40 % of GDP (value: 29.8),Dette publique sous 40 % du PIB (valeur : 29.8),29.79
VNM,Reserves,risk,reserves_low,Reserves below 3 months of imports,Réserves sous 3 mois d'importations,2.37407817485002
VNM,Unemployment,opportunity,unemp_low,Low unemployment below 5 % (value: 1.6),Chômage faible sous 5 % (valeur : 1.6),1.602
VNM,Youth unemployment,opportunity,youth_unemp_low,Youth unemployment below 12 % (value: 6.3),Chômage des jeunes sous 12 % (valeur : 6.3),6.338
VUT,Current account,risk,ca_deficit,Current account deficit beyond -5 % of GDP,Déficit courant au-delà de -5 % du PIB,-11.0631077358069
VUT,Debt service,opportunity,debt_service_low,Low debt service at 6.5% of exports: manageable external burden.,Service de la dette faible a 6.5% des exports : charge externe maitrisee.,6.51419321696924
VUT,Gini,opportunity,gini_low,"Low inequality (Gini below 35, value: 32.3)","Inégalités contenues (Gini sous 35, valeur : 32.3)",32.3
VUT,Inflation,opportunity,inflation_low,Inflation contained below 3 % (value: 1.1),Inflation contenue sous 3 % (valeur : 1.1),1.14348948727412
VUT,Political stability,opportunity,pol_stability_high,Strong political stability above 0.5 (value: 0.96),"Stabilité politique solide au-dessus de 0,5 (valeur : 0.96)",0.960216
VUT,Reserves,opportunity,reserves_high,Comfortable reserves above 6 months of imports (value: 12.6),Réserves confortables au-dessus de 6 mois d'importations (valeur : 12.6),12.5956510649933
VUT,Unemployment,opportunity,unemp_low,Low unemployment below 5 % (value: 5.0),Chômage faible sous 5 % (valeur : 5.0),4.988
VUT,Youth unemployment,opportunity,youth_unemp_low,Youth unemployment below 12 % (value: 11.4),Chômage des jeunes sous 12 % (valeur : 11.4),11.425
WSM,Control of corruption,opportunity,corruption_ctrl_high,Good control of corruption above 0.5 (value: 0.69),"Maîtrise de la corruption solide au-dessus de 0,5 (valeur : 0.69)",0.6881136999999999
WSM,Current account,opportunity,ca_surplus,Current account surplus above 3 % of GDP (value: 5.6),Excédent courant au-dessus de 3 % du PIB (valeur : 5.6),5.57726960445615
WSM,Debt service,opportunity,debt_service_low,Low debt service at 9.0% of exports: manageable external burden.,Service de la dette faible a 9.0% des exports : charge externe maitrisee.,9.03364082612879
WSM,Gen gov debt,opportunity,debt_low,Government debt below 40 % of GDP (value: 17.1),Dette publique sous 40 % du PIB (valeur : 17.1),17.147
WSM,Inflation,opportunity,inflation_low,Inflation contained below 3 % (value: 2.2),Inflation contenue sous 3 % (valeur : 2.2),2.17245530514377
WSM,Political stability,opportunity,pol_stability_high,Strong political stability above 0.5 (value: 1.24),"Stabilité politique solide au-dessus de 0,5 (valeur : 1.24)",1.2384522999999998
WSM,Reserves,opportunity,reserves_high,Comfortable reserves above 6 months of imports (value: 9.8),Réserves confortables au-dessus de 6 mois d'importations (valeur : 9.8),9.8192343242678
WSM,Rule of law,opportunity,rule_of_law_high,Strong rule of law at 1.05: solid legal enforcement.,État de droit solide à 1.05 : application du droit fiable.,1.0529651
WSM,Unemployment,opportunity,unemp_low,Low unemployment below 5 % (value: 4.9),Chômage faible sous 5 % (valeur : 4.9),4.855
XKX,Current account,risk,ca_deficit,Current account deficit beyond -5 % of GDP,Déficit courant au-delà de -5 % du PIB,-8.32346840516263
XKX,Debt service,opportunity,debt_service_low,Low debt service at 7.2% of exports: manageable external burden.,Service de la dette faible a 7.2% des exports : charge externe maitrisee.,7.17785302460144
XKX,Inflation,opportunity,inflation_low,Inflation contained below 3 % (value: 1.6),Inflation contenue sous 3 % (valeur : 1.6),1.61944994559476
XKX,Reserves,risk,reserves_low,Reserves below 3 months of imports,Réserves sous 3 mois d'importations,1.87547512717992
YEM,Control of corruption,risk,corruption_high,Control of corruption below -0.5,"Maîtrise de la corruption inférieure à -0,5",-1.6358785999999998
YEM,Current account,risk,ca_deficit,Current account deficit beyond -5 % of GDP,Déficit courant au-delà de -5 % du PIB,-7.72391058547812
YEM,Political stability,risk,political_instability,Political stability below -1.0,"Stabilité politique inférieure à -1,0",-2.7505641
YEM,Regulatory quality,risk,regulatory_quality_low,Regulatory quality below -0.5,"Qualité réglementaire inférieure à -0,5",-1.5841279
YEM,Reserves,risk,reserves_low,Reserves below 3 months of imports,Réserves sous 3 mois d'importations,1.21909636539694
YEM,Rule of law,risk,rule_of_law_low,Rule of law below -0.5,"État de droit inférieur à -0,5",-1.9015896
YEM,Unemployment,risk,unemp_high,Unemployment above 15 %,Chômage supérieur à 15 %,16.97
YEM,Youth unemployment,risk,youth_unemp_high,Youth unemployment above 25 %,Chômage des jeunes supérieur à 25 %,32.172
ZAF,Gini,risk,gini_high,Gini index above 45 (high inequality),Indice de Gini supérieur à 45 (inégalités élevées),54.1
ZAF,Unemployment,risk,unemp_high,Unemployment above 15 %,Chômage supérieur à 15 %,32.279
ZAF,Youth unemployment,risk,youth_unemp_high,Youth unemployment above 25 %,Chômage des jeunes supérieur à 25 %,60.248
ZMB,Debt service,risk,debt_service_high,Debt service above 25 % of exports,Service de la dette au-dessus de 25 % des exports,30.4672923466845
ZMB,External debt,risk,external_debt_high,External debt above 60% of GNI,Dette externe supérieure à 60 % du RNB,114.201909487961
ZMB,Fiscal balance,opportunity,fiscal_surplus,Fiscal surplus of 1.4% of GDP: comfortable policy space.,Excédent budgétaire de 1.4% du PIB : marge de manœuvre confortable.,1.442
ZMB,Gini,risk,gini_high,Gini index above 45 (high inequality),Indice de Gini supérieur à 45 (inégalités élevées),51.5
ZMB,Inflation,risk,inflation_high,Inflation above 10 %,Inflation supérieure à 10 %,14.9856262747939
ZMB,Rule of law,risk,rule_of_law_low,Rule of law below -0.5,"État de droit inférieur à -0,5",-0.5611771
ZMB,Youth unemployment,opportunity,youth_unemp_low,Youth unemployment below 12 % (value: 10.1),Chômage des jeunes sous 12 % (valeur : 10.1),10.102
ZWE,Control of corruption,risk,corruption_high,Control of corruption below -0.5,"Maîtrise de la corruption inférieure à -0,5",-1.2516542
ZWE,Gini,risk,gini_high,Gini index above 45 (high inequality),Indice de Gini supérieur à 45 (inégalités élevées),50.3
ZWE,Inflation,risk,inflation_high,Inflation above 10 %,Inflation supérieure à 10 %,104.705170628667
ZWE,Political stability,risk,political_instability,Political stability below -1.0,"Stabilité politique inférieure à -1,0",-1.0172382
ZWE,Regulatory quality,risk,regulatory_quality_low,Regulatory quality below -0.5,"Qualité réglementaire inférieure à -0,5",-1.1780738
ZWE,Reserves,risk,reserves_low,Reserves below 3 months of imports,Réserves sous 3 mois d'importations,0.519375437391082
ZWE,Rule of law,risk,rule_of_law_low,Rule of law below -0.5,"État de droit inférieur à -0,5",-1.2109412
